,State,Centraluniversities[4],Stateuniversities[6],Deemeduniversities[9],Privateuniversities[11],Total
0,Andhra Pradesh (list),3,27,4,6,40
1,Arunachal Pradesh (list),1,1,1,8,11
2,Assam (list),2,18,1,6,27
3,Bihar (list),4,18,1,7,30
4,Chandigarh (list),0,1,1,0,2
5,Chhattisgarh (list),1,16,0,15,32
6,Delhi (list),7,11,9,0,27
7,Goa (list),0,1,0,0,1
8,Gujarat (list),1,29,3,55,88
9,Haryana (list),1,20,6,25,52
10,Himachal Pradesh (list),1,7,0,17,25
11,Jammu and Kashmir (list),2,9,1,0,12
12,Jharkhand (list),1,11,1,16,29
13,Karnataka (list),1,34,14,24,73
14,Kerala (list),1,15,3,0,19
15,Ladakh (list),0[note 1],1,0,0,1
16,Madhya Pradesh (list),2,24,1,40,67
17,Maharashtra (list),1,25,21,22,69
18,Manipur (list),3,3,0,5,11
19,Meghalaya (list),1,0,0,9,10
20,Mizoram (list),1,0,0,1,2
21,Nagaland (list),1,0,0,4,5
22,Odisha (list),1,22,3,8,34
23,Puducherry (list),1,1,1,0,3
24,Punjab (list),1,14,2,18,35
25,Rajasthan (list),1,26,8,52,87
26,Sikkim (list),1,2,0,8,11
27,Tamil Nadu (list),2,22,28,4,56
28,Telangana (list),3,17,3,5,28
29,Tripura (list),1,1,0,1,3
30,Uttar Pradesh (list),6,32[note 2],9,33,80
31,Uttarakhand (list),1,11,3,21,36
32,West Bengal (list),1,36,2,11,50
33,Total,54,455,126,421,1056
