index,STATE/UT,DISTRICT,Year,Murder,Rape,Kidnapping and Abduction,Dacoity,Robbery,Arson,Hurt,Protection of Civil Rights (PCR) Act,Prevention of atrocities (POA) Act,Other Crimes Against SCs
0,Andhra Pradesh,ADILABAD,2013,2,3,0,0,0,0,8,0,15,42
1,Andhra Pradesh,ANANTAPUR,2013,2,4,0,0,0,0,37,0,18,56
2,Andhra Pradesh,CHITTOOR,2013,2,3,0,0,0,1,27,0,9,55
3,Andhra Pradesh,CUDDAPAH,2013,2,2,0,0,0,0,78,0,22,72
4,Andhra Pradesh,CYBERABAD,2013,2,8,0,0,0,0,15,1,61,58
5,Andhra Pradesh,EAST GODAVARI,2013,3,9,0,0,0,1,26,2,28,112
6,Andhra Pradesh,GUNTAKAL RLY.,2013,0,0,0,0,0,0,0,0,0,0
7,Andhra Pradesh,GUNTUR,2013,4,4,3,0,0,0,44,0,14,75
8,Andhra Pradesh,GUNTUR URBAN,2013,2,3,0,0,0,0,9,0,10,30
9,Andhra Pradesh,HYDERABAD CITY,2013,1,3,0,0,0,0,0,0,110,2
10,Andhra Pradesh,KARIMNAGAR,2013,4,9,0,0,0,1,23,1,70,113
11,Andhra Pradesh,KHAMMAM,2013,0,5,0,0,0,0,4,0,4,34
12,Andhra Pradesh,KRISHNA,2013,2,1,0,0,0,0,21,0,8,45
13,Andhra Pradesh,KURNOOL,2013,4,2,0,3,0,0,51,0,45,129
14,Andhra Pradesh,MAHABOOBNAGAR,2013,5,9,0,0,0,0,39,0,15,91
15,Andhra Pradesh,MEDAK,2013,1,5,0,0,0,0,6,0,13,41
16,Andhra Pradesh,NALGONDA,2013,4,4,0,0,0,0,25,1,38,135
17,Andhra Pradesh,NELLORE,2013,2,3,0,0,0,1,34,0,34,89
18,Andhra Pradesh,NIZAMABAD,2013,1,1,0,0,1,0,7,0,10,52
19,Andhra Pradesh,PRAKASHAM,2013,3,1,2,0,0,0,60,0,15,76
20,Andhra Pradesh,RAJAHMUNDRY,2013,0,0,1,0,0,0,12,0,4,37
21,Andhra Pradesh,RANGA REDDY,2013,3,4,0,0,0,0,8,0,8,30
22,Andhra Pradesh,SECUNDERABAD RLY.,2013,0,0,0,0,0,0,0,0,0,0
23,Andhra Pradesh,SRIKAKULAM,2013,0,2,2,0,0,1,33,0,38,25
24,Andhra Pradesh,TIRUPATHI URBAN,2013,1,0,1,0,0,0,6,1,9,50
25,Andhra Pradesh,VIJAYAWADA CITY,2013,2,0,0,0,0,0,5,0,8,39
26,Andhra Pradesh,VIJAYAWADA RLY.,2013,0,0,0,0,0,0,0,0,0,0
27,Andhra Pradesh,VISAKHA RURAL,2013,0,2,0,0,0,0,20,0,11,26
28,Andhra Pradesh,VISAKHAPATNAM,2013,0,4,1,0,0,0,16,0,11,27
29,Andhra Pradesh,VIZIANAGARAM,2013,0,9,0,0,0,0,7,0,25,62
30,Andhra Pradesh,WARANGAL,2013,0,1,0,0,0,0,16,0,10,0
31,Andhra Pradesh,WARANGAL URBAN,2013,0,2,0,0,0,0,1,0,14,21
32,Andhra Pradesh,WEST GODAVARI,2013,1,11,4,0,0,0,21,0,18,96
33,Andhra Pradesh,TOTAL,2013,53,114,14,3,1,5,659,6,695,1720
34,Arunachal Pradesh,ANJAW,2013,0,0,0,0,0,0,0,0,0,0
35,Arunachal Pradesh,CHANGLANG,2013,0,0,0,0,0,0,0,0,0,0
36,Arunachal Pradesh,DIBANG VALLEY,2013,0,0,0,0,0,0,0,0,0,0
37,Arunachal Pradesh,K/KUMEY,2013,0,0,0,0,0,0,0,0,0,0
38,Arunachal Pradesh,KAMENG EAST,2013,0,0,0,0,0,0,0,0,0,0
39,Arunachal Pradesh,KAMENG WEST,2013,0,0,0,0,0,0,0,0,0,0
40,Arunachal Pradesh,LOHIT,2013,0,0,0,0,0,0,0,0,0,0
41,Arunachal Pradesh,LONGDING,2013,0,0,0,0,0,0,0,0,0,0
42,Arunachal Pradesh,PAPUM PARE,2013,0,0,0,0,0,0,0,0,0,0
43,Arunachal Pradesh,RURAL,2013,0,0,0,0,0,0,0,0,0,0
44,Arunachal Pradesh,SIANG EAST,2013,0,0,0,0,0,0,0,0,0,0
45,Arunachal Pradesh,SIANG UPPER,2013,0,0,0,0,0,0,0,0,0,0
46,Arunachal Pradesh,SIANG WEST,2013,0,0,0,0,0,0,0,0,0,0
47,Arunachal Pradesh,SUBANSIRI LOWER,2013,0,0,0,0,0,0,0,0,0,0
48,Arunachal Pradesh,SUBANSIRI UPPER,2013,0,0,0,0,0,0,0,0,0,0
49,Arunachal Pradesh,TAWANG,2013,0,0,0,0,0,0,0,0,0,0
50,Arunachal Pradesh,TIRAP,2013,0,0,0,0,0,0,0,0,0,0
51,Arunachal Pradesh,UPPER DIBANG VALLEY,2013,0,0,0,0,0,0,0,0,0,0
52,Arunachal Pradesh,TOTAL,2013,0,0,0,0,0,0,0,0,0,0
53,Assam,BAKSA,2013,0,0,0,0,0,0,0,0,0,0
54,Assam,BARPETA,2013,0,0,0,0,0,0,0,0,0,0
55,Assam,BIEO,2013,0,0,0,0,0,0,0,0,0,0
56,Assam,BONGAIGAON,2013,0,0,0,0,0,0,0,0,0,0
57,Assam,C.I.D.,2013,0,0,0,0,0,0,0,0,0,0
58,Assam,CACHAR,2013,0,0,0,0,0,0,0,0,1,1
59,Assam,CHIRANG,2013,0,0,0,0,0,0,0,0,0,0
60,Assam,DARRANG,2013,0,0,0,0,0,0,0,0,0,0
61,Assam,DHEMAJI,2013,0,0,0,0,0,0,0,0,0,0
62,Assam,DHUBRI,2013,0,0,0,0,0,0,0,0,0,0
63,Assam,DIBRUGARH,2013,0,0,0,0,0,0,0,0,0,0
64,Assam,G.R.P.,2013,0,0,0,0,0,0,0,0,0,0
65,Assam,GOALPARA,2013,0,0,0,0,0,0,0,0,0,0
66,Assam,GOLAGHAT,2013,0,0,0,0,0,0,0,0,0,0
67,Assam,GUWAHATI CITY,2013,0,0,0,0,0,0,0,0,0,0
68,Assam,HAILAKANDI,2013,0,0,0,0,0,0,0,0,0,0
69,Assam,HAMREN,2013,0,0,0,0,0,0,0,0,0,0
70,Assam,JORHAT,2013,0,0,0,0,0,0,0,0,2,2
71,Assam,KAMRUP,2013,0,0,0,0,0,0,0,0,0,0
72,Assam,KARBI ANGLONG,2013,0,0,0,0,0,0,0,0,0,0
73,Assam,KARIMGANJ,2013,0,0,0,0,0,0,0,0,0,0
74,Assam,KOKRAJHAR,2013,0,0,0,0,0,0,0,0,0,0
75,Assam,LAKHIMPUR,2013,0,0,0,0,0,0,0,0,0,0
76,Assam,MORIGAON,2013,0,0,0,0,0,0,0,0,0,0
77,Assam,N.C.HILLS,2013,0,0,0,0,0,0,0,0,0,0
78,Assam,NAGAON,2013,0,0,0,0,0,0,0,0,1,1
79,Assam,NALBARI,2013,0,0,0,0,0,0,0,0,0,0
80,Assam,R.P.O.,2013,0,0,0,0,0,0,0,0,0,0
81,Assam,SIBSAGAR,2013,0,0,0,0,0,0,0,0,0,0
82,Assam,SONITPUR,2013,0,0,0,0,0,0,0,0,0,0
83,Assam,STF,2013,0,0,0,0,0,0,0,0,0,0
84,Assam,TINSUKIA,2013,0,0,0,0,0,0,0,0,0,0
85,Assam,UDALGURI,2013,0,0,0,0,0,0,0,0,0,0
86,Assam,TOTAL,2013,0,0,0,0,0,0,0,0,4,4
87,Bihar,ARARIA,2013,0,0,0,0,0,2,1,0,70,0
88,Bihar,ARWAL,2013,1,0,0,0,0,0,0,0,29,29
89,Bihar,AURANGABAD,2013,2,3,0,0,0,5,2,0,173,0
90,Bihar,BAGAHA,2013,0,1,0,0,0,3,0,0,105,0
91,Bihar,BANKA,2013,2,1,0,0,0,0,0,0,106,0
92,Bihar,BEGUSARAI,2013,0,0,0,0,0,0,2,0,311,0
93,Bihar,BETTIAH,2013,0,1,0,0,0,3,11,0,138,30
94,Bihar,BHABHUA,2013,2,1,0,0,0,1,26,0,51,0
95,Bihar,BHAGALPUR,2013,1,4,0,0,0,1,4,0,132,0
96,Bihar,BHOJPUR,2013,3,3,0,0,0,0,20,0,163,19
97,Bihar,BUXAR,2013,1,1,0,0,1,1,7,0,85,0
98,Bihar,DARBHANGA,2013,1,1,4,0,0,3,1,0,134,138
99,Bihar,GAYA,2013,0,0,0,0,0,0,0,0,372,0
100,Bihar,GOPALGANJ,2013,0,0,0,0,0,0,0,0,143,26
101,Bihar,JAMALPUR RLY.,2013,0,0,0,0,0,0,0,0,1,0
102,Bihar,JAMUI,2013,0,0,0,0,0,0,0,0,130,0
103,Bihar,JEHANABAD,2013,2,0,2,0,0,3,4,0,98,0
104,Bihar,KATIHAR,2013,0,0,0,0,0,1,1,0,58,0
105,Bihar,KATIHAR RLY.,2013,0,0,0,0,0,0,0,0,5,0
106,Bihar,KHAGARIA,2013,1,1,0,0,0,4,2,0,150,0
107,Bihar,KISHANGANJ,2013,1,3,0,0,0,0,23,0,31,0
108,Bihar,LAKHISARAI,2013,0,2,0,0,0,0,1,0,49,0
109,Bihar,MADHEPURA,2013,2,9,0,0,0,3,0,0,111,0
110,Bihar,MADHUBANI,2013,2,5,0,0,0,1,2,0,156,0
111,Bihar,MOTIHARI,2013,2,0,0,0,0,2,28,0,312,0
112,Bihar,MUNGER,2013,0,1,0,0,0,0,0,0,56,0
113,Bihar,MUZAFFARPUR,2013,0,0,0,0,0,0,0,0,352,0
114,Bihar,MUZAFFARPUR RLY.,2013,0,1,0,0,0,0,0,0,0,0
115,Bihar,NALANDA,2013,3,3,0,0,0,0,4,0,195,0
116,Bihar,NAUGACHIA,2013,0,3,0,0,0,0,0,0,44,0
117,Bihar,NAWADAH,2013,1,3,0,0,0,6,13,0,124,0
118,Bihar,PATNA,2013,5,6,0,0,0,1,6,0,357,339
119,Bihar,PATNA RLY.,2013,0,0,0,0,0,0,0,0,4,1
120,Bihar,PURNEA,2013,0,0,0,0,0,0,106,0,106,0
121,Bihar,ROHTAS,2013,0,4,0,0,0,1,0,0,183,0
122,Bihar,SAHARSA,2013,0,0,0,0,0,1,2,0,195,0
123,Bihar,SAMASTIPUR,2013,0,2,2,0,0,0,0,0,200,7
124,Bihar,SARAN,2013,12,1,0,0,0,6,8,0,170,1
125,Bihar,SHEIKHPURA,2013,1,1,1,0,0,0,1,0,68,0
126,Bihar,SHEOHAR,2013,0,0,0,0,0,0,0,0,13,19
127,Bihar,SITAMARHI,2013,1,3,0,0,0,0,0,0,130,0
128,Bihar,SIWAN,2013,1,3,0,0,0,0,0,0,131,0
129,Bihar,SUPAUL,2013,2,0,0,0,0,0,3,0,63,0
130,Bihar,VAISHALI,2013,1,1,0,0,0,3,11,0,80,60
131,Bihar,TOTAL,2013,50,68,9,0,1,51,289,0,5584,669
132,Chhattisgarh,BALOD,2013,0,0,0,0,0,0,0,0,1,4
133,Chhattisgarh,BALODA BAZAR,2013,1,2,1,0,0,0,3,0,0,8
134,Chhattisgarh,BALRAMPUR,2013,0,1,0,0,0,0,1,0,0,1
135,Chhattisgarh,BEMETARA,2013,0,1,0,0,0,0,0,0,0,1
136,Chhattisgarh,BILASPUR,2013,1,5,0,0,0,1,3,0,0,19
137,Chhattisgarh,BIZAPUR,2013,0,0,0,0,0,0,0,0,0,1
138,Chhattisgarh,DANTEWARA,2013,0,1,0,0,0,0,0,0,0,0
139,Chhattisgarh,DHAMTARI,2013,0,0,0,0,0,0,0,0,0,2
140,Chhattisgarh,DURG,2013,0,3,0,0,0,0,1,0,0,4
141,Chhattisgarh,GARIYABAND,2013,1,2,0,0,0,0,0,0,0,3
142,Chhattisgarh,GRP RAIPUR,2013,0,0,0,0,0,0,0,0,0,0
143,Chhattisgarh,JAGDALPUR,2013,0,0,0,0,0,0,0,0,0,0
144,Chhattisgarh,JANJGIR,2013,1,7,1,0,0,0,27,0,0,25
145,Chhattisgarh,JASHPUR,2013,0,0,0,0,0,0,1,0,0,2
146,Chhattisgarh,KABIRDHAM,2013,0,1,1,0,0,0,2,0,0,4
147,Chhattisgarh,KANKER,2013,0,3,0,0,0,0,0,0,0,2
148,Chhattisgarh,KONDAGAON,2013,0,0,0,0,0,0,0,0,0,0
149,Chhattisgarh,KORBA,2013,1,6,0,0,0,0,3,0,0,11
150,Chhattisgarh,KORIYA,2013,1,5,0,0,0,0,4,0,0,4
151,Chhattisgarh,MAHASAMUND,2013,0,2,0,0,0,0,0,0,0,5
152,Chhattisgarh,MUNGELI,2013,0,2,1,0,0,0,0,0,0,2
153,Chhattisgarh,NARAYANPUR,2013,0,0,0,0,0,0,0,0,0,1
154,Chhattisgarh,RAIGARH,2013,0,4,2,0,0,0,1,0,0,10
155,Chhattisgarh,RAIPUR,2013,0,3,0,0,1,0,0,0,0,3
156,Chhattisgarh,RAJNANDGAON,2013,0,2,0,0,0,0,0,0,1,5
157,Chhattisgarh,SARGUJA,2013,0,2,0,0,0,0,0,0,0,0
158,Chhattisgarh,SUKMA,2013,0,0,0,0,0,0,1,0,0,0
159,Chhattisgarh,SURAJPUR,2013,0,3,1,0,0,0,2,0,0,4
160,Chhattisgarh,TOTAL,2013,6,55,7,0,1,1,49,0,2,121
161,Goa,NORTH GOA,2013,0,0,0,0,0,0,0,1,2,8
162,Goa,SOUTH GOA,2013,0,0,0,0,0,0,0,0,1,0
163,Goa,TOTAL,2013,0,0,0,0,0,0,0,1,3,8
164,Gujarat,AHMEDABAD COMMR.,2013,3,11,14,2,2,0,11,0,23,22
165,Gujarat,AHMEDABAD RURAL,2013,1,2,1,1,0,0,29,0,43,30
166,Gujarat,AHWA-DANG,2013,0,0,0,0,0,0,0,0,0,0
167,Gujarat,AMRELI,2013,1,1,0,0,0,0,3,0,2,19
168,Gujarat,ANAND,2013,1,1,2,0,0,3,3,0,21,18
169,Gujarat,BHARUCH,2013,0,0,1,0,0,0,1,0,11,2
170,Gujarat,BHAVNAGAR,2013,0,3,4,1,3,1,8,0,15,51
171,Gujarat,CID CRIME,2013,0,0,0,0,0,0,0,0,0,0
172,Gujarat,DAHOD,2013,0,1,0,0,0,0,0,0,2,0
173,Gujarat,GANDHINAGAR,2013,0,4,4,0,1,0,22,0,0,8
174,Gujarat,HIMATNAGAR,2013,0,2,1,0,0,1,2,0,0,20
175,Gujarat,JAMNAGAR,2013,1,5,1,1,0,0,12,0,4,17
176,Gujarat,JUNAGADH,2013,3,3,0,0,2,1,15,0,8,74
177,Gujarat,KHEDA NORTH,2013,1,1,2,0,0,1,3,0,14,10
178,Gujarat,KUTCH (EAST(G)),2013,5,6,3,1,0,0,6,0,3,43
179,Gujarat,KUTCH (WEST-BHUJ),2013,0,2,0,0,1,0,5,0,2,18
180,Gujarat,MEHSANA,2013,2,7,1,2,0,1,46,0,0,10
181,Gujarat,NARMADA,2013,0,0,0,0,0,0,0,0,0,0
182,Gujarat,NAVSARI,2013,0,0,0,0,0,0,0,0,0,8
183,Gujarat,PALANPUR,2013,1,3,1,0,1,1,23,0,25,3
184,Gujarat,PANCHMAHAL,2013,4,2,0,0,1,0,17,0,7,0
185,Gujarat,PATAN,2013,0,3,0,0,1,1,8,0,0,61
186,Gujarat,PORBANDAR,2013,1,0,0,0,0,0,1,0,4,5
187,Gujarat,RAJKOT COMMR.,2013,1,4,0,0,1,0,2,0,0,10
188,Gujarat,RAJKOT RURAL,2013,2,7,0,0,1,0,37,0,0,17
189,Gujarat,SURAT COMMR.,2013,0,1,0,0,0,0,1,0,12,3
190,Gujarat,SURAT RURAL,2013,1,1,0,0,0,0,2,0,1,0
191,Gujarat,SURENDRANAGAR,2013,1,4,2,1,2,0,10,0,5,48
192,Gujarat,TAPI,2013,0,0,0,0,0,0,0,0,0,0
193,Gujarat,VADODARA COMMR.,2013,0,1,1,0,0,0,3,0,3,23
194,Gujarat,VADODARA RURAL,2013,0,0,0,0,0,0,3,0,6,6
195,Gujarat,VALSAD,2013,0,0,0,0,0,0,0,0,0,2
196,Gujarat,W.RLY AHMEDABAD,2013,0,0,0,0,0,0,0,0,1,0
197,Gujarat,W.RLY VADODARA,2013,0,0,0,0,0,0,0,0,0,0
198,Gujarat,TOTAL,2013,29,75,38,9,16,10,273,0,212,528
199,Haryana,AMBALA RURAL,2013,0,0,0,0,0,0,0,0,0,5
200,Haryana,AMBALA URBAN,2013,1,10,1,0,0,0,0,0,1,8
201,Haryana,BHIWANI,2013,3,14,4,0,0,0,1,0,1,21
202,Haryana,FARIDABAD,2013,0,5,3,0,0,0,0,0,1,22
203,Haryana,FATEHABAD,2013,0,5,1,0,0,0,0,0,0,10
204,Haryana,GRP,2013,0,0,2,0,0,0,0,0,0,1
205,Haryana,GURGAON,2013,1,7,1,0,0,0,0,0,1,17
206,Haryana,HISSAR,2013,1,6,2,0,0,0,0,0,4,13
207,Haryana,I&P HARYANA,2013,0,0,0,0,0,0,0,0,0,0
208,Haryana,JHAJJAR,2013,0,1,3,0,0,0,0,0,0,12
209,Haryana,JIND,2013,1,4,1,0,1,1,2,0,1,10
210,Haryana,KAITHAL,2013,0,5,2,1,0,0,1,0,0,6
211,Haryana,KARNAL,2013,1,11,4,0,0,1,1,0,1,33
212,Haryana,KURUKSHETRA,2013,2,2,2,0,0,0,0,0,0,10
213,Haryana,MAHENDRAGARH,2013,5,6,1,0,0,0,2,0,1,19
214,Haryana,MEWAT,2013,0,2,0,0,1,0,0,0,0,8
215,Haryana,PALWAL,2013,1,8,0,0,0,0,2,0,0,14
216,Haryana,PANCHKULA,2013,0,2,0,0,0,0,0,0,0,0
217,Haryana,PANIPAT,2013,1,2,0,0,0,0,0,0,1,3
218,Haryana,REWARI,2013,1,11,2,0,0,0,0,0,0,25
219,Haryana,ROHTAK,2013,4,10,5,0,0,0,0,0,0,9
220,Haryana,SIRSA,2013,0,12,2,0,0,0,0,0,2,20
221,Haryana,SONIPAT,2013,0,3,0,0,0,0,0,0,0,2
222,Haryana,YAMUNANAGAR,2013,0,5,1,0,0,0,0,0,0,7
223,Haryana,TOTAL,2013,22,131,37,1,2,2,9,0,14,275
224,Himachal Pradesh,BADDIPOLICEDIST,2013,0,0,0,0,0,0,0,0,0,0
225,Himachal Pradesh,BILASPUR,2013,0,1,0,0,0,0,0,2,5,5
226,Himachal Pradesh,CHAMBA,2013,0,1,0,0,0,0,0,0,0,0
227,Himachal Pradesh,CID,2013,0,0,0,0,0,0,0,0,0,0
228,Himachal Pradesh,G.R.P.,2013,0,0,0,0,0,0,0,0,0,0
229,Himachal Pradesh,HAMIRPUR,2013,0,0,0,0,0,0,0,0,13,13
230,Himachal Pradesh,KANGRA,2013,0,0,0,0,0,0,0,0,15,0
231,Himachal Pradesh,KINNAUR,2013,0,0,0,0,0,0,0,2,0,0
232,Himachal Pradesh,KULLU,2013,0,0,0,0,0,0,0,0,5,0
233,Himachal Pradesh,LAHAUL-SPITI,2013,0,0,0,0,0,0,0,0,0,0
234,Himachal Pradesh,MANDI,2013,0,2,0,0,0,0,0,0,11,11
235,Himachal Pradesh,SHIMLA,2013,0,3,0,0,0,0,0,0,15,0
236,Himachal Pradesh,SIRMAUR,2013,0,6,0,0,0,0,0,0,5,5
237,Himachal Pradesh,SOLAN,2013,0,0,0,0,0,0,0,0,3,0
238,Himachal Pradesh,UNA,2013,0,5,0,0,0,0,0,0,10,10
239,Himachal Pradesh,TOTAL,2013,0,18,0,0,0,0,0,4,82,44
240,Jammu & Kashmir,ANANTNAG,2013,0,0,0,0,0,0,0,0,0,0
241,Jammu & Kashmir,AWANTIPORA,2013,0,0,0,0,0,0,0,0,0,0
242,Jammu & Kashmir,BANDIPORA,2013,0,0,0,0,0,0,0,0,0,0
243,Jammu & Kashmir,BARAMULLA,2013,0,0,0,0,0,0,0,0,0,0
244,Jammu & Kashmir,BUDGAM,2013,0,0,0,0,0,0,0,0,0,0
245,Jammu & Kashmir,CRIME JAMMU,2013,0,0,0,0,0,0,0,0,0,0
246,Jammu & Kashmir,CRIME SRINAGAR,2013,0,0,0,0,0,0,0,0,0,0
247,Jammu & Kashmir,DODA,2013,0,0,0,0,0,0,0,0,0,0
248,Jammu & Kashmir,GANDERBAL,2013,0,0,0,0,0,0,0,0,0,0
249,Jammu & Kashmir,HANDWARA,2013,0,0,0,0,0,0,0,0,0,0
250,Jammu & Kashmir,JAMMU,2013,0,0,0,0,0,0,0,0,0,0
251,Jammu & Kashmir,KARGIL,2013,0,0,0,0,0,0,0,0,0,0
252,Jammu & Kashmir,KATHUA,2013,0,0,0,0,0,0,0,0,0,0
253,Jammu & Kashmir,KISHTWAR,2013,0,0,0,0,0,0,0,0,0,0
254,Jammu & Kashmir,KULGAM,2013,0,0,0,0,0,0,0,0,0,0
255,Jammu & Kashmir,KUPWARA,2013,0,0,0,0,0,0,0,0,0,0
256,Jammu & Kashmir,LEH,2013,0,0,0,0,0,0,0,0,0,0
257,Jammu & Kashmir,POONCH,2013,0,0,0,0,0,0,0,0,0,0
258,Jammu & Kashmir,PULWAMA,2013,0,0,0,0,0,0,0,0,0,0
259,Jammu & Kashmir,RAILWAYS JAMMU,2013,0,0,0,0,0,0,0,0,0,0
260,Jammu & Kashmir,RAILWAYS KASHMIR,2013,0,0,0,0,0,0,0,0,0,0
261,Jammu & Kashmir,RAILWAYS KATRA,2013,0,0,0,0,0,0,0,0,0,0
262,Jammu & Kashmir,RAJOURI,2013,0,0,0,0,0,0,0,0,0,0
263,Jammu & Kashmir,RAMBAN,2013,0,0,0,0,0,0,0,0,0,0
264,Jammu & Kashmir,REASI,2013,0,0,0,0,0,0,0,0,0,0
265,Jammu & Kashmir,SAMBA,2013,0,0,0,0,0,0,0,0,0,0
266,Jammu & Kashmir,SHOPIAN,2013,0,0,0,0,0,0,0,0,0,0
267,Jammu & Kashmir,SOPORE,2013,0,0,0,0,0,0,0,0,0,0
268,Jammu & Kashmir,SRINAGAR,2013,0,0,0,0,0,0,0,0,0,0
269,Jammu & Kashmir,UDHAMPUR,2013,0,0,0,0,0,0,0,0,0,0
270,Jammu & Kashmir,TOTAL,2013,0,0,0,0,0,0,0,0,0,0
271,Jharkhand,BOKARO,2013,0,0,0,0,0,0,0,0,10,0
272,Jharkhand,CHAIBASA,2013,0,0,0,0,0,0,0,0,4,4
273,Jharkhand,CHATRA,2013,0,0,0,0,0,0,0,0,11,0
274,Jharkhand,DEOGHAR,2013,0,0,0,0,0,0,82,0,37,16
275,Jharkhand,DHANBAD,2013,0,0,0,0,0,1,10,0,65,54
276,Jharkhand,DHANBAD RLY.,2013,0,0,0,0,0,0,0,0,1,1
277,Jharkhand,DUMKA,2013,0,0,0,0,0,0,1,0,8,7
278,Jharkhand,GARHWA,2013,2,1,0,0,0,0,61,0,52,15
279,Jharkhand,GIRIDIH,2013,3,1,0,0,0,0,0,0,17,0
280,Jharkhand,GODDA,2013,0,0,0,0,0,0,0,0,18,0
281,Jharkhand,GUMLA,2013,0,1,3,0,0,0,0,0,2,0
282,Jharkhand,HAZARIBAGH,2013,0,2,0,0,0,0,12,0,35,22
283,Jharkhand,JAMSHEDPUR,2013,0,1,0,0,0,0,8,0,28,19
284,Jharkhand,JAMSHEDPUR RLY.,2013,0,0,0,0,0,0,0,0,0,0
285,Jharkhand,JAMTARA,2013,0,0,0,0,0,0,6,0,29,18
286,Jharkhand,KHUNTI,2013,0,0,0,0,0,0,0,0,0,0
287,Jharkhand,KODERMA,2013,0,0,0,0,0,0,30,0,72,42
288,Jharkhand,LATEHAR,2013,0,0,0,0,0,0,0,0,10,10
289,Jharkhand,LOHARDAGGA,2013,0,0,0,0,0,0,0,0,10,0
290,Jharkhand,PAKUR,2013,0,0,0,0,0,0,0,0,16,0
291,Jharkhand,PALAMU,2013,0,0,0,0,0,0,31,0,31,0
292,Jharkhand,RAMGARH,2013,0,0,0,0,0,0,10,0,18,4
293,Jharkhand,RANCHI,2013,0,0,0,0,0,0,4,0,3,0
294,Jharkhand,SAHEBGANJ,2013,1,0,1,0,0,0,11,0,0,2
295,Jharkhand,SARAIKELA,2013,0,0,0,0,0,0,2,0,2,0
296,Jharkhand,SIMDEGA,2013,0,0,0,0,0,0,0,0,0,0
297,Jharkhand,TOTAL,2013,6,6,4,0,0,1,268,0,479,214
298,Karnataka,BAGALKOT,2013,2,5,0,1,0,0,8,0,43,35
299,Karnataka,BANGALORE COMMR.,2013,2,2,0,0,0,0,10,1,128,3
300,Karnataka,BANGALORE RURAL,2013,3,6,2,0,0,0,37,0,70,22
301,Karnataka,BELGAUM,2013,1,4,0,0,0,0,0,0,50,0
302,Karnataka,BELLARY,2013,0,0,0,0,0,0,0,1,36,0
303,Karnataka,BIDAR,2013,1,1,0,0,0,0,0,1,22,0
304,Karnataka,BIJAPUR,2013,4,2,2,0,0,0,18,0,37,22
305,Karnataka,CBPURA,2013,1,2,0,0,0,0,0,0,53,48
306,Karnataka,CHAMARAJNAGAR,2013,0,0,0,0,0,0,0,0,14,20
307,Karnataka,CHICKMAGALUR,2013,1,4,0,1,0,0,11,0,41,24
308,Karnataka,CHITRADURGA,2013,1,2,1,0,0,1,11,7,29,11
309,Karnataka,DAKSHIN KANNADA,2013,0,3,0,0,0,0,0,0,31,1
310,Karnataka,DAVANAGERE,2013,1,2,0,0,0,0,10,0,36,20
311,Karnataka,DHARWAD COMMR.,2013,0,3,0,0,1,0,0,0,23,23
312,Karnataka,DHARWAD RURAL,2013,0,0,0,0,0,0,0,0,11,11
313,Karnataka,GADAG,2013,0,0,0,0,0,0,0,0,17,17
314,Karnataka,GULBARGA,2013,0,0,5,0,0,0,25,0,0,0
315,Karnataka,HASSAN,2013,0,0,0,0,0,0,0,0,69,69
316,Karnataka,HAVERI,2013,0,0,0,0,0,0,18,0,18,0
317,Karnataka,K.G.F.,2013,0,2,0,0,0,0,6,0,8,8
318,Karnataka,KODAGU,2013,2,1,0,0,0,0,9,0,14,0
319,Karnataka,KOLAR,2013,3,5,0,0,0,0,0,0,95,87
320,Karnataka,KOPPAL,2013,0,0,0,0,0,0,0,0,38,0
321,Karnataka,MANDYA,2013,1,1,0,0,0,0,0,1,68,68
322,Karnataka,MANGALORE CITY,2013,0,2,0,0,0,0,4,0,31,29
323,Karnataka,MYSORE COMMR.,2013,0,0,0,0,0,0,0,0,2,0
324,Karnataka,MYSORE RURAL,2013,0,1,0,0,0,0,0,0,31,61
325,Karnataka,RAICHUR,2013,3,3,0,0,0,0,0,0,58,52
326,Karnataka,RAILWAYS,2013,0,0,0,0,0,0,0,0,0,0
327,Karnataka,RAMANAGAR,2013,1,2,0,1,0,0,0,0,69,74
328,Karnataka,SHIMOGA,2013,2,9,0,0,0,0,10,0,53,47
329,Karnataka,TUMKUR,2013,1,2,1,0,1,0,70,0,89,12
330,Karnataka,UDUPI,2013,1,3,0,0,0,0,2,0,35,29
331,Karnataka,UTTAR KANNADA,2013,0,0,0,0,0,0,0,0,28,18
332,Karnataka,YADGIRI,2013,0,0,0,0,0,0,0,0,33,0
333,Karnataka,TOTAL,2013,31,67,11,3,2,1,249,11,1380,811
334,Kerala,ALAPUZHA,2013,0,0,0,0,0,0,14,0,14,6
335,Kerala,ERNAKULAM COMMR.,2013,0,4,0,0,0,0,8,0,3,22
336,Kerala,ERNAKULAM RURAL,2013,1,9,0,0,0,0,18,0,7,24
337,Kerala,IDUKKI,2013,0,3,0,0,0,0,15,0,4,8
338,Kerala,KANNUR,2013,0,3,0,0,0,0,18,0,3,5
339,Kerala,KASARGOD,2013,0,0,0,0,0,0,13,0,1,10
340,Kerala,KOLLAM COMMR.,2013,0,10,0,0,0,0,9,0,11,11
341,Kerala,KOLLAM RURAL,2013,0,12,1,0,0,0,28,0,2,22
342,Kerala,KOTTAYAM,2013,0,5,0,0,0,0,19,0,6,19
343,Kerala,KOZHIKODE COMMR.,2013,0,4,0,0,0,0,5,0,0,7
344,Kerala,KOZHIKODE RURAL,2013,0,5,1,0,0,0,22,0,2,23
345,Kerala,MALAPPURAM,2013,0,14,0,0,0,0,15,0,1,45
346,Kerala,PALAKKAD,2013,0,15,0,0,0,0,30,0,3,22
347,Kerala,PATHANAMTHITTA,2013,0,3,0,0,0,0,5,0,2,18
348,Kerala,RAILWAYS,2013,0,0,0,0,0,0,0,0,0,0
349,Kerala,THRISSUR COMMR.,2013,0,4,0,0,0,0,1,0,3,3
350,Kerala,THRISSUR RURAL,2013,0,4,0,0,0,0,5,0,2,16
351,Kerala,TRIVANDRUM COMMR.,2013,0,3,0,0,0,0,10,0,5,8
352,Kerala,TRIVANDRUM RURAL,2013,1,17,0,0,1,1,35,0,4,14
353,Kerala,WAYANADU,2013,0,0,0,0,0,0,5,0,0,4
354,Kerala,TOTAL,2013,2,115,2,0,1,1,275,0,73,287
355,Madhya Pradesh,AGAR,2013,3,4,1,0,0,2,34,0,0,2
356,Madhya Pradesh,ALIRAJPUR,2013,0,0,0,0,0,0,0,0,0,1
357,Madhya Pradesh,ANUPPUR,2013,0,8,1,0,0,0,1,0,0,9
358,Madhya Pradesh,ASHOK NAGAR,2013,0,7,0,0,1,1,26,0,0,22
359,Madhya Pradesh,BALAGHAT,2013,0,5,0,0,0,0,8,0,0,19
360,Madhya Pradesh,BARWANI,2013,0,2,1,0,0,0,3,0,0,4
361,Madhya Pradesh,BETUL,2013,3,6,1,0,0,0,26,0,0,22
362,Madhya Pradesh,BHIND,2013,1,7,0,0,0,0,7,0,0,18
363,Madhya Pradesh,BHOPAL,2013,1,15,3,0,0,1,0,0,0,46
364,Madhya Pradesh,BHOPAL RLY.,2013,1,1,0,0,0,0,0,0,0,0
365,Madhya Pradesh,BURHANPUR,2013,0,1,1,0,0,0,3,0,0,19
366,Madhya Pradesh,CHHATARPUR,2013,2,8,2,0,0,1,65,0,0,57
367,Madhya Pradesh,CHHINDWARA,2013,1,11,5,0,0,0,1,0,0,28
368,Madhya Pradesh,DAMOH,2013,1,5,1,0,0,0,15,0,0,17
369,Madhya Pradesh,DATIYA,2013,7,6,1,0,0,0,6,0,0,85
370,Madhya Pradesh,DEWAS,2013,1,5,0,0,0,0,2,0,0,38
371,Madhya Pradesh,DHAR,2013,0,3,1,0,0,0,8,0,0,10
372,Madhya Pradesh,DINDORI,2013,0,1,0,0,0,0,0,0,0,7
373,Madhya Pradesh,GUNA,2013,2,9,3,0,0,1,16,0,0,27
374,Madhya Pradesh,GWALIOR,2013,5,17,3,0,0,1,91,0,0,73
375,Madhya Pradesh,HARDA,2013,1,3,0,0,0,0,2,0,0,5
376,Madhya Pradesh,HOSHANGABAD,2013,4,9,3,0,0,0,32,0,0,28
377,Madhya Pradesh,INDORE,2013,4,20,1,0,0,0,0,0,0,57
378,Madhya Pradesh,INDORE RLY.,2013,0,0,0,0,0,0,0,0,0,0
379,Madhya Pradesh,JABALPUR,2013,5,19,4,0,0,0,22,0,1,48
380,Madhya Pradesh,JABALPUR RLY.,2013,2,0,0,0,0,0,0,0,0,0
381,Madhya Pradesh,JHABUA,2013,0,0,0,0,0,0,0,0,0,0
382,Madhya Pradesh,KATNI,2013,1,3,0,0,0,0,1,0,0,16
383,Madhya Pradesh,KHANDWA,2013,1,2,0,0,0,0,1,0,0,20
384,Madhya Pradesh,KHARGON,2013,1,9,2,0,0,0,11,0,0,17
385,Madhya Pradesh,MANDLA,2013,0,1,0,0,0,0,1,0,0,7
386,Madhya Pradesh,MANDSAUR,2013,1,4,4,0,0,0,18,0,0,20
387,Madhya Pradesh,MORENA,2013,1,8,3,0,0,0,7,0,0,158
388,Madhya Pradesh,NARSINGHPUR,2013,0,14,2,0,0,0,58,0,0,26
389,Madhya Pradesh,NEEMUCH,2013,0,5,0,0,0,1,16,0,0,21
390,Madhya Pradesh,PANNA,2013,1,5,1,0,0,0,0,0,0,13
391,Madhya Pradesh,RAISEN,2013,0,11,4,0,0,1,43,0,0,44
392,Madhya Pradesh,RAJGARH,2013,4,18,3,0,0,2,43,0,0,42
393,Madhya Pradesh,RATLAM,2013,1,13,0,0,0,0,18,0,0,19
394,Madhya Pradesh,REWA,2013,2,9,0,0,0,0,8,0,0,33
395,Madhya Pradesh,SAGAR,2013,5,15,2,0,0,2,90,0,0,52
396,Madhya Pradesh,SATNA,2013,3,14,0,0,0,1,6,0,0,42
397,Madhya Pradesh,SEONI,2013,1,3,2,0,0,1,8,0,0,12
398,Madhya Pradesh,SHAHDOL,2013,1,8,1,0,0,0,2,0,0,11
399,Madhya Pradesh,SHAJAPUR,2013,1,7,1,0,0,0,21,0,1,15
400,Madhya Pradesh,SHEOPUR,2013,0,3,0,0,0,0,22,0,0,13
401,Madhya Pradesh,SHIVPURI,2013,3,15,3,0,0,5,9,0,0,60
402,Madhya Pradesh,SIDHI,2013,0,4,2,0,0,0,2,0,0,11
403,Madhya Pradesh,SIHORE,2013,1,15,0,0,0,1,31,0,0,21
404,Madhya Pradesh,SINGRAULI,2013,0,2,1,0,0,0,0,0,0,6
405,Madhya Pradesh,TIKAMGARH,2013,0,5,3,0,0,1,21,0,0,14
406,Madhya Pradesh,UJJAIN,2013,2,11,4,0,0,1,0,0,0,105
407,Madhya Pradesh,UMARIYA,2013,0,1,0,0,0,2,1,0,0,3
408,Madhya Pradesh,VIDISHA,2013,3,20,2,0,0,0,11,0,0,111
409,Madhya Pradesh,TOTAL,2013,77,397,72,0,1,25,817,0,2,1554
410,Maharashtra,AHMEDNAGAR,2013,5,8,2,0,0,2,7,0,0,61
411,Maharashtra,AKOLA,2013,0,3,1,1,0,0,2,0,7,18
412,Maharashtra,AMRAVATI COMMR.,2013,0,1,0,0,0,0,0,0,5,4
413,Maharashtra,AMRAVATI RURAL,2013,0,5,0,0,0,0,2,2,12,18
414,Maharashtra,AURANGABAD COMMR.,2013,0,3,1,1,0,0,1,0,1,3
415,Maharashtra,AURANGABAD RURAL,2013,0,6,1,0,0,1,2,0,9,24
416,Maharashtra,BEED,2013,1,11,0,0,2,0,7,0,1,61
417,Maharashtra,BHANDARA,2013,2,5,0,0,0,0,1,0,2,14
418,Maharashtra,BULDHANA,2013,3,5,0,0,0,0,5,0,5,26
419,Maharashtra,CHANDRAPUR,2013,0,7,0,0,1,0,0,0,0,11
420,Maharashtra,DHULE,2013,3,2,1,2,3,0,1,0,3,17
421,Maharashtra,GADCHIROLI,2013,0,0,0,0,1,0,1,0,1,3
422,Maharashtra,GONDIA,2013,1,5,1,0,0,0,2,1,10,13
423,Maharashtra,HINGOLI,2013,0,3,1,0,0,1,6,0,0,21
424,Maharashtra,JALGAON,2013,0,4,2,1,1,0,7,0,13,30
425,Maharashtra,JALNA,2013,5,3,3,1,0,0,22,0,0,43
426,Maharashtra,KOLHAPUR,2013,1,3,1,2,3,0,10,0,16,17
427,Maharashtra,LATUR,2013,0,3,2,2,1,0,6,0,14,29
428,Maharashtra,MUMBAI COMMR.,2013,0,2,0,0,0,0,1,2,9,16
429,Maharashtra,MUMBAI RLY.,2013,0,0,0,0,0,0,0,0,1,0
430,Maharashtra,NAGPUR COMMR.,2013,0,8,0,0,0,0,1,0,1,14
431,Maharashtra,NAGPUR RLY.,2013,0,0,0,0,0,0,0,0,0,0
432,Maharashtra,NAGPUR RURAL,2013,0,7,0,0,0,0,1,0,1,14
433,Maharashtra,NANDED,2013,3,10,1,3,2,2,16,13,5,44
434,Maharashtra,NANDURBAR,2013,0,1,1,0,0,0,1,0,4,7
435,Maharashtra,NASIK COMMR.,2013,2,1,0,0,0,0,0,0,1,5
436,Maharashtra,NASIK RURAL,2013,3,2,1,4,1,0,3,0,8,24
437,Maharashtra,NAVI MUMBAI,2013,1,0,0,0,0,0,2,0,7,7
438,Maharashtra,OSMANABAD,2013,1,3,1,0,0,0,4,0,3,23
439,Maharashtra,PARBHANI,2013,4,2,4,3,3,1,25,1,23,31
440,Maharashtra,PUNE COMMR.,2013,0,7,0,0,0,0,3,0,21,13
441,Maharashtra,PUNE RLY.,2013,0,0,0,0,0,0,0,0,0,0
442,Maharashtra,PUNE RURAL,2013,2,11,0,1,0,1,6,0,3,67
443,Maharashtra,RAIGAD,2013,0,2,0,0,0,0,0,1,5,6
444,Maharashtra,RATNAGIRI,2013,0,0,0,0,0,0,0,0,7,3
445,Maharashtra,SANGLI,2013,0,3,1,0,0,0,4,0,10,9
446,Maharashtra,SATARA,2013,0,6,0,1,1,0,4,0,22,31
447,Maharashtra,SINDHUDURG,2013,0,1,0,0,0,0,1,0,5,1
448,Maharashtra,SOLAPUR COMMR.,2013,0,3,0,1,1,0,0,0,3,7
449,Maharashtra,SOLAPUR RURAL,2013,1,11,0,0,0,2,3,1,9,32
450,Maharashtra,THANE COMMR.,2013,0,5,0,1,1,0,1,0,16,14
451,Maharashtra,THANE RURAL,2013,1,1,0,0,0,0,3,0,0,14
452,Maharashtra,WARDHA,2013,0,4,4,0,0,0,1,0,4,6
453,Maharashtra,WASHIM,2013,0,1,2,0,0,0,1,0,0,44
454,Maharashtra,YAVATMAL,2013,1,11,2,2,1,0,4,0,10,58
455,Maharashtra,TOTAL,2013,40,179,33,26,22,10,167,21,277,903
456,Manipur,BISHNUPUR,2013,0,0,0,0,0,0,0,0,0,0
457,Manipur,CHANDEL,2013,0,0,0,0,0,0,0,0,0,0
458,Manipur,CHURACHANDPUR,2013,0,0,0,0,0,0,0,0,0,0
459,Manipur,CID,2013,0,0,0,0,0,0,0,0,0,0
460,Manipur,IMPHAL EAST,2013,0,0,0,0,0,0,0,0,0,0
461,Manipur,IMPHAL WEST,2013,0,0,0,0,0,0,0,0,0,0
462,Manipur,SENAPATI,2013,0,0,0,0,0,0,0,0,0,0
463,Manipur,TAMENGLONG,2013,0,0,0,0,0,0,0,0,0,0
464,Manipur,THOUBAL,2013,0,1,0,0,0,0,0,0,0,0
465,Manipur,UKHRUL,2013,0,0,0,0,0,0,0,0,0,0
466,Manipur,TOTAL,2013,0,1,0,0,0,0,0,0,0,0
467,Meghalaya,GARO HILLS EAST,2013,0,0,0,0,0,0,0,0,0,0
468,Meghalaya,GARO HILLS NORTH,2013,0,0,0,0,0,0,0,0,0,0
469,Meghalaya,GARO HILLS SOUTH,2013,0,0,0,0,0,0,0,0,0,0
470,Meghalaya,GARO HILLS SOUTH W.,2013,0,0,0,0,0,0,0,0,0,0
471,Meghalaya,GARO HILLS WEST,2013,0,0,0,0,0,0,0,0,0,0
472,Meghalaya,JAINTIA HILLS EAST,2013,0,0,0,0,0,0,0,0,0,0
473,Meghalaya,JAINTIA HILLS WEST,2013,0,0,0,0,0,0,0,0,0,0
474,Meghalaya,KHASI HILLS EAST,2013,0,0,0,0,0,0,0,0,0,0
475,Meghalaya,KHASI HILLS SOUTH W.,2013,0,0,0,0,0,0,0,0,0,0
476,Meghalaya,KHASI HILLS WEST,2013,0,0,0,0,0,0,0,0,0,0
477,Meghalaya,RI-BHOI,2013,0,0,0,0,0,0,0,0,0,0
478,Meghalaya,TOTAL,2013,0,0,0,0,0,0,0,0,0,0
479,Mizoram,AIZAWL,2013,0,0,0,0,0,0,0,0,0,0
480,Mizoram,CHAMPHAI,2013,0,0,0,0,0,0,0,0,0,0
481,Mizoram,KOLASIB,2013,0,0,0,0,0,0,0,0,0,0
482,Mizoram,LAWNGTLAI,2013,0,0,0,0,0,0,0,0,0,0
483,Mizoram,LUNGLEI,2013,0,0,0,0,0,0,0,0,0,0
484,Mizoram,MAMIT,2013,0,0,0,0,0,0,0,0,0,0
485,Mizoram,SAIHA,2013,0,0,0,0,0,0,0,0,0,0
486,Mizoram,SERCHHIP,2013,0,0,0,0,0,0,0,0,0,0
487,Mizoram,SPL NARCOTIC,2013,0,0,0,0,0,0,0,0,0,0
488,Mizoram,TRAFFIC PS,2013,0,0,0,0,0,0,0,0,0,0
489,Mizoram,TOTAL,2013,0,0,0,0,0,0,0,0,0,0
490,Nagaland,DIMAPUR,2013,0,0,0,0,0,0,0,0,0,0
491,Nagaland,KIPHIRE,2013,0,0,0,0,0,0,0,0,0,0
492,Nagaland,KOHIMA,2013,0,0,0,0,0,0,0,0,0,0
493,Nagaland,LONGLENG,2013,0,0,0,0,0,0,0,0,0,0
494,Nagaland,MOKOKCHUNG,2013,0,0,0,0,0,0,0,0,0,0
495,Nagaland,MON,2013,0,0,0,0,0,0,0,0,0,0
496,Nagaland,PEREN,2013,0,0,0,0,0,0,0,0,0,0
497,Nagaland,PHEK,2013,0,0,0,0,0,0,0,0,0,0
498,Nagaland,TUENSANG,2013,0,0,0,0,0,0,0,0,0,0
499,Nagaland,WOKHA,2013,0,0,0,0,0,0,0,0,0,0
500,Nagaland,ZUNHEBOTO,2013,0,0,0,0,0,0,0,0,0,0
501,Nagaland,TOTAL,2013,0,0,0,0,0,0,0,0,0,0
502,Odisha,ANGUL,2013,1,0,0,0,0,0,42,0,59,0
503,Odisha,BALASORE,2013,1,9,5,0,0,0,112,0,159,0
504,Odisha,BARAGARH,2013,0,2,0,0,0,0,21,0,42,0
505,Odisha,BERHAMPUR,2013,0,5,0,1,0,0,0,0,30,0
506,Odisha,BHADRAK,2013,0,4,0,0,0,1,15,0,129,0
507,Odisha,BOLANGIR,2013,1,1,0,0,0,0,0,0,47,0
508,Odisha,BOUDH,2013,0,1,0,0,0,2,27,0,28,0
509,Odisha,CUTTACK,2013,1,5,9,0,0,0,42,0,103,0
510,Odisha,DCP BBSR,2013,0,4,0,0,0,0,16,0,79,0
511,Odisha,DCP CTC,2013,0,1,0,0,0,0,4,0,31,0
512,Odisha,DEOGARH,2013,0,2,0,0,0,0,0,0,13,0
513,Odisha,DHENKANAL,2013,2,2,0,0,0,1,13,0,128,0
514,Odisha,GAJAPATI,2013,0,1,0,0,0,0,4,0,4,0
515,Odisha,GANJAM,2013,3,6,2,0,0,2,43,0,70,0
516,Odisha,JAGATSINGHPUR,2013,3,3,0,0,0,3,0,0,114,0
517,Odisha,JAJPUR,2013,1,5,0,0,0,1,74,0,81,0
518,Odisha,JHARSUGUDA,2013,0,2,0,0,0,0,15,0,16,0
519,Odisha,KALAHANDI,2013,1,3,0,0,0,0,0,0,47,0
520,Odisha,KANDHAMAL,2013,0,5,2,0,0,0,15,0,18,0
521,Odisha,KENDRAPARA,2013,1,5,0,0,0,2,35,0,115,0
522,Odisha,KEONJHAR,2013,0,3,0,0,0,0,25,0,28,0
523,Odisha,KHURDA,2013,1,1,0,0,0,4,0,0,79,0
524,Odisha,KORAPUT,2013,0,0,0,0,0,0,0,0,11,0
525,Odisha,MALKANGIR,2013,0,0,0,0,0,0,0,0,2,0
526,Odisha,MAYURBHANJ,2013,0,2,0,0,0,0,15,0,25,0
527,Odisha,NAYAGARH,2013,0,5,0,0,0,1,54,0,60,0
528,Odisha,NOWRANGPUR,2013,0,1,0,0,0,0,4,0,9,0
529,Odisha,NUAPADA,2013,0,1,2,0,0,0,18,0,21,0
530,Odisha,PURI,2013,3,9,0,0,0,3,21,0,142,0
531,Odisha,RAYAGADA,2013,0,5,0,0,0,0,8,0,15,0
532,Odisha,ROURKELA,2013,0,2,0,0,0,0,0,0,14,0
533,Odisha,SAMBALPUR,2013,0,2,2,0,0,0,19,0,40,0
534,Odisha,SONEPUR,2013,0,2,0,0,0,0,2,0,16,0
535,Odisha,SRP(CUTTACK),2013,0,0,0,0,0,0,0,0,2,0
536,Odisha,SRP(ROURKELA),2013,0,0,0,0,0,0,0,0,3,0
537,Odisha,SUNDARGARH,2013,0,0,0,0,0,0,2,0,5,0
538,Odisha,TOTAL,2013,19,99,22,1,0,20,646,0,1785,0
539,Punjab,AMRITSAR RURAL,2013,0,4,2,0,0,0,5,0,1,9
540,Punjab,BARNALA,2013,0,0,0,0,0,0,2,0,0,1
541,Punjab,BATALA,2013,0,2,0,0,0,0,1,0,0,0
542,Punjab,BHATINDA,2013,0,1,0,0,0,0,1,0,1,2
543,Punjab,CP AMRITSAR,2013,0,0,0,0,0,0,1,0,0,0
544,Punjab,CP JALANDHAR,2013,0,0,0,0,0,0,0,0,0,0
545,Punjab,CP LUDHIANA,2013,0,1,0,0,0,0,5,0,0,0
546,Punjab,FARIDKOT,2013,0,1,0,0,0,0,0,0,0,1
547,Punjab,FATEHGARH SAHIB,2013,0,2,0,0,0,0,2,0,0,0
548,Punjab,FAZILKA,2013,0,0,0,0,0,0,0,0,0,0
549,Punjab,FEROZPUR,2013,0,0,1,0,0,0,4,0,1,2
550,Punjab,G.R.P,2013,0,0,0,0,0,0,0,0,0,0
551,Punjab,GURDASPUR,2013,0,0,0,0,0,0,1,0,0,0
552,Punjab,HOSHIARPUR,2013,3,0,0,0,0,0,2,0,0,2
553,Punjab,JALANDHAR RURAL,2013,1,1,0,0,0,0,2,0,1,3
554,Punjab,KAPURTHALA,2013,1,0,0,0,0,0,0,0,1,2
555,Punjab,KHANNA,2013,0,1,0,0,0,0,0,0,0,3
556,Punjab,LUDHIANA RURAL,2013,0,0,0,0,0,0,1,0,1,4
557,Punjab,MANSA,2013,0,2,0,0,0,0,0,0,0,0
558,Punjab,MOGA,2013,1,4,2,0,0,0,2,0,1,3
559,Punjab,MUKTSAR,2013,1,0,3,0,0,0,1,0,1,2
560,Punjab,PATHANKOT,2013,0,0,0,0,0,0,0,0,0,0
561,Punjab,PATIALA,2013,0,0,0,0,0,0,0,0,4,2
562,Punjab,ROPAR,2013,0,1,0,0,0,0,0,0,0,0
563,Punjab,SANGRUR,2013,0,0,0,0,0,0,0,0,0,0
564,Punjab,SAS NGR,2013,0,0,0,0,0,0,1,0,0,1
565,Punjab,SBS NAGAR,2013,0,0,0,0,0,0,1,0,1,1
566,Punjab,TARN TARAN,2013,0,2,0,0,0,0,5,0,0,1
567,Punjab,TOTAL,2013,7,22,8,0,0,0,37,0,13,39
568,Rajasthan,AJMER,2013,2,3,2,0,0,1,9,0,8,243
569,Rajasthan,ALWAR,2013,8,38,0,0,0,4,2,0,7,549
570,Rajasthan,BANSWARA,2013,0,1,0,0,0,0,0,0,1,12
571,Rajasthan,BARAN,2013,0,4,6,0,0,0,8,0,3,83
572,Rajasthan,BARMER,2013,2,2,0,0,0,2,0,0,0,177
573,Rajasthan,BHARATPUR,2013,1,10,0,0,0,4,5,0,2,467
574,Rajasthan,BHILWARA,2013,0,3,0,0,0,1,0,0,5,154
575,Rajasthan,BIKANER,2013,5,12,0,0,0,2,10,0,2,234
576,Rajasthan,BUNDI,2013,1,5,1,0,0,0,2,0,5,84
577,Rajasthan,CHITTORGARH,2013,0,8,1,0,0,0,0,0,5,88
578,Rajasthan,CHURU,2013,7,16,0,0,0,0,142,0,1,41
579,Rajasthan,DAUSA,2013,0,1,0,0,0,0,0,0,1,128
580,Rajasthan,DHOLPUR,2013,4,5,6,0,0,0,56,0,0,145
581,Rajasthan,DISCOM,2013,0,0,0,0,0,0,0,0,0,0
582,Rajasthan,DUNGARPUR,2013,0,0,0,0,0,0,0,0,1,4
583,Rajasthan,G.R.P.AJMER,2013,0,0,0,0,0,0,0,0,0,0
584,Rajasthan,G.R.P.JODHPUR,2013,0,0,0,0,0,0,0,0,1,1
585,Rajasthan,GANGANAGAR,2013,3,33,6,0,0,1,30,0,11,357
586,Rajasthan,HANUMANGARH,2013,5,26,6,0,0,0,16,0,9,254
587,Rajasthan,JAIPUR EAST,2013,0,4,0,0,0,0,0,0,0,65
588,Rajasthan,JAIPUR NORTH,2013,0,3,0,0,0,0,1,0,1,31
589,Rajasthan,JAIPUR RURAL,2013,3,19,0,0,0,3,0,0,6,185
590,Rajasthan,JAIPUR SOUTH,2013,0,1,0,0,0,0,0,0,2,58
591,Rajasthan,JAIPUR WEST,2013,1,5,0,0,0,0,0,0,1,114
592,Rajasthan,JAISALMER,2013,2,0,0,0,0,0,0,0,0,65
593,Rajasthan,JALORE,2013,2,5,0,0,0,0,0,0,0,116
594,Rajasthan,JHALAWAR,2013,1,11,4,0,1,1,1,0,3,124
595,Rajasthan,JHUNJHUNU,2013,2,6,0,0,0,1,2,0,1,159
596,Rajasthan,JODHPUR EAST,2013,3,1,3,0,0,0,6,0,3,43
597,Rajasthan,JODHPUR RURAL,2013,3,4,1,0,0,0,124,0,3,10
598,Rajasthan,JODHPUR WEST,2013,0,4,0,0,0,0,12,0,2,29
599,Rajasthan,KARAULI,2013,2,7,0,0,0,2,0,0,1,137
600,Rajasthan,KOTA CITY,2013,2,9,0,0,0,0,5,0,2,52
601,Rajasthan,KOTA RURAL,2013,0,5,0,0,0,0,2,0,0,47
602,Rajasthan,NAGAUR,2013,6,9,5,0,0,0,4,0,3,238
603,Rajasthan,PALI,2013,1,2,2,0,0,1,1,0,2,259
604,Rajasthan,PRATAPGARH,2013,0,1,2,0,0,0,19,0,1,14
605,Rajasthan,RAJSAMAND,2013,0,2,2,0,0,1,13,0,1,27
606,Rajasthan,SAWAI MADHOPUR,2013,2,4,0,0,0,0,0,0,0,101
607,Rajasthan,SIKAR,2013,4,11,0,0,0,1,4,0,3,222
608,Rajasthan,SIROHI,2013,3,2,3,0,0,0,21,0,7,57
609,Rajasthan,TONK,2013,0,4,1,0,0,1,69,0,3,108
610,Rajasthan,UDAIPUR,2013,1,8,2,0,0,0,10,0,5,57
611,Rajasthan,TOTAL,2013,76,294,53,0,1,26,574,0,112,5339
612,Sikkim,EAST,2013,0,0,0,0,1,0,1,0,0,0
613,Sikkim,NORTH,2013,0,0,0,0,0,0,0,0,0,0
614,Sikkim,SOUTH,2013,0,0,2,0,0,0,2,0,0,0
615,Sikkim,WEST,2013,0,0,0,0,0,0,0,0,0,0
616,Sikkim,TOTAL,2013,0,0,2,0,1,0,3,0,0,0
617,Tamil Nadu,ARIYALUR,2013,0,0,0,0,0,0,0,0,19,6
618,Tamil Nadu,CHENNAI,2013,0,0,0,0,0,0,0,1,7,0
619,Tamil Nadu,CHENNAI RLY.,2013,0,0,0,0,0,0,0,0,0,0
620,Tamil Nadu,COIMBATORE RURAL,2013,0,0,0,0,0,0,7,0,35,0
621,Tamil Nadu,COIMBATORE URBAN,2013,0,0,0,0,0,0,0,0,8,0
622,Tamil Nadu,CUDDALORE,2013,0,0,0,0,0,1,0,0,47,0
623,Tamil Nadu,DHARMAPURI,2013,1,3,0,0,0,0,3,0,36,36
624,Tamil Nadu,DINDIGUL,2013,0,0,0,0,0,0,0,0,30,0
625,Tamil Nadu,ERODE,2013,2,1,1,0,0,0,1,0,27,0
626,Tamil Nadu,KANCHIPURAM,2013,0,0,0,0,0,0,1,0,26,0
627,Tamil Nadu,KANYAKUMARI,2013,0,0,0,0,0,0,0,0,4,0
628,Tamil Nadu,KARUR,2013,0,0,0,0,0,0,0,0,10,0
629,Tamil Nadu,KRISHNAGIRI,2013,0,0,0,0,0,0,0,0,20,0
630,Tamil Nadu,MADURAI RURAL,2013,3,5,3,0,1,1,95,0,177,1
631,Tamil Nadu,MADURAI URBAN,2013,2,0,0,0,0,0,2,0,3,25
632,Tamil Nadu,NAGAPATTINAM,2013,0,0,0,0,0,0,0,0,26,0
633,Tamil Nadu,NAMAKKAL,2013,0,0,0,0,2,0,0,0,46,0
634,Tamil Nadu,NILGIRIS,2013,0,1,0,0,0,0,0,0,3,3
635,Tamil Nadu,PERAMBALUR,2013,1,0,0,0,0,0,2,0,5,0
636,Tamil Nadu,PUDUKOTTAI,2013,0,0,0,0,0,0,0,0,66,0
637,Tamil Nadu,RAMNATHAPURAM,2013,2,1,0,0,4,1,6,0,38,25
638,Tamil Nadu,SALEM RURAL,2013,0,0,0,0,0,0,1,0,20,0
639,Tamil Nadu,SALEM URBAN,2013,0,0,0,0,0,0,0,0,4,0
640,Tamil Nadu,SIVAGANGAI,2013,0,2,0,0,0,0,4,0,44,0
641,Tamil Nadu,THANJAVUR,2013,2,1,0,0,0,1,4,0,58,27
642,Tamil Nadu,THENI,2013,0,0,0,0,0,0,0,0,43,7
643,Tamil Nadu,THIRUNELVELI RURAL,2013,8,6,1,0,0,0,38,0,135,5
644,Tamil Nadu,THIRUNELVELI URBAN,2013,0,0,0,0,0,0,2,0,29,0
645,Tamil Nadu,THIRUVALLUR,2013,0,0,0,0,0,0,0,0,18,0
646,Tamil Nadu,THIRUVANNAMALAI,2013,0,0,0,0,0,0,0,0,52,0
647,Tamil Nadu,THIRUVARUR,2013,0,3,0,0,0,0,0,0,35,0
648,Tamil Nadu,THOOTHUGUDI,2013,1,2,0,0,0,0,13,0,55,0
649,Tamil Nadu,TIRUPPUR,2013,0,1,0,0,0,0,0,0,44,0
650,Tamil Nadu,TRICHY RLY.,2013,0,0,0,0,0,0,0,0,0,0
651,Tamil Nadu,TRICHY RURAL,2013,1,0,0,0,0,0,2,0,36,0
652,Tamil Nadu,TRICHY URBAN,2013,1,0,0,0,0,0,0,0,0,1
653,Tamil Nadu,VELLORE,2013,1,1,0,0,0,0,0,0,70,0
654,Tamil Nadu,VILLUPURAM,2013,0,0,0,0,0,2,62,0,0,0
655,Tamil Nadu,VIRUDHUNAGAR,2013,3,1,0,0,3,0,17,0,58,37
656,Tamil Nadu,TOTAL,2013,28,28,5,0,10,6,260,1,1334,173
657,Tripura,DHALAI,2013,0,0,0,0,0,0,0,0,0,0
658,Tripura,GOMATI,2013,0,1,0,0,0,0,0,0,0,3
659,Tripura,GRP,2013,0,0,0,0,0,0,0,0,0,0
660,Tripura,KHOWAI,2013,1,0,0,0,0,0,3,0,0,10
661,Tripura,NORTH,2013,0,0,0,0,0,0,0,0,0,0
662,Tripura,SIPAHIJALA,2013,0,0,0,0,0,0,0,0,0,0
663,Tripura,SOUTH,2013,1,2,1,0,0,0,10,0,0,14
664,Tripura,UNAKOTI,2013,0,0,0,0,0,0,0,0,0,0
665,Tripura,WEST,2013,1,0,0,0,0,0,0,0,0,1
666,Tripura,TOTAL,2013,3,3,1,0,0,0,13,0,0,28
667,Uttar Pradesh,AGRA,2013,5,8,9,0,0,0,12,0,0,87
668,Uttar Pradesh,ALIGARH,2013,5,14,4,0,0,0,6,0,0,119
669,Uttar Pradesh,ALLAHABAD,2013,9,15,6,0,0,1,18,0,0,185
670,Uttar Pradesh,AMBEDKAR NAGAR,2013,0,1,0,0,0,0,0,0,39,0
671,Uttar Pradesh,AMETHI,2013,1,10,0,0,0,1,2,0,127,2
672,Uttar Pradesh,AMROHA,2013,1,2,5,0,0,0,0,0,0,42
673,Uttar Pradesh,AURAIYA,2013,1,6,3,0,0,0,0,0,0,65
674,Uttar Pradesh,AZAMGARH,2013,2,4,9,0,0,1,11,0,0,80
675,Uttar Pradesh,BADAUN,2013,5,5,4,0,0,0,11,0,0,36
676,Uttar Pradesh,BAGHPAT,2013,1,1,2,0,0,0,1,0,0,15
677,Uttar Pradesh,BAHRAICH,2013,0,4,0,0,0,0,0,0,166,0
678,Uttar Pradesh,BALLIA,2013,3,3,5,0,0,1,1,0,31,50
679,Uttar Pradesh,BALRAMPUR,2013,1,1,2,0,0,0,1,0,39,0
680,Uttar Pradesh,BANDA,2013,4,9,7,0,0,1,6,0,62,95
681,Uttar Pradesh,BARABANKI,2013,2,7,0,0,0,1,0,0,0,185
682,Uttar Pradesh,BAREILLY,2013,5,13,19,0,0,1,3,0,66,83
683,Uttar Pradesh,BASTI,2013,0,4,3,0,0,0,1,0,0,52
684,Uttar Pradesh,BIJNOR,2013,3,8,3,0,0,0,0,0,0,52
685,Uttar Pradesh,BULANDSHAHAR,2013,9,10,5,0,0,1,1,0,0,80
686,Uttar Pradesh,CHANDOLI,2013,1,3,0,0,0,0,0,0,58,9
687,Uttar Pradesh,CHITRAKOOT DHAM,2013,0,3,0,0,0,0,0,0,58,12
688,Uttar Pradesh,DEORIA,2013,1,5,12,0,0,0,2,0,0,83
689,Uttar Pradesh,ETAH,2013,2,3,0,0,0,0,10,0,0,54
690,Uttar Pradesh,ETAWAH,2013,4,4,5,0,0,0,0,0,0,32
691,Uttar Pradesh,FAIZABAD,2013,3,2,3,0,0,0,0,0,54,0
692,Uttar Pradesh,FATEHGARH,2013,2,1,2,0,0,0,0,0,0,68
693,Uttar Pradesh,FATEHPUR,2013,2,10,7,0,0,2,10,0,0,82
694,Uttar Pradesh,FIROZABAD,2013,4,3,14,0,0,1,6,0,0,80
695,Uttar Pradesh,G.R.P.,2013,0,0,0,0,0,0,0,0,0,2
696,Uttar Pradesh,GAUTAMBUDH NAGAR,2013,4,4,3,0,0,0,2,0,0,41
697,Uttar Pradesh,GHAZIABAD,2013,5,9,5,0,1,0,4,0,0,60
698,Uttar Pradesh,GHAZIPUR,2013,2,5,4,1,0,1,7,0,57,11
699,Uttar Pradesh,GONDA,2013,1,4,1,0,0,0,6,0,115,0
700,Uttar Pradesh,GORAKHPUR,2013,6,16,11,0,0,0,1,0,178,0
701,Uttar Pradesh,HAMIRPUR,2013,2,4,0,0,0,2,5,0,43,43
702,Uttar Pradesh,HAPUR,2013,3,2,4,0,0,0,0,0,0,18
703,Uttar Pradesh,HARDOI,2013,2,3,6,0,0,1,25,0,52,104
704,Uttar Pradesh,HATHRAS,2013,3,6,2,0,0,0,5,0,0,43
705,Uttar Pradesh,JALAUN,2013,4,1,5,0,0,0,0,0,11,42
706,Uttar Pradesh,JAUNPUR,2013,2,5,4,0,0,0,3,0,71,18
707,Uttar Pradesh,JHANSI,2013,10,4,10,0,0,0,1,0,60,4
708,Uttar Pradesh,KANNAUJ,2013,2,2,6,0,0,0,2,0,0,50
709,Uttar Pradesh,KANPUR DEHAT,2013,6,5,3,0,0,1,6,0,0,48
710,Uttar Pradesh,KANPUR NAGAR,2013,11,6,12,0,0,0,10,0,0,134
711,Uttar Pradesh,KASGANJ,2013,0,3,0,0,0,0,2,0,0,23
712,Uttar Pradesh,KAUSHAMBI,2013,0,3,4,0,0,0,9,0,0,45
713,Uttar Pradesh,KHIRI,2013,8,12,0,0,0,0,22,0,47,40
714,Uttar Pradesh,KUSHI NAGAR,2013,2,1,1,0,0,0,14,0,0,56
715,Uttar Pradesh,LALITPUR,2013,2,0,0,0,0,0,0,0,20,22
716,Uttar Pradesh,LUCKNOW,2013,9,12,8,0,0,0,4,0,99,116
717,Uttar Pradesh,MAHARAJGANJ,2013,1,1,3,0,0,1,1,0,15,29
718,Uttar Pradesh,MAHOBA,2013,2,9,3,0,0,2,0,0,25,21
719,Uttar Pradesh,MAINPURI,2013,4,3,1,0,0,0,1,0,0,56
720,Uttar Pradesh,MATHURA,2013,3,5,0,0,0,0,4,0,0,89
721,Uttar Pradesh,MAU,2013,2,2,1,0,0,1,0,0,0,35
722,Uttar Pradesh,MEERUT,2013,9,9,5,0,0,0,9,0,0,49
723,Uttar Pradesh,MIRZAPUR,2013,2,0,0,0,0,0,0,0,24,0
724,Uttar Pradesh,MORADABAD,2013,2,3,1,0,0,0,0,0,2,28
725,Uttar Pradesh,MUZAFFARNAGAR,2013,2,4,0,0,0,0,3,0,0,27
726,Uttar Pradesh,PILIBHIT,2013,2,2,7,0,0,0,0,0,0,91
727,Uttar Pradesh,PRATAPGARH,2013,2,11,8,0,1,2,26,0,0,142
728,Uttar Pradesh,RAIBAREILLY,2013,1,13,10,0,0,0,6,0,43,60
729,Uttar Pradesh,RAMPUR,2013,1,2,2,0,0,0,0,0,0,24
730,Uttar Pradesh,SAHARANPUR,2013,5,5,4,0,0,0,3,0,0,20
731,Uttar Pradesh,SAMBHAL,2013,1,2,8,0,1,0,1,0,0,36
732,Uttar Pradesh,SANT KABIRNAGAR,2013,1,2,3,0,0,0,0,0,0,57
733,Uttar Pradesh,SHAHJAHANPUR,2013,3,4,3,0,0,0,1,0,0,59
734,Uttar Pradesh,SHAMLI,2013,3,2,1,1,0,0,1,0,0,10
735,Uttar Pradesh,SHRAWASTI,2013,2,4,0,0,0,0,0,0,57,0
736,Uttar Pradesh,SIDHARTHNAGAR,2013,0,3,4,0,0,0,0,0,22,0
737,Uttar Pradesh,SITAPUR,2013,6,12,8,0,0,1,5,0,0,335
738,Uttar Pradesh,SONBHADRA,2013,1,7,0,0,0,0,2,0,13,0
739,Uttar Pradesh,ST.RAVIDASNAGAR,2013,0,3,2,0,0,0,0,0,12,4
740,Uttar Pradesh,SULTANPUR,2013,1,2,2,0,0,4,8,0,51,47
741,Uttar Pradesh,UNNAO,2013,6,13,10,0,0,1,1,0,0,191
742,Uttar Pradesh,VARANASI,2013,0,2,0,0,0,1,0,0,130,0
743,Uttar Pradesh,TOTAL,2013,222,391,304,2,3,29,302,0,1847,3978
744,Uttarakhand,ALMORA,2013,0,0,0,0,0,0,0,0,2,0
745,Uttarakhand,BAGESHWAR,2013,0,1,0,0,0,0,0,0,0,0
746,Uttarakhand,CHAMOLI,2013,0,0,1,0,0,0,2,0,1,0
747,Uttarakhand,CHAMPAWAT,2013,0,0,0,0,0,0,1,0,0,0
748,Uttarakhand,DEHRADUN,2013,0,0,0,0,0,0,1,0,1,0
749,Uttarakhand,HARIDWAR,2013,0,1,0,0,0,0,0,0,0,0
750,Uttarakhand,NAINITAL,2013,1,1,0,0,0,0,0,0,0,0
751,Uttarakhand,PAURI GARHWAL,2013,0,0,0,0,0,0,2,0,2,0
752,Uttarakhand,PITHORAGARH,2013,0,0,0,0,0,0,0,0,3,0
753,Uttarakhand,RUDRA PRAYAG,2013,0,0,0,0,0,0,0,0,1,0
754,Uttarakhand,TEHRI GARHWAL,2013,0,0,0,0,0,0,0,0,0,0
755,Uttarakhand,UDHAMSINGH NAGAR,2013,4,4,3,0,0,0,1,0,0,0
756,Uttarakhand,UTTARKASHI,2013,0,0,0,0,0,0,1,0,0,0
757,Uttarakhand,TOTAL,2013,5,7,4,0,0,0,8,0,10,0
758,West Bengal,24 PARGANAS NORTH,2013,0,0,0,0,0,0,0,0,0,4
759,West Bengal,24 PARGANAS SOUTH,2013,0,0,0,0,0,0,0,0,1,0
760,West Bengal,ASANSOL,2013,0,0,1,0,0,0,0,0,5,3
761,West Bengal,BANKURA,2013,0,0,0,0,0,0,0,0,0,4
762,West Bengal,BDN CP,2013,0,0,0,0,0,0,0,0,0,0
763,West Bengal,BIRBHUM,2013,0,1,0,0,0,1,0,0,0,2
764,West Bengal,BKP CP,2013,0,0,0,0,0,0,0,0,1,5
765,West Bengal,BURDWAN,2013,0,0,0,0,0,0,0,0,0,24
766,West Bengal,COOCHBEHAR,2013,0,0,0,0,0,0,0,0,0,0
767,West Bengal,DAKSHIN DINAJPUR,2013,0,0,1,0,0,0,1,0,0,0
768,West Bengal,DARJEELING,2013,0,0,0,0,0,0,0,0,5,2
769,West Bengal,HOOGHLY,2013,0,0,0,0,0,0,0,0,1,1
770,West Bengal,HOWRAH,2013,0,0,0,0,0,0,0,0,2,0
771,West Bengal,HOWRAH CITY,2013,0,0,0,0,0,0,0,0,3,3
772,West Bengal,HOWRAH G.R.P.,2013,0,0,0,0,0,0,0,0,0,0
773,West Bengal,JALPAIGURI,2013,0,0,0,0,0,0,0,0,0,0
774,West Bengal,JHARGRAM,2013,0,0,0,0,0,0,0,0,0,0
775,West Bengal,KHARAGPUR G.R.P.,2013,0,0,0,0,0,0,0,0,0,0
776,West Bengal,KOLKATA,2013,0,0,0,0,0,0,0,0,4,7
777,West Bengal,MALDA,2013,0,1,0,0,0,0,0,0,0,0
778,West Bengal,MURSHIDABAD,2013,0,0,0,0,0,0,0,0,0,0
779,West Bengal,NADIA,2013,0,0,0,0,0,0,0,0,1,1
780,West Bengal,PASCHIM MIDNAPUR,2013,0,0,0,0,0,0,0,0,0,3
781,West Bengal,PURAB MIDNAPUR,2013,0,0,0,0,0,0,1,0,7,11
782,West Bengal,PURULIA,2013,0,0,0,0,0,0,0,0,0,1
783,West Bengal,SEALDAH G.R.P.,2013,0,0,0,0,0,0,0,0,0,0
784,West Bengal,SILIGURI G.R.P.,2013,0,0,0,0,0,0,0,0,0,0
785,West Bengal,SILIGURI_PC,2013,0,0,0,0,0,0,0,0,5,2
786,West Bengal,UTTAR DINAJPUR,2013,0,0,0,0,0,0,0,0,0,0
787,West Bengal,TOTAL,2013,0,2,2,0,0,1,2,0,35,73
788,A&N Islands,CAR,2013,0,0,0,0,0,0,0,0,0,0
789,A&N Islands,NORTH,2013,0,0,0,0,0,0,0,0,0,0
790,A&N Islands,SOUTH,2013,0,0,0,0,0,0,0,0,0,0
791,A&N Islands,TOTAL,2013,0,0,0,0,0,0,0,0,0,0
792,Chandigarh,CHANDIGARH,2013,0,0,0,0,0,0,0,0,2,2
793,Chandigarh,TOTAL,2013,0,0,0,0,0,0,0,0,2,2
794,D&N Haveli,D&N HAVELI,2013,0,0,0,0,0,0,0,0,0,0
795,D&N Haveli,TOTAL,2013,0,0,0,0,0,0,0,0,0,0
796,Daman & Diu,DAMAN,2013,0,0,0,0,0,0,1,0,0,0
797,Daman & Diu,DIU,2013,0,0,0,0,0,0,0,0,0,0
798,Daman & Diu,TOTAL,2013,0,0,0,0,0,0,1,0,0,0
799,Delhi UT,CAW,2013,0,0,0,0,0,0,0,0,0,0
800,Delhi UT,CENTRAL,2013,0,0,0,0,0,0,0,0,4,3
801,Delhi UT,CRIME BRANCH,2013,0,0,0,0,0,0,0,0,0,0
802,Delhi UT,EAST,2013,0,0,0,0,0,0,0,0,2,1
803,Delhi UT,EOW,2013,0,0,0,0,0,0,0,0,0,2
804,Delhi UT,GRP(RLY),2013,0,0,0,0,0,0,0,0,0,0
805,Delhi UT,IGI AIRPORT,2013,0,0,0,0,0,0,0,0,0,0
806,Delhi UT,METRO RAIL,2013,0,0,0,0,0,0,0,0,0,0
807,Delhi UT,NEW DELHI,2013,0,0,0,0,0,0,0,1,1,1
808,Delhi UT,NORTH,2013,0,0,0,0,0,0,0,0,2,3
809,Delhi UT,NORTH-EAST,2013,0,0,0,0,0,0,0,0,1,1
810,Delhi UT,NORTH-WEST,2013,0,0,0,0,0,0,0,0,3,5
811,Delhi UT,OUTER,2013,0,0,0,0,0,0,0,0,1,2
812,Delhi UT,SOUTH,2013,0,0,0,0,0,0,0,0,2,0
813,Delhi UT,SOUTH-EAST,2013,0,0,0,0,0,0,0,1,3,4
814,Delhi UT,SOUTH-WEST,2013,0,0,0,0,0,0,0,0,4,4
815,Delhi UT,STF,2013,0,0,0,0,0,0,0,0,0,0
816,Delhi UT,WEST,2013,0,0,0,0,0,0,0,1,3,0
817,Delhi UT,TOTAL,2013,0,0,0,0,0,0,0,3,26,26
818,Lakshadweep,LAKSHADWEEP,2013,0,0,0,0,0,0,0,0,0,0
819,Lakshadweep,TOTAL,2013,0,0,0,0,0,0,0,0,0,0
820,Puducherry,KARAIKAL,2013,0,1,0,0,0,0,0,3,0,0
821,Puducherry,PUDUCHERRY,2013,0,0,0,0,0,0,0,12,4,1
822,Puducherry,TOTAL,2013,0,1,0,0,0,0,0,15,4,1
