index,STATE/UT,DISTRICT,Year,Infanticid,Other murder,Rape,Kidnapping and Abduction,Foeticide,Abetment of suicide,Exposure and abandonment,Procuration of minor girls,Buying of girls for prostitution,Selling of girls for prostitution,Prohibition of child marriage act,Other Crimes,Total
0,Andhra Pradesh,ADILABAD,2013,0,1,21,9,0,0,0,0,0,0,1,1,33
1,Andhra Pradesh,ANANTAPUR,2013,0,1,15,68,0,3,0,0,0,0,0,0,87
2,Andhra Pradesh,CHITTOOR,2013,0,6,1,0,0,0,0,0,0,0,0,0,7
3,Andhra Pradesh,CUDDAPAH,2013,2,0,14,32,0,0,0,0,0,0,1,0,49
4,Andhra Pradesh,CYBERABAD,2013,1,8,45,69,2,0,2,9,0,0,1,19,156
5,Andhra Pradesh,EAST GODAVARI,2013,0,0,4,1,0,0,0,0,0,0,0,20,25
6,Andhra Pradesh,GUNTAKAL RLY.,2013,0,0,0,0,0,0,0,0,0,0,0,0,0
7,Andhra Pradesh,GUNTUR,2013,1,9,21,46,0,0,7,0,0,0,0,0,84
8,Andhra Pradesh,GUNTUR URBAN,2013,0,0,23,24,0,0,3,0,0,0,0,0,50
9,Andhra Pradesh,HYDERABAD CITY,2013,0,2,21,16,0,1,0,1,0,0,0,11,52
10,Andhra Pradesh,KARIMNAGAR,2013,1,3,33,84,0,0,0,0,0,0,1,4,126
11,Andhra Pradesh,KHAMMAM,2013,1,4,46,83,1,0,0,0,0,0,2,89,226
12,Andhra Pradesh,KRISHNA,2013,0,2,49,35,0,3,0,0,0,0,0,81,170
13,Andhra Pradesh,KURNOOL,2013,1,0,15,50,0,0,6,0,0,0,0,27,99
14,Andhra Pradesh,MAHABOOBNAGAR,2013,0,12,70,35,0,0,2,6,0,0,0,0,125
15,Andhra Pradesh,MEDAK,2013,0,1,35,11,0,0,2,17,0,0,0,0,66
16,Andhra Pradesh,NALGONDA,2013,0,1,53,70,2,0,1,0,0,0,3,0,130
17,Andhra Pradesh,NELLORE,2013,0,4,13,61,0,1,3,0,0,0,0,55,137
18,Andhra Pradesh,NIZAMABAD,2013,0,6,24,9,2,0,5,6,0,0,2,11,65
19,Andhra Pradesh,PRAKASHAM,2013,0,3,35,36,0,0,1,1,0,1,0,57,134
20,Andhra Pradesh,RAJAHMUNDRY,2013,0,0,10,2,0,0,1,0,0,0,0,9,22
21,Andhra Pradesh,RANGA REDDY,2013,0,5,21,13,0,0,0,0,0,0,1,6,46
22,Andhra Pradesh,SECUNDERABAD RLY.,2013,0,1,0,2,0,0,0,0,0,0,0,0,3
23,Andhra Pradesh,SRIKAKULAM,2013,0,2,18,15,0,2,0,0,0,0,1,32,70
24,Andhra Pradesh,TIRUPATHI URBAN,2013,0,1,2,8,0,0,0,0,0,0,0,0,11
25,Andhra Pradesh,VIJAYAWADA CITY,2013,0,1,28,38,0,0,6,0,0,0,1,111,185
26,Andhra Pradesh,VIJAYAWADA RLY.,2013,0,0,0,1,0,0,4,0,0,0,0,1,6
27,Andhra Pradesh,VISAKHA RURAL,2013,0,1,9,12,0,0,0,0,0,0,0,2,24
28,Andhra Pradesh,VISAKHAPATNAM,2013,0,2,33,54,0,0,0,0,0,0,0,3,92
29,Andhra Pradesh,VIZIANAGARAM,2013,0,0,13,10,0,0,0,0,0,0,0,17,40
30,Andhra Pradesh,WARANGAL,2013,0,3,33,45,0,4,0,0,0,0,1,1,87
31,Andhra Pradesh,WARANGAL URBAN,2013,0,0,24,27,0,0,0,0,0,0,0,2,53
32,Andhra Pradesh,WEST GODAVARI,2013,0,8,41,48,0,0,0,0,0,1,1,17,116
33,Andhra Pradesh,TOTAL,2013,7,87,770,1014,7,14,43,40,0,2,16,576,2576
34,Arunachal Pradesh,ANJAW,2013,0,0,0,0,0,0,0,0,0,0,0,0,0
35,Arunachal Pradesh,CHANGLANG,2013,0,0,4,5,0,0,0,0,0,0,0,0,9
36,Arunachal Pradesh,DIBANG VALLEY,2013,0,0,0,1,0,0,0,0,0,0,0,2,3
37,Arunachal Pradesh,K/KUMEY,2013,0,0,0,0,0,0,0,0,0,0,0,0,0
38,Arunachal Pradesh,KAMENG EAST,2013,0,0,1,7,0,0,0,0,0,0,0,0,8
39,Arunachal Pradesh,KAMENG WEST,2013,0,0,1,0,0,0,0,0,0,0,0,0,1
40,Arunachal Pradesh,LOHIT,2013,0,0,7,14,0,0,0,0,0,0,0,0,21
41,Arunachal Pradesh,LONGDING,2013,0,0,0,0,0,0,0,0,0,0,0,0,0
42,Arunachal Pradesh,PAPUM PARE,2013,0,0,0,0,0,0,0,0,0,0,0,0,0
43,Arunachal Pradesh,RURAL,2013,0,0,0,0,0,0,0,0,0,0,0,0,0
44,Arunachal Pradesh,SIANG EAST,2013,0,0,8,5,0,0,0,0,0,0,0,2,15
45,Arunachal Pradesh,SIANG UPPER,2013,0,0,0,1,0,0,0,0,0,0,0,0,1
46,Arunachal Pradesh,SIANG WEST,2013,0,0,5,4,0,0,0,0,0,0,0,1,10
47,Arunachal Pradesh,SUBANSIRI LOWER,2013,0,0,0,0,0,0,0,0,0,0,0,0,0
48,Arunachal Pradesh,SUBANSIRI UPPER,2013,0,0,9,1,0,0,0,0,0,0,0,1,11
49,Arunachal Pradesh,TAWANG,2013,0,0,0,0,0,0,0,0,0,0,0,0,0
50,Arunachal Pradesh,TIRAP,2013,0,0,0,2,0,0,0,0,0,0,0,1,3
51,Arunachal Pradesh,UPPER DIBANG VALLEY,2013,0,0,0,0,0,0,0,0,0,0,0,0,0
52,Arunachal Pradesh,TOTAL,2013,0,0,35,40,0,0,0,0,0,0,0,7,82
53,Assam,BAKSA,2013,0,0,1,4,0,0,0,0,0,0,0,0,5
54,Assam,BARPETA,2013,0,0,0,0,0,0,0,0,0,0,0,0,0
55,Assam,BIEO,2013,0,0,0,0,0,0,0,0,0,0,0,0,0
56,Assam,BONGAIGAON,2013,0,0,3,0,0,0,0,0,0,0,0,0,3
57,Assam,C.I.D.,2013,0,0,0,0,0,0,0,0,0,0,0,0,0
58,Assam,CACHAR,2013,0,0,3,5,0,0,0,0,0,0,0,0,8
59,Assam,CHIRANG,2013,0,1,10,10,0,0,0,0,0,0,0,0,21
60,Assam,DARRANG,2013,0,0,0,0,0,0,0,0,0,0,0,0,0
61,Assam,DHEMAJI,2013,0,0,0,0,0,0,0,0,0,0,0,0,0
62,Assam,DHUBRI,2013,0,1,138,7,0,0,0,127,0,0,1,7,281
63,Assam,DIBRUGARH,2013,0,0,0,0,0,0,0,0,0,0,0,0,0
64,Assam,G.R.P.,2013,0,0,0,0,0,0,0,0,0,0,0,0,0
65,Assam,GOALPARA,2013,0,0,26,2,0,0,0,0,0,0,0,0,28
66,Assam,GOLAGHAT,2013,0,0,0,0,0,0,0,0,0,0,0,0,0
67,Assam,GUWAHATI CITY,2013,0,0,0,0,0,0,0,0,0,0,0,0,0
68,Assam,HAILAKANDI,2013,0,0,0,0,0,0,0,0,0,0,0,0,0
69,Assam,HAMREN,2013,0,0,0,0,0,0,0,0,0,0,0,0,0
70,Assam,JORHAT,2013,0,7,8,0,0,0,0,0,0,0,0,0,15
71,Assam,KAMRUP,2013,0,0,2,0,0,0,0,0,0,0,0,1,3
72,Assam,KARBI ANGLONG,2013,0,0,4,0,0,0,0,0,0,0,0,0,4
73,Assam,KARIMGANJ,2013,0,0,0,0,0,0,0,0,0,0,0,0,0
74,Assam,KOKRAJHAR,2013,0,0,1,7,0,0,0,0,0,0,0,0,8
75,Assam,LAKHIMPUR,2013,0,0,5,0,0,0,0,0,0,0,0,0,5
76,Assam,MORIGAON,2013,0,2,6,10,0,0,0,0,0,0,0,8,26
77,Assam,N.C.HILLS,2013,0,0,0,0,0,0,0,0,0,0,0,0,0
78,Assam,NAGAON,2013,0,0,7,0,0,0,0,0,0,0,0,0,7
79,Assam,NALBARI,2013,0,0,6,29,0,0,0,0,0,0,0,1,36
80,Assam,R.P.O.,2013,0,0,0,0,0,0,0,0,0,0,0,0,0
81,Assam,SIBSAGAR,2013,0,0,2,4,0,0,0,2,0,0,0,23,31
82,Assam,SONITPUR,2013,0,2,4,2,0,0,0,0,0,0,0,24,32
83,Assam,STF,2013,0,0,0,0,0,0,0,0,0,0,0,0,0
84,Assam,TINSUKIA,2013,0,1,4,0,0,0,0,0,0,0,0,0,5
85,Assam,UDALGURI,2013,0,0,0,0,0,0,0,0,0,0,0,0,0
86,Assam,TOTAL,2013,0,14,230,80,0,0,0,129,0,0,1,64,518
87,Bihar,ARARIA,2013,0,0,1,25,0,0,0,0,0,0,0,0,26
88,Bihar,ARWAL,2013,0,0,0,0,0,0,0,0,0,0,0,0,0
89,Bihar,AURANGABAD,2013,0,3,6,0,0,0,0,0,0,0,0,0,9
90,Bihar,BAGAHA,2013,0,0,0,0,0,0,0,0,0,0,0,0,0
91,Bihar,BANKA,2013,0,0,0,0,0,0,0,0,0,0,0,0,0
92,Bihar,BEGUSARAI,2013,0,4,1,0,0,0,0,0,0,0,0,0,5
93,Bihar,BETTIAH,2013,0,0,0,0,0,0,0,0,0,0,0,0,0
94,Bihar,BHABHUA,2013,0,0,0,48,0,0,0,0,0,0,0,0,48
95,Bihar,BHAGALPUR,2013,0,0,0,0,0,0,0,0,0,0,0,0,0
96,Bihar,BHOJPUR,2013,0,3,1,50,0,0,0,3,0,0,0,0,57
97,Bihar,BUXAR,2013,0,0,1,0,0,0,0,0,0,0,0,0,1
98,Bihar,DARBHANGA,2013,0,1,2,4,1,0,1,25,0,2,0,1,37
99,Bihar,GAYA,2013,0,9,21,91,0,0,0,0,0,0,0,3,124
100,Bihar,GOPALGANJ,2013,0,4,2,41,0,0,0,0,0,0,0,0,47
101,Bihar,JAMALPUR RLY.,2013,0,0,0,0,0,0,0,0,0,0,0,0,0
102,Bihar,JAMUI,2013,0,2,1,1,0,0,0,12,0,0,1,0,17
103,Bihar,JEHANABAD,2013,0,0,0,0,0,0,0,0,0,0,0,0,0
104,Bihar,KATIHAR,2013,0,7,5,13,0,0,0,0,0,0,0,0,25
105,Bihar,KATIHAR RLY.,2013,0,0,0,0,0,0,0,0,0,0,0,0,0
106,Bihar,KHAGARIA,2013,0,1,1,26,0,0,0,0,0,0,0,0,28
107,Bihar,KISHANGANJ,2013,0,0,0,0,0,0,0,0,0,0,0,0,0
108,Bihar,LAKHISARAI,2013,0,9,1,30,0,0,0,0,0,0,0,0,40
109,Bihar,MADHEPURA,2013,0,0,0,20,0,0,0,42,0,0,0,0,62
110,Bihar,MADHUBANI,2013,0,1,0,12,0,0,0,0,0,0,0,0,13
111,Bihar,MOTIHARI,2013,0,1,1,128,0,0,0,1,0,1,0,0,132
112,Bihar,MUNGER,2013,0,1,1,11,0,0,0,0,0,0,0,0,13
113,Bihar,MUZAFFARPUR,2013,0,6,6,226,0,0,0,0,0,0,0,0,238
114,Bihar,MUZAFFARPUR RLY.,2013,0,0,1,0,0,0,0,0,0,0,0,0,1
115,Bihar,NALANDA,2013,0,1,1,1,0,0,0,23,0,0,0,0,26
116,Bihar,NAUGACHIA,2013,0,0,0,0,0,0,0,0,0,0,0,2,2
117,Bihar,NAWADAH,2013,0,7,0,39,0,0,0,0,0,0,0,0,46
118,Bihar,PATNA,2013,0,10,0,0,0,0,0,15,0,0,0,0,25
119,Bihar,PATNA RLY.,2013,0,0,0,6,0,0,0,0,0,0,0,6,12
120,Bihar,PURNEA,2013,0,3,2,35,0,0,0,0,0,0,0,0,40
121,Bihar,ROHTAS,2013,0,8,4,110,0,0,0,4,0,0,0,0,126
122,Bihar,SAHARSA,2013,0,4,5,15,0,0,0,38,0,0,0,0,62
123,Bihar,SAMASTIPUR,2013,0,1,3,24,0,0,0,8,0,0,0,2,38
124,Bihar,SARAN,2013,0,1,0,107,0,0,0,0,0,0,0,0,108
125,Bihar,SHEIKHPURA,2013,0,0,8,36,0,0,0,0,0,0,0,0,44
126,Bihar,SHEOHAR,2013,0,0,0,0,0,0,0,22,0,0,0,0,22
127,Bihar,SITAMARHI,2013,0,0,0,0,0,0,0,0,0,0,0,0,0
128,Bihar,SIWAN,2013,0,1,1,5,0,0,0,0,0,0,0,0,7
129,Bihar,SUPAUL,2013,0,0,0,0,0,0,0,0,0,0,0,0,0
130,Bihar,VAISHALI,2013,0,13,10,76,0,0,0,0,0,0,0,0,99
131,Bihar,TOTAL,2013,0,101,86,1180,1,0,1,193,0,3,1,14,1580
132,Chhattisgarh,BALOD,2013,0,0,10,30,3,0,0,0,0,0,0,35,78
133,Chhattisgarh,BALODA BAZAR,2013,0,2,26,96,0,0,0,0,0,0,0,43,167
134,Chhattisgarh,BALRAMPUR,2013,0,4,4,13,0,0,0,0,0,0,0,40,61
135,Chhattisgarh,BEMETARA,2013,0,1,16,38,0,0,0,0,0,0,0,29,84
136,Chhattisgarh,BILASPUR,2013,0,1,13,25,2,0,0,0,0,0,0,75,116
137,Chhattisgarh,BIZAPUR,2013,0,0,1,14,0,1,0,0,0,0,0,21,37
138,Chhattisgarh,DANTEWARA,2013,1,6,1,6,0,0,0,0,0,0,0,5,19
139,Chhattisgarh,DHAMTARI,2013,0,0,21,33,0,0,3,0,0,0,0,34,91
140,Chhattisgarh,DURG,2013,0,6,60,103,0,0,0,0,0,0,0,202,371
141,Chhattisgarh,GARIYABAND,2013,0,0,24,16,0,0,0,0,0,0,0,14,54
142,Chhattisgarh,GRP RAIPUR,2013,0,0,1,2,0,0,3,0,0,0,0,0,6
143,Chhattisgarh,JAGDALPUR,2013,0,0,34,42,0,0,0,0,0,0,0,0,76
144,Chhattisgarh,JANJGIR,2013,0,7,25,191,1,2,1,0,0,0,0,109,336
145,Chhattisgarh,JASHPUR,2013,0,0,52,60,0,0,0,0,0,0,0,44,156
146,Chhattisgarh,KABIRDHAM,2013,0,1,4,1,0,0,0,0,0,0,0,35,41
147,Chhattisgarh,KANKER,2013,0,1,24,48,0,0,0,0,0,0,0,27,100
148,Chhattisgarh,KONDAGAON,2013,10,1,0,0,9,25,0,0,0,0,0,35,80
149,Chhattisgarh,KORBA,2013,0,4,26,73,0,0,0,0,0,0,0,40,143
150,Chhattisgarh,KORIYA,2013,0,2,32,70,0,0,0,0,0,0,0,30,134
151,Chhattisgarh,MAHASAMUND,2013,0,2,24,108,0,0,0,0,0,0,0,23,157
152,Chhattisgarh,MUNGELI,2013,0,0,16,55,0,0,0,0,0,0,0,17,88
153,Chhattisgarh,NARAYANPUR,2013,0,0,5,2,0,0,0,0,0,0,0,6,13
154,Chhattisgarh,RAIGARH,2013,1,3,15,106,0,0,0,0,0,0,1,27,153
155,Chhattisgarh,RAIPUR,2013,1,5,76,427,0,0,0,0,0,0,0,229,738
156,Chhattisgarh,RAJNANDGAON,2013,2,0,21,0,0,67,0,0,0,0,0,39,129
157,Chhattisgarh,SARGUJA,2013,0,1,28,18,0,0,0,0,0,0,0,66,113
158,Chhattisgarh,SUKMA,2013,0,0,0,0,0,0,0,0,0,0,0,0,0
159,Chhattisgarh,SURAJPUR,2013,0,2,36,57,0,0,0,44,0,0,0,57,196
160,Chhattisgarh,TOTAL,2013,15,49,595,1634,15,95,7,44,0,0,1,1282,3737
161,Goa,NORTH GOA,2013,0,0,33,43,0,1,0,0,0,0,0,79,156
162,Goa,SOUTH GOA,2013,0,0,26,47,0,0,2,0,0,0,0,39,114
163,Goa,TOTAL,2013,0,0,59,90,0,1,2,0,0,0,0,118,270
164,Gujarat,AHMEDABAD COMMR.,2013,0,0,49,344,0,0,24,0,0,2,0,0,419
165,Gujarat,AHMEDABAD RURAL,2013,0,4,1,21,0,0,0,0,0,0,0,0,26
166,Gujarat,AHWA-DANG,2013,0,0,0,1,0,0,0,0,0,0,0,1,2
167,Gujarat,AMRELI,2013,0,2,5,47,0,0,2,0,0,0,1,0,57
168,Gujarat,ANAND,2013,0,2,3,59,0,0,6,0,0,0,0,0,70
169,Gujarat,BHARUCH,2013,0,1,14,40,0,0,2,0,0,0,0,0,57
170,Gujarat,BHAVNAGAR,2013,0,8,5,22,0,0,9,0,0,0,1,23,68
171,Gujarat,CID CRIME,2013,0,0,0,0,0,0,0,0,0,0,0,0,0
172,Gujarat,DAHOD,2013,0,5,7,61,0,0,4,0,0,0,0,12,89
173,Gujarat,GANDHINAGAR,2013,0,2,9,25,0,0,1,0,0,0,0,0,37
174,Gujarat,HIMATNAGAR,2013,0,4,1,57,0,0,7,0,0,0,1,0,70
175,Gujarat,JAMNAGAR,2013,0,6,9,16,0,0,3,0,0,0,1,0,35
176,Gujarat,JUNAGADH,2013,0,6,14,46,0,0,4,0,0,0,2,8,80
177,Gujarat,KHEDA NORTH,2013,0,2,2,63,0,0,9,0,0,0,1,0,77
178,Gujarat,KUTCH (EAST(G)),2013,0,0,4,12,0,0,2,0,0,0,0,0,18
179,Gujarat,KUTCH (WEST-BHUJ),2013,0,0,13,26,0,0,2,0,0,0,0,0,41
180,Gujarat,MEHSANA,2013,0,4,0,4,0,0,0,0,0,0,1,45,54
181,Gujarat,NARMADA,2013,0,0,1,3,0,0,0,0,0,0,0,0,4
182,Gujarat,NAVSARI,2013,0,2,3,15,0,0,2,0,0,0,1,0,23
183,Gujarat,PALANPUR,2013,0,0,6,7,0,0,0,0,0,0,0,3,16
184,Gujarat,PANCHMAHAL,2013,0,4,9,79,0,0,6,0,0,0,0,0,98
185,Gujarat,PATAN,2013,0,0,3,5,0,0,2,0,0,0,0,3,13
186,Gujarat,PORBANDAR,2013,0,1,3,8,0,0,0,0,0,0,1,5,18
187,Gujarat,RAJKOT COMMR.,2013,0,1,5,39,1,0,10,0,0,0,0,18,74
188,Gujarat,RAJKOT RURAL,2013,0,4,7,58,0,0,1,0,0,0,0,3,73
189,Gujarat,SURAT COMMR.,2013,0,4,40,78,0,0,8,0,0,0,0,2,132
190,Gujarat,SURAT RURAL,2013,0,1,7,23,0,0,0,0,0,0,0,1,32
191,Gujarat,SURENDRANAGAR,2013,0,3,10,57,0,0,1,0,0,0,0,0,71
192,Gujarat,TAPI,2013,0,0,1,0,0,0,0,0,0,0,0,3,4
193,Gujarat,VADODARA COMMR.,2013,0,3,12,73,1,0,2,0,0,0,1,47,139
194,Gujarat,VADODARA RURAL,2013,0,4,12,65,0,0,1,0,0,0,0,4,86
195,Gujarat,VALSAD,2013,0,1,7,68,0,0,0,0,0,0,1,0,77
196,Gujarat,W.RLY AHMEDABAD,2013,0,2,0,6,0,0,0,0,0,0,0,0,8
197,Gujarat,W.RLY VADODARA,2013,0,1,1,1,0,0,5,0,0,0,0,0,8
198,Gujarat,TOTAL,2013,0,77,263,1429,2,0,113,0,0,2,12,178,2076
199,Haryana,AMBALA RURAL,2013,0,11,9,11,0,0,0,0,0,0,0,1,32
200,Haryana,AMBALA URBAN,2013,0,4,19,39,1,0,0,0,0,0,0,0,63
201,Haryana,BHIWANI,2013,0,2,23,58,0,0,0,0,0,0,0,15,98
202,Haryana,FARIDABAD,2013,0,5,31,41,4,0,0,0,0,0,0,13,94
203,Haryana,FATEHABAD,2013,0,2,10,28,3,0,0,0,0,0,0,8,51
204,Haryana,GRP,2013,0,1,2,3,6,0,0,0,0,0,0,0,12
205,Haryana,GURGAON,2013,0,8,17,184,0,0,3,0,0,0,0,0,212
206,Haryana,HISSAR,2013,0,6,28,77,0,0,0,0,0,0,6,0,117
207,Haryana,I&P HARYANA,2013,0,0,0,0,0,0,0,0,0,0,0,0,0
208,Haryana,JHAJJAR,2013,0,3,9,33,0,1,0,0,0,0,0,8,54
209,Haryana,JIND,2013,0,4,12,26,0,0,0,0,0,0,0,6,48
210,Haryana,KAITHAL,2013,0,0,11,23,0,0,0,0,0,1,4,25,64
211,Haryana,KARNAL,2013,0,2,43,137,0,0,1,0,0,1,1,37,222
212,Haryana,KURUKSHETRA,2013,0,0,6,4,0,0,0,0,0,0,1,23,34
213,Haryana,MAHENDRAGARH,2013,0,4,16,4,0,0,0,0,0,0,1,17,42
214,Haryana,MEWAT,2013,0,1,35,15,6,0,1,0,0,0,0,0,58
215,Haryana,PALWAL,2013,0,0,22,32,0,0,0,0,0,0,0,1,55
216,Haryana,PANCHKULA,2013,0,3,5,20,0,0,0,0,0,0,0,0,28
217,Haryana,PANIPAT,2013,0,6,20,50,1,5,2,0,0,0,2,0,86
218,Haryana,REWARI,2013,0,4,18,21,0,0,0,0,0,0,0,15,58
219,Haryana,ROHTAK,2013,0,3,6,2,0,0,0,0,0,0,0,28,39
220,Haryana,SIRSA,2013,0,1,28,62,0,0,0,0,0,0,0,0,91
221,Haryana,SONIPAT,2013,0,2,5,6,0,0,1,0,0,0,1,7,22
222,Haryana,YAMUNANAGAR,2013,0,1,13,35,0,0,0,0,0,0,1,10,60
223,Haryana,TOTAL,2013,0,73,388,911,21,6,8,0,0,2,17,214,1640
224,Himachal Pradesh,BADDIPOLICEDIST,2013,0,1,3,15,1,0,0,0,0,0,0,0,20
225,Himachal Pradesh,BILASPUR,2013,0,0,8,21,0,0,0,0,0,0,0,4,33
226,Himachal Pradesh,CHAMBA,2013,0,0,10,10,0,0,0,0,0,0,0,2,22
227,Himachal Pradesh,CID,2013,0,0,0,0,0,0,0,0,0,0,0,0,0
228,Himachal Pradesh,G.R.P.,2013,0,0,0,0,0,0,0,0,0,0,0,0,0
229,Himachal Pradesh,HAMIRPUR,2013,0,0,5,9,0,0,0,0,0,0,1,4,19
230,Himachal Pradesh,KANGRA,2013,0,2,17,31,0,0,2,0,0,0,1,19,72
231,Himachal Pradesh,KINNAUR,2013,0,0,4,3,0,0,0,0,0,0,0,0,7
232,Himachal Pradesh,KULLU,2013,0,2,14,20,0,0,0,0,0,0,0,10,46
233,Himachal Pradesh,LAHAUL-SPITI,2013,0,0,1,0,0,0,0,0,0,0,0,0,1
234,Himachal Pradesh,MANDI,2013,0,0,19,27,0,0,1,0,0,0,0,17,64
235,Himachal Pradesh,SHIMLA,2013,0,0,9,25,0,0,0,0,0,0,0,10,44
236,Himachal Pradesh,SIRMAUR,2013,0,0,13,16,1,1,3,0,0,0,0,6,40
237,Himachal Pradesh,SOLAN,2013,0,0,13,9,0,0,1,1,0,0,0,5,29
238,Himachal Pradesh,UNA,2013,0,0,14,12,0,0,0,0,0,0,0,5,31
239,Himachal Pradesh,TOTAL,2013,0,5,130,198,2,1,7,1,0,0,2,82,428
240,Jammu & Kashmir,ANANTNAG,2013,0,0,0,0,0,0,0,0,0,0,0,0,0
241,Jammu & Kashmir,AWANTIPORA,2013,0,0,0,0,0,0,0,0,0,0,0,0,0
242,Jammu & Kashmir,BANDIPORA,2013,0,0,0,0,0,0,0,0,0,0,0,0,0
243,Jammu & Kashmir,BARAMULLA,2013,0,0,0,0,0,0,0,0,0,0,0,0,0
244,Jammu & Kashmir,BUDGAM,2013,0,0,0,0,0,0,0,0,0,0,0,0,0
245,Jammu & Kashmir,CRIME JAMMU,2013,0,0,0,0,0,0,0,0,0,0,0,0,0
246,Jammu & Kashmir,CRIME SRINAGAR,2013,0,0,0,0,0,0,0,0,0,0,0,0,0
247,Jammu & Kashmir,DODA,2013,0,0,0,0,0,0,0,0,0,0,0,0,0
248,Jammu & Kashmir,GANDERBAL,2013,0,0,0,0,0,0,0,0,0,0,0,0,0
249,Jammu & Kashmir,HANDWARA,2013,0,0,0,0,0,0,0,0,0,0,0,0,0
250,Jammu & Kashmir,JAMMU,2013,0,1,0,0,0,0,0,0,0,0,0,2,3
251,Jammu & Kashmir,KARGIL,2013,0,0,0,0,0,0,0,0,0,0,0,0,0
252,Jammu & Kashmir,KATHUA,2013,0,2,6,11,0,0,3,0,0,0,0,6,28
253,Jammu & Kashmir,KISHTWAR,2013,0,0,0,0,0,0,0,0,0,0,0,0,0
254,Jammu & Kashmir,KULGAM,2013,0,0,0,0,0,0,0,0,0,0,0,0,0
255,Jammu & Kashmir,KUPWARA,2013,0,0,0,0,0,0,0,0,0,0,0,0,0
256,Jammu & Kashmir,LEH,2013,0,0,0,0,0,0,0,0,0,0,0,0,0
257,Jammu & Kashmir,POONCH,2013,0,1,8,10,0,0,0,0,0,0,0,1,20
258,Jammu & Kashmir,PULWAMA,2013,0,0,0,0,0,0,0,0,0,0,0,0,0
259,Jammu & Kashmir,RAILWAYS JAMMU,2013,0,0,0,0,0,0,0,0,0,0,0,0,0
260,Jammu & Kashmir,RAILWAYS KASHMIR,2013,0,0,0,0,0,0,0,0,0,0,0,0,0
261,Jammu & Kashmir,RAILWAYS KATRA,2013,0,0,0,0,0,0,0,0,0,0,0,0,0
262,Jammu & Kashmir,RAJOURI,2013,0,4,0,0,0,0,0,0,0,0,0,0,4
263,Jammu & Kashmir,RAMBAN,2013,0,0,0,0,0,0,0,0,0,0,0,0,0
264,Jammu & Kashmir,REASI,2013,0,0,1,1,0,0,0,0,0,0,0,0,2
265,Jammu & Kashmir,SAMBA,2013,0,0,3,1,0,0,0,1,0,0,0,0,5
266,Jammu & Kashmir,SHOPIAN,2013,0,0,0,0,0,0,0,0,0,0,0,0,0
267,Jammu & Kashmir,SOPORE,2013,0,2,2,0,0,0,0,0,0,0,0,0,4
268,Jammu & Kashmir,SRINAGAR,2013,0,1,0,0,0,0,0,0,0,0,0,0,1
269,Jammu & Kashmir,UDHAMPUR,2013,0,0,5,3,0,0,0,0,0,0,0,0,8
270,Jammu & Kashmir,TOTAL,2013,0,11,25,26,0,0,3,1,0,0,0,9,75
271,Jharkhand,BOKARO,2013,0,0,0,0,0,0,0,0,0,0,0,0,0
272,Jharkhand,CHAIBASA,2013,0,10,12,14,4,1,0,0,0,1,1,0,43
273,Jharkhand,CHATRA,2013,0,0,0,0,0,0,0,0,0,0,0,0,0
274,Jharkhand,DEOGHAR,2013,0,0,0,0,0,0,0,0,0,0,0,0,0
275,Jharkhand,DHANBAD,2013,0,0,0,0,0,0,0,0,0,0,0,3,3
276,Jharkhand,DHANBAD RLY.,2013,1,0,0,3,0,0,0,0,0,0,0,0,4
277,Jharkhand,DUMKA,2013,0,0,6,9,0,0,0,0,0,0,0,13,28
278,Jharkhand,GARHWA,2013,0,0,0,0,0,0,0,0,0,0,0,0,0
279,Jharkhand,GIRIDIH,2013,0,0,0,0,0,0,0,0,0,0,0,0,0
280,Jharkhand,GODDA,2013,0,0,0,0,0,0,0,0,0,0,0,0,0
281,Jharkhand,GUMLA,2013,0,0,3,21,0,0,0,7,2,4,0,0,37
282,Jharkhand,HAZARIBAGH,2013,0,0,0,0,0,0,0,0,0,0,0,0,0
283,Jharkhand,JAMSHEDPUR,2013,0,0,0,0,0,0,0,0,0,0,0,0,0
284,Jharkhand,JAMSHEDPUR RLY.,2013,0,0,0,0,0,0,0,0,0,0,0,0,0
285,Jharkhand,JAMTARA,2013,0,1,2,0,0,0,0,8,0,0,0,0,11
286,Jharkhand,KHUNTI,2013,0,0,0,0,0,0,0,0,0,0,0,0,0
287,Jharkhand,KODERMA,2013,0,0,0,0,0,0,0,0,0,0,0,0,0
288,Jharkhand,LATEHAR,2013,0,0,0,0,0,0,0,0,0,0,0,0,0
289,Jharkhand,LOHARDAGGA,2013,0,0,0,0,0,0,0,0,0,0,0,0,0
290,Jharkhand,PAKUR,2013,0,0,0,0,0,0,0,0,0,0,0,0,0
291,Jharkhand,PALAMU,2013,0,0,0,0,0,0,0,0,0,0,0,0,0
292,Jharkhand,RAMGARH,2013,0,0,0,0,0,0,0,0,0,0,0,0,0
293,Jharkhand,RANCHI,2013,0,0,0,0,0,0,0,0,0,0,0,0,0
294,Jharkhand,SAHEBGANJ,2013,0,0,0,1,0,0,0,2,0,0,0,0,3
295,Jharkhand,SARAIKELA,2013,0,0,0,0,0,0,0,0,0,0,0,0,0
296,Jharkhand,SIMDEGA,2013,0,0,0,0,0,0,0,0,0,0,0,0,0
297,Jharkhand,TOTAL,2013,1,11,23,48,4,1,0,17,2,5,1,16,129
298,Karnataka,BAGALKOT,2013,0,2,2,5,0,0,0,0,0,0,1,0,10
299,Karnataka,BANGALORE COMMR.,2013,0,11,34,479,0,0,26,47,0,1,3,80,681
300,Karnataka,BANGALORE RURAL,2013,0,0,0,0,0,0,0,0,0,0,0,0,0
301,Karnataka,BELGAUM,2013,1,17,40,12,0,0,12,8,0,0,2,15,107
302,Karnataka,BELLARY,2013,0,0,0,0,0,0,0,0,0,0,1,0,1
303,Karnataka,BIDAR,2013,0,2,13,13,0,0,15,0,0,0,0,0,43
304,Karnataka,BIJAPUR,2013,0,10,19,13,0,0,0,0,0,0,1,0,43
305,Karnataka,CBPURA,2013,0,1,1,1,0,0,0,0,0,0,1,4,8
306,Karnataka,CHAMARAJNAGAR,2013,0,0,2,0,0,0,0,0,0,0,0,0,2
307,Karnataka,CHICKMAGALUR,2013,0,1,0,2,0,0,0,0,0,0,0,5,8
308,Karnataka,CHITRADURGA,2013,0,1,15,12,0,0,0,0,0,0,0,0,28
309,Karnataka,DAKSHIN KANNADA,2013,0,3,9,7,0,0,0,0,0,0,0,5,24
310,Karnataka,DAVANAGERE,2013,0,2,9,11,0,0,0,0,0,0,4,4,30
311,Karnataka,DHARWAD COMMR.,2013,2,1,14,37,0,0,4,0,0,0,0,1,59
312,Karnataka,DHARWAD RURAL,2013,0,0,0,0,0,0,0,0,0,0,1,1,2
313,Karnataka,GADAG,2013,0,0,0,0,0,0,0,0,0,0,0,0,0
314,Karnataka,GULBARGA,2013,0,0,0,0,0,0,0,16,0,0,1,1,18
315,Karnataka,HASSAN,2013,0,0,0,0,0,0,0,0,0,0,0,0,0
316,Karnataka,HAVERI,2013,0,0,0,0,0,0,0,0,0,0,0,0,0
317,Karnataka,K.G.F.,2013,0,0,18,2,0,0,0,0,0,0,0,1,21
318,Karnataka,KODAGU,2013,0,0,13,14,0,0,0,0,0,0,0,0,27
319,Karnataka,KOLAR,2013,0,0,11,4,0,0,0,0,0,0,1,0,16
320,Karnataka,KOPPAL,2013,0,0,0,0,0,0,0,0,0,0,5,0,5
321,Karnataka,MANDYA,2013,0,2,17,20,0,0,0,0,0,0,0,6,45
322,Karnataka,MANGALORE CITY,2013,0,1,7,0,0,0,1,0,0,0,0,14,23
323,Karnataka,MYSORE COMMR.,2013,0,1,9,12,0,0,0,0,0,0,0,0,22
324,Karnataka,MYSORE RURAL,2013,0,2,0,0,0,0,0,0,0,0,0,0,2
325,Karnataka,RAICHUR,2013,0,0,0,0,0,0,0,0,0,0,1,0,1
326,Karnataka,RAILWAYS,2013,0,0,0,0,0,0,0,0,0,0,0,0,0
327,Karnataka,RAMANAGAR,2013,0,0,0,0,0,0,0,0,0,0,1,0,1
328,Karnataka,SHIMOGA,2013,0,5,34,43,0,0,0,0,0,0,2,8,92
329,Karnataka,TUMKUR,2013,1,0,0,0,0,0,0,0,0,0,1,1,3
330,Karnataka,UDUPI,2013,0,1,3,13,0,0,0,0,0,0,0,13,30
331,Karnataka,UTTAR KANNADA,2013,0,0,0,0,0,0,0,0,0,0,0,0,0
332,Karnataka,YADGIRI,2013,0,1,0,0,0,0,0,0,0,0,0,0,1
333,Karnataka,TOTAL,2013,4,64,270,700,0,0,58,71,0,1,26,159,1353
334,Kerala,ALAPUZHA,2013,0,0,28,6,0,3,0,0,0,0,1,73,111
335,Kerala,ERNAKULAM COMMR.,2013,0,0,22,6,0,0,0,0,0,0,0,43,71
336,Kerala,ERNAKULAM RURAL,2013,0,2,35,4,0,0,0,1,0,0,1,75,118
337,Kerala,IDUKKI,2013,0,5,40,2,0,0,0,0,0,0,0,58,105
338,Kerala,KANNUR,2013,0,4,28,7,0,0,0,3,0,0,1,56,99
339,Kerala,KASARGOD,2013,0,1,36,2,0,0,0,2,0,0,0,93,134
340,Kerala,KOLLAM COMMR.,2013,0,2,33,11,0,1,0,0,0,0,1,24,72
341,Kerala,KOLLAM RURAL,2013,0,2,51,6,0,1,1,0,0,0,0,25,86
342,Kerala,KOTTAYAM,2013,0,1,24,9,0,0,0,0,0,0,0,34,68
343,Kerala,KOZHIKODE COMMR.,2013,0,4,12,7,0,0,0,1,0,0,2,47,73
344,Kerala,KOZHIKODE RURAL,2013,0,0,27,14,0,2,0,2,0,0,0,58,103
345,Kerala,MALAPPURAM,2013,0,3,40,6,0,0,1,0,0,0,1,91,142
346,Kerala,PALAKKAD,2013,0,3,50,12,0,2,1,0,0,0,2,34,104
347,Kerala,PATHANAMTHITTA,2013,0,2,26,4,0,0,0,0,0,0,0,34,66
348,Kerala,RAILWAYS,2013,0,0,0,1,0,0,1,0,0,0,0,6,8
349,Kerala,THRISSUR COMMR.,2013,0,1,16,1,0,0,0,0,0,0,0,31,49
350,Kerala,THRISSUR RURAL,2013,0,3,31,7,0,0,0,3,0,0,2,70,116
351,Kerala,TRIVANDRUM COMMR.,2013,0,1,38,4,0,0,0,3,0,0,0,44,90
352,Kerala,TRIVANDRUM RURAL,2013,0,5,80,22,1,0,0,0,0,0,0,82,190
353,Kerala,WAYANADU,2013,0,1,20,5,0,0,0,0,0,0,0,46,72
354,Kerala,TOTAL,2013,0,40,637,136,1,9,4,15,0,0,11,1024,1877
355,Madhya Pradesh,AGAR,2013,0,0,24,18,0,1,0,0,0,0,0,0,43
356,Madhya Pradesh,ALIRAJPUR,2013,0,0,14,0,0,0,0,0,0,0,0,0,14
357,Madhya Pradesh,ANUPPUR,2013,0,0,39,33,1,0,0,0,0,0,1,38,112
358,Madhya Pradesh,ASHOK NAGAR,2013,0,3,42,24,0,0,3,0,0,0,1,58,131
359,Madhya Pradesh,BALAGHAT,2013,0,5,53,4,2,0,4,0,0,0,0,92,160
360,Madhya Pradesh,BARWANI,2013,0,1,18,3,2,0,0,0,0,0,0,0,24
361,Madhya Pradesh,BETUL,2013,3,3,52,74,1,0,0,0,0,0,0,75,208
362,Madhya Pradesh,BHIND,2013,0,1,1,1,0,0,0,0,0,0,0,6,9
363,Madhya Pradesh,BHOPAL,2013,0,8,96,52,0,0,0,0,0,0,0,54,210
364,Madhya Pradesh,BHOPAL RLY.,2013,0,0,1,3,0,0,5,0,0,0,0,4,13
365,Madhya Pradesh,BURHANPUR,2013,0,0,1,1,1,0,4,0,0,0,0,0,7
366,Madhya Pradesh,CHHATARPUR,2013,0,1,31,8,0,0,0,0,0,0,0,125,165
367,Madhya Pradesh,CHHINDWARA,2013,0,4,68,171,0,0,0,0,0,0,1,210,454
368,Madhya Pradesh,DAMOH,2013,0,0,0,0,0,0,0,0,0,0,0,0,0
369,Madhya Pradesh,DATIYA,2013,0,4,10,19,6,0,0,0,0,0,0,49,88
370,Madhya Pradesh,DEWAS,2013,0,1,29,3,0,0,0,0,0,0,1,91,125
371,Madhya Pradesh,DHAR,2013,0,2,53,163,0,0,0,0,0,0,0,2,220
372,Madhya Pradesh,DINDORI,2013,0,1,47,14,5,0,0,0,0,0,0,48,115
373,Madhya Pradesh,GUNA,2013,0,5,48,19,1,0,0,0,0,0,0,63,136
374,Madhya Pradesh,GWALIOR,2013,0,12,87,51,0,1,13,0,0,0,0,220,384
375,Madhya Pradesh,HARDA,2013,0,0,15,3,0,1,0,0,0,0,0,12,31
376,Madhya Pradesh,HOSHANGABAD,2013,0,1,45,87,0,0,0,0,0,0,0,21,154
377,Madhya Pradesh,INDORE,2013,0,4,128,367,5,0,22,0,0,0,0,219,745
378,Madhya Pradesh,INDORE RLY.,2013,0,0,0,0,0,0,0,0,0,0,0,0,0
379,Madhya Pradesh,JABALPUR,2013,1,5,61,105,7,0,0,0,0,0,0,208,387
380,Madhya Pradesh,JABALPUR RLY.,2013,0,0,1,1,0,0,3,0,0,0,0,0,5
381,Madhya Pradesh,JHABUA,2013,0,0,20,63,0,0,0,0,0,0,0,0,83
382,Madhya Pradesh,KATNI,2013,0,1,32,33,4,2,0,0,0,0,0,5,77
383,Madhya Pradesh,KHANDWA,2013,0,3,68,97,0,0,0,0,0,0,1,33,202
384,Madhya Pradesh,KHARGON,2013,0,0,46,1,0,0,0,0,0,0,0,9,56
385,Madhya Pradesh,MANDLA,2013,1,4,61,11,0,0,0,0,0,0,0,0,77
386,Madhya Pradesh,MANDSAUR,2013,0,2,30,21,0,0,0,0,0,0,0,55,108
387,Madhya Pradesh,MORENA,2013,0,1,10,16,0,0,15,0,0,0,1,3,46
388,Madhya Pradesh,NARSINGHPUR,2013,0,2,45,51,0,2,2,0,0,0,0,89,191
389,Madhya Pradesh,NEEMUCH,2013,0,1,34,40,1,0,0,0,0,3,0,2,81
390,Madhya Pradesh,PANNA,2013,0,0,29,12,0,0,0,0,0,0,0,16,57
391,Madhya Pradesh,RAISEN,2013,0,0,56,13,0,0,0,0,0,0,0,68,137
392,Madhya Pradesh,RAJGARH,2013,0,0,30,32,0,0,0,0,0,0,0,138,200
393,Madhya Pradesh,RATLAM,2013,1,2,48,51,4,0,3,0,0,0,0,65,174
394,Madhya Pradesh,REWA,2013,0,4,58,20,0,0,23,0,0,0,0,159,264
395,Madhya Pradesh,SAGAR,2013,0,1,32,17,16,0,0,0,0,0,0,289,355
396,Madhya Pradesh,SATNA,2013,0,8,79,4,0,4,10,21,0,0,0,110,236
397,Madhya Pradesh,SEONI,2013,0,2,47,44,5,0,0,0,0,0,0,74,172
398,Madhya Pradesh,SHAHDOL,2013,1,3,49,96,0,0,0,0,0,0,0,118,267
399,Madhya Pradesh,SHAJAPUR,2013,0,1,29,18,0,1,0,0,0,0,0,40,89
400,Madhya Pradesh,SHEOPUR,2013,0,0,0,0,0,0,0,0,0,0,0,0,0
401,Madhya Pradesh,SHIVPURI,2013,0,5,33,25,1,0,1,0,0,0,0,0,65
402,Madhya Pradesh,SIDHI,2013,0,0,30,61,0,0,10,0,0,0,0,11,112
403,Madhya Pradesh,SIHORE,2013,0,3,45,36,4,0,0,0,0,0,0,66,154
404,Madhya Pradesh,SINGRAULI,2013,0,1,17,79,2,2,0,0,0,0,0,60,161
405,Madhya Pradesh,TIKAMGARH,2013,1,2,46,32,0,0,6,0,0,0,0,101,188
406,Madhya Pradesh,UJJAIN,2013,0,3,77,32,0,0,0,0,0,0,0,150,262
407,Madhya Pradesh,UMARIYA,2013,0,1,15,28,0,0,0,0,0,0,0,24,68
408,Madhya Pradesh,VIDISHA,2013,0,3,82,105,11,2,0,0,0,0,0,222,425
409,Madhya Pradesh,TOTAL,2013,8,114,2112,2262,79,16,124,21,0,3,6,3502,8247
410,Maharashtra,AHMEDNAGAR,2013,0,6,59,30,1,3,0,0,0,0,0,60,159
411,Maharashtra,AKOLA,2013,0,3,29,24,0,0,12,0,0,0,0,63,131
412,Maharashtra,AMRAVATI COMMR.,2013,0,2,14,22,0,1,0,0,0,0,0,64,103
413,Maharashtra,AMRAVATI RURAL,2013,0,3,49,36,0,0,1,0,0,0,0,126,215
414,Maharashtra,AURANGABAD COMMR.,2013,0,4,6,39,1,0,4,0,0,0,2,36,92
415,Maharashtra,AURANGABAD RURAL,2013,0,4,16,12,0,1,1,0,0,0,1,24,59
416,Maharashtra,BEED,2013,0,12,37,23,0,1,6,1,0,0,2,63,145
417,Maharashtra,BHANDARA,2013,1,3,19,18,0,2,1,0,0,0,0,43,87
418,Maharashtra,BULDHANA,2013,0,6,33,19,0,0,4,0,0,0,1,59,122
419,Maharashtra,CHANDRAPUR,2013,0,4,52,33,2,2,3,0,0,0,0,93,189
420,Maharashtra,DHULE,2013,0,2,21,13,0,1,9,10,0,0,0,0,56
421,Maharashtra,GADCHIROLI,2013,0,1,17,3,0,0,0,0,0,0,0,29,50
422,Maharashtra,GONDIA,2013,0,2,23,9,0,0,0,0,0,0,0,32,66
423,Maharashtra,HINGOLI,2013,0,1,7,6,0,0,4,0,0,0,0,0,18
424,Maharashtra,JALGAON,2013,0,9,23,34,0,1,9,3,0,0,4,54,137
425,Maharashtra,JALNA,2013,0,3,4,2,0,0,6,0,0,0,0,5,20
426,Maharashtra,KOLHAPUR,2013,0,10,41,40,0,0,2,0,0,0,0,17,110
427,Maharashtra,LATUR,2013,0,4,7,2,0,0,0,0,0,0,0,25,38
428,Maharashtra,MUMBAI COMMR.,2013,2,7,221,279,9,2,26,2,0,2,0,352,902
429,Maharashtra,MUMBAI RLY.,2013,0,0,4,6,0,1,6,0,0,0,0,4,21
430,Maharashtra,NAGPUR COMMR.,2013,1,4,54,101,0,2,6,0,0,0,1,187,356
431,Maharashtra,NAGPUR RLY.,2013,0,0,1,3,0,0,23,0,0,0,0,0,27
432,Maharashtra,NAGPUR RURAL,2013,0,3,44,25,0,0,3,0,0,0,0,56,131
433,Maharashtra,NANDED,2013,0,4,22,25,1,0,22,0,0,0,0,45,119
434,Maharashtra,NANDURBAR,2013,0,1,10,8,0,0,3,0,0,0,0,14,36
435,Maharashtra,NASIK COMMR.,2013,0,1,8,26,0,1,5,0,0,0,0,31,72
436,Maharashtra,NASIK RURAL,2013,0,2,29,5,0,0,10,20,0,0,1,33,100
437,Maharashtra,NAVI MUMBAI,2013,1,7,33,63,0,2,5,0,0,0,0,69,180
438,Maharashtra,OSMANABAD,2013,0,0,23,28,0,3,3,0,0,0,0,34,91
439,Maharashtra,PARBHANI,2013,0,4,16,38,0,0,5,0,0,0,0,20,83
440,Maharashtra,PUNE COMMR.,2013,0,6,83,126,1,0,4,0,2,0,0,218,440
441,Maharashtra,PUNE RLY.,2013,0,1,3,2,0,0,8,0,0,0,0,0,14
442,Maharashtra,PUNE RURAL,2013,0,12,89,63,1,0,6,0,0,0,1,87,259
443,Maharashtra,RAIGAD,2013,0,2,21,9,0,0,0,0,0,0,0,19,51
444,Maharashtra,RATNAGIRI,2013,0,2,18,13,0,0,3,0,0,0,0,24,60
445,Maharashtra,SANGLI,2013,0,7,42,32,0,1,6,0,0,1,2,45,136
446,Maharashtra,SATARA,2013,0,9,44,43,1,0,5,0,0,0,0,90,192
447,Maharashtra,SINDHUDURG,2013,0,0,4,5,0,1,1,0,0,0,0,13,24
448,Maharashtra,SOLAPUR COMMR.,2013,0,4,19,17,0,0,1,4,0,0,0,0,45
449,Maharashtra,SOLAPUR RURAL,2013,0,9,35,18,0,0,10,0,0,0,1,38,111
450,Maharashtra,THANE COMMR.,2013,0,6,81,241,0,0,17,1,0,0,0,120,466
451,Maharashtra,THANE RURAL,2013,1,8,80,50,0,0,11,0,0,10,0,96,256
452,Maharashtra,WARDHA,2013,0,5,43,40,0,0,0,0,0,0,0,83,171
453,Maharashtra,WASHIM,2013,0,3,18,11,0,1,1,0,0,0,0,56,90
454,Maharashtra,YAVATMAL,2013,0,5,44,56,0,0,7,0,0,0,0,68,180
455,Maharashtra,TOTAL,2013,6,191,1546,1698,17,26,259,41,2,13,16,2595,6410
456,Manipur,BISHNUPUR,2013,0,0,7,4,0,0,0,0,0,0,0,0,11
457,Manipur,CHANDEL,2013,0,0,0,1,0,0,0,0,0,0,0,0,1
458,Manipur,CHURACHANDPUR,2013,0,0,0,0,0,0,0,2,0,0,0,0,2
459,Manipur,CID,2013,0,0,0,0,0,0,0,0,0,0,0,0,0
460,Manipur,IMPHAL EAST,2013,0,0,4,22,0,0,0,0,0,0,0,0,26
461,Manipur,IMPHAL WEST,2013,0,3,16,20,0,0,0,5,0,0,0,0,44
462,Manipur,SENAPATI,2013,0,0,0,3,0,0,0,0,0,0,0,0,3
463,Manipur,TAMENGLONG,2013,0,0,0,1,0,0,0,0,0,0,0,0,1
464,Manipur,THOUBAL,2013,0,0,13,5,0,0,0,15,0,0,0,2,35
465,Manipur,UKHRUL,2013,0,0,0,0,0,0,0,0,0,0,0,0,0
466,Manipur,TOTAL,2013,0,3,40,56,0,0,0,22,0,0,0,2,123
467,Meghalaya,GARO HILLS EAST,2013,0,4,4,0,0,0,0,0,0,0,0,0,8
468,Meghalaya,GARO HILLS NORTH,2013,0,1,0,2,0,0,0,0,0,0,0,3,6
469,Meghalaya,GARO HILLS SOUTH,2013,0,0,6,2,0,0,0,0,0,0,0,1,9
470,Meghalaya,GARO HILLS SOUTH W.,2013,0,0,5,0,0,0,0,0,0,0,0,0,5
471,Meghalaya,GARO HILLS WEST,2013,0,0,12,0,0,0,0,7,0,0,0,4,23
472,Meghalaya,JAINTIA HILLS EAST,2013,0,0,8,1,0,0,0,0,0,0,0,0,9
473,Meghalaya,JAINTIA HILLS WEST,2013,0,0,13,2,0,0,0,0,0,0,0,0,15
474,Meghalaya,KHASI HILLS EAST,2013,0,1,38,23,0,0,0,0,0,0,0,6,68
475,Meghalaya,KHASI HILLS SOUTH W.,2013,0,2,5,0,0,0,0,0,0,0,0,0,7
476,Meghalaya,KHASI HILLS WEST,2013,1,0,9,4,0,0,0,0,0,0,0,5,19
477,Meghalaya,RI-BHOI,2013,0,0,12,1,0,0,0,1,0,0,0,0,14
478,Meghalaya,TOTAL,2013,1,8,112,35,0,0,0,8,0,0,0,19,183
479,Mizoram,AIZAWL,2013,0,0,22,0,0,0,0,0,0,0,0,11,33
480,Mizoram,CHAMPHAI,2013,0,0,8,1,0,0,0,0,0,0,0,0,9
481,Mizoram,KOLASIB,2013,0,1,3,1,0,0,0,0,0,0,0,0,5
482,Mizoram,LAWNGTLAI,2013,0,0,3,0,0,0,0,0,0,0,0,0,3
483,Mizoram,LUNGLEI,2013,0,0,11,0,0,0,0,0,0,0,0,0,11
484,Mizoram,MAMIT,2013,0,1,3,0,0,0,0,0,0,0,0,6,10
485,Mizoram,SAIHA,2013,0,0,3,0,0,0,0,0,0,0,0,0,3
486,Mizoram,SERCHHIP,2013,0,0,4,0,0,0,0,0,0,0,0,0,4
487,Mizoram,SPL NARCOTIC,2013,0,0,0,0,0,0,0,0,0,0,0,0,0
488,Mizoram,TRAFFIC PS,2013,0,0,0,0,0,0,0,0,0,0,0,0,0
489,Mizoram,TOTAL,2013,0,2,57,2,0,0,0,0,0,0,0,17,78
490,Nagaland,DIMAPUR,2013,0,0,2,4,0,0,0,0,0,0,0,1,7
491,Nagaland,KIPHIRE,2013,0,0,0,0,0,0,0,0,0,0,0,0,0
492,Nagaland,KOHIMA,2013,0,0,0,0,0,0,0,0,0,0,0,0,0
493,Nagaland,LONGLENG,2013,0,0,0,0,0,0,0,0,0,0,0,0,0
494,Nagaland,MOKOKCHUNG,2013,0,0,0,0,0,0,0,0,0,0,0,0,0
495,Nagaland,MON,2013,0,0,0,0,0,0,0,0,0,0,0,0,0
496,Nagaland,PEREN,2013,0,0,1,0,0,0,0,0,0,0,0,0,1
497,Nagaland,PHEK,2013,0,0,0,0,0,0,0,0,0,0,0,0,0
498,Nagaland,TUENSANG,2013,0,0,0,0,0,0,0,0,0,0,0,0,0
499,Nagaland,WOKHA,2013,0,0,0,0,0,0,0,0,0,0,0,0,0
500,Nagaland,ZUNHEBOTO,2013,0,0,0,0,0,0,0,0,0,0,0,0,0
501,Nagaland,TOTAL,2013,0,0,3,4,0,0,0,0,0,0,0,1,8
502,Odisha,ANGUL,2013,0,3,10,1,0,0,0,0,0,0,0,49,63
503,Odisha,BALASORE,2013,0,1,49,61,1,0,0,68,0,0,0,2,182
504,Odisha,BARAGARH,2013,0,1,32,27,0,0,0,0,0,0,0,0,60
505,Odisha,BERHAMPUR,2013,0,0,0,0,0,0,0,0,0,0,0,0,0
506,Odisha,BHADRAK,2013,0,0,0,0,0,0,0,0,0,0,0,0,0
507,Odisha,BOLANGIR,2013,0,0,24,0,0,0,0,0,0,0,0,0,24
508,Odisha,BOUDH,2013,0,0,39,36,0,0,0,0,0,0,0,0,75
509,Odisha,CUTTACK,2013,0,0,9,0,0,0,0,8,0,0,0,0,17
510,Odisha,DCP BBSR,2013,0,0,27,0,0,0,0,0,0,0,0,0,27
511,Odisha,DCP CTC,2013,0,0,0,0,0,0,0,0,0,0,0,26,26
512,Odisha,DEOGARH,2013,0,2,5,10,0,0,0,0,0,0,0,0,17
513,Odisha,DHENKANAL,2013,0,0,10,0,0,0,0,0,0,0,0,0,10
514,Odisha,GAJAPATI,2013,0,1,16,4,0,0,0,0,0,0,0,1,22
515,Odisha,GANJAM,2013,0,0,2,0,0,0,0,0,0,0,0,0,2
516,Odisha,JAGATSINGHPUR,2013,0,0,0,0,0,0,0,0,0,0,0,0,0
517,Odisha,JAJPUR,2013,0,0,24,0,0,0,0,0,0,0,0,0,24
518,Odisha,JHARSUGUDA,2013,0,0,4,24,0,0,0,1,0,0,0,0,29
519,Odisha,KALAHANDI,2013,0,7,41,46,0,0,0,0,0,0,0,0,94
520,Odisha,KANDHAMAL,2013,0,0,1,2,0,0,0,0,0,0,0,3,6
521,Odisha,KENDRAPARA,2013,0,3,23,37,0,0,0,0,0,0,0,0,63
522,Odisha,KEONJHAR,2013,0,2,60,6,0,0,0,0,0,0,0,0,68
523,Odisha,KHURDA,2013,0,0,0,0,0,0,0,0,0,0,0,0,0
524,Odisha,KORAPUT,2013,0,0,0,0,0,0,0,0,0,0,0,0,0
525,Odisha,MALKANGIR,2013,0,0,9,0,0,0,0,0,0,0,0,0,9
526,Odisha,MAYURBHANJ,2013,0,1,4,2,0,0,0,0,0,0,0,43,50
527,Odisha,NAYAGARH,2013,0,0,12,23,0,0,0,0,0,0,0,0,35
528,Odisha,NOWRANGPUR,2013,0,0,0,0,0,0,0,0,0,0,0,0,0
529,Odisha,NUAPADA,2013,0,0,0,32,0,0,0,0,0,0,0,15,47
530,Odisha,PURI,2013,0,0,0,0,0,0,0,0,0,0,0,0,0
531,Odisha,RAYAGADA,2013,0,3,58,7,0,1,0,1,0,0,0,0,70
532,Odisha,ROURKELA,2013,0,0,0,0,0,0,0,0,0,0,0,0,0
533,Odisha,SAMBALPUR,2013,0,2,6,2,0,0,0,0,0,0,0,0,10
534,Odisha,SONEPUR,2013,0,0,5,5,0,0,0,0,0,0,0,0,10
535,Odisha,SRP(CUTTACK),2013,0,0,0,0,0,0,0,1,0,0,0,0,1
536,Odisha,SRP(ROURKELA),2013,0,0,1,3,0,0,0,0,0,0,0,0,4
537,Odisha,SUNDARGARH,2013,0,2,38,38,0,0,0,0,0,0,0,0,78
538,Odisha,TOTAL,2013,0,28,509,366,1,1,0,79,0,0,0,139,1123
539,Punjab,AMRITSAR RURAL,2013,0,0,20,49,0,0,0,0,0,0,0,13,82
540,Punjab,BARNALA,2013,0,1,10,25,0,0,0,0,0,0,0,0,36
541,Punjab,BATALA,2013,0,0,26,26,1,0,0,0,0,0,0,6,59
542,Punjab,BHATINDA,2013,0,4,35,44,3,0,0,0,0,0,0,0,86
543,Punjab,CP AMRITSAR,2013,0,0,16,52,0,0,0,1,0,0,0,9,78
544,Punjab,CP JALANDHAR,2013,0,1,25,51,6,0,0,0,0,0,0,0,83
545,Punjab,CP LUDHIANA,2013,0,7,68,70,0,0,8,0,0,0,0,2,155
546,Punjab,FARIDKOT,2013,0,0,7,0,0,0,0,0,0,0,0,0,7
547,Punjab,FATEHGARH SAHIB,2013,1,0,8,14,0,0,0,0,0,0,0,8,31
548,Punjab,FAZILKA,2013,0,1,21,22,0,0,0,0,0,0,0,3,47
549,Punjab,FEROZPUR,2013,0,0,8,22,0,0,0,0,0,0,0,0,30
550,Punjab,G.R.P,2013,3,0,1,0,0,0,0,0,0,0,0,0,4
551,Punjab,GURDASPUR,2013,0,0,12,9,0,0,0,0,0,0,0,4,25
552,Punjab,HOSHIARPUR,2013,0,0,21,0,0,0,0,0,0,0,0,0,21
553,Punjab,JALANDHAR RURAL,2013,0,2,21,18,0,0,0,0,0,0,0,6,47
554,Punjab,KAPURTHALA,2013,0,2,9,27,0,0,0,0,0,0,0,6,44
555,Punjab,KHANNA,2013,0,0,13,6,0,0,0,0,0,0,0,0,19
556,Punjab,LUDHIANA RURAL,2013,0,0,6,16,0,0,0,0,0,0,0,0,22
557,Punjab,MANSA,2013,0,1,11,8,0,0,0,0,0,0,0,11,31
558,Punjab,MOGA,2013,3,1,9,22,0,0,0,0,0,0,0,0,35
559,Punjab,MUKTSAR,2013,0,1,10,38,0,0,0,0,0,0,0,8,57
560,Punjab,PATHANKOT,2013,0,1,6,9,0,0,0,0,0,0,0,0,16
561,Punjab,PATIALA,2013,0,3,37,44,2,0,0,0,0,0,0,4,90
562,Punjab,ROPAR,2013,0,0,7,19,0,0,0,0,0,0,0,0,26
563,Punjab,SANGRUR,2013,0,4,32,21,0,0,0,0,0,0,0,0,57
564,Punjab,SAS NGR,2013,0,0,21,57,0,0,0,0,0,0,0,18,96
565,Punjab,SBS NAGAR,2013,0,0,17,7,0,0,0,0,0,0,0,0,24
566,Punjab,TARN TARAN,2013,0,1,13,14,0,0,0,0,0,0,0,0,28
567,Punjab,TOTAL,2013,7,30,490,690,12,0,8,1,0,0,0,98,1336
568,Rajasthan,AJMER,2013,4,2,12,13,0,0,2,4,0,0,1,0,38
569,Rajasthan,ALWAR,2013,0,11,83,101,0,0,7,0,0,0,0,0,202
570,Rajasthan,BANSWARA,2013,0,0,0,32,0,0,9,0,0,0,0,0,41
571,Rajasthan,BARAN,2013,0,1,5,2,0,0,4,0,0,0,0,64,76
572,Rajasthan,BARMER,2013,0,0,18,12,1,0,9,0,0,0,0,0,40
573,Rajasthan,BHARATPUR,2013,0,11,34,97,1,0,11,0,0,0,0,0,154
574,Rajasthan,BHILWARA,2013,0,2,41,40,1,0,11,0,0,0,0,0,95
575,Rajasthan,BIKANER,2013,0,0,0,0,0,0,2,0,0,0,0,2,4
576,Rajasthan,BUNDI,2013,0,0,32,45,0,0,1,0,0,0,0,0,78
577,Rajasthan,CHITTORGARH,2013,0,1,34,10,0,0,1,0,1,0,1,13,61
578,Rajasthan,CHURU,2013,0,0,28,11,4,0,1,0,0,0,0,0,44
579,Rajasthan,DAUSA,2013,0,1,12,43,0,0,0,0,0,0,0,0,56
580,Rajasthan,DHOLPUR,2013,0,4,19,15,0,0,4,0,0,0,0,10,52
581,Rajasthan,DISCOM,2013,0,0,0,0,0,0,0,0,0,0,0,0,0
582,Rajasthan,DUNGARPUR,2013,0,1,48,57,0,0,0,0,0,0,0,0,106
583,Rajasthan,G.R.P.AJMER,2013,0,0,0,7,0,0,12,0,0,0,0,0,19
584,Rajasthan,G.R.P.JODHPUR,2013,0,0,0,0,0,0,1,0,0,0,0,0,1
585,Rajasthan,GANGANAGAR,2013,0,1,25,42,2,0,7,13,0,0,0,10,100
586,Rajasthan,HANUMANGARH,2013,0,0,38,28,3,0,0,24,0,0,0,3,96
587,Rajasthan,JAIPUR EAST,2013,0,1,8,68,0,0,12,0,0,0,1,2,92
588,Rajasthan,JAIPUR NORTH,2013,1,1,5,28,5,0,4,1,0,0,0,23,68
589,Rajasthan,JAIPUR RURAL,2013,0,4,28,69,3,0,18,0,0,0,0,5,127
590,Rajasthan,JAIPUR SOUTH,2013,0,0,15,38,0,1,1,0,0,0,0,11,66
591,Rajasthan,JAIPUR WEST,2013,0,0,13,116,5,0,1,0,0,0,0,9,144
592,Rajasthan,JAISALMER,2013,0,0,9,2,0,0,1,0,0,0,0,0,12
593,Rajasthan,JALORE,2013,0,3,18,19,0,0,4,0,0,0,1,0,45
594,Rajasthan,JHALAWAR,2013,0,0,37,76,0,0,4,0,0,0,0,0,117
595,Rajasthan,JHUNJHUNU,2013,1,2,34,29,0,0,5,0,0,0,0,0,71
596,Rajasthan,JODHPUR EAST,2013,0,1,2,5,0,0,6,0,0,0,0,0,14
597,Rajasthan,JODHPUR RURAL,2013,1,1,25,26,0,0,0,0,0,0,0,0,53
598,Rajasthan,JODHPUR WEST,2013,0,1,19,26,0,0,8,0,0,0,0,0,54
599,Rajasthan,KARAULI,2013,0,0,9,25,1,0,1,0,0,0,0,0,36
600,Rajasthan,KOTA CITY,2013,0,1,28,0,0,0,13,8,0,0,0,0,50
601,Rajasthan,KOTA RURAL,2013,0,0,0,0,2,0,1,4,0,0,0,0,7
602,Rajasthan,NAGAUR,2013,0,1,27,36,1,0,4,0,0,0,0,15,84
603,Rajasthan,PALI,2013,0,0,0,0,0,0,0,0,0,0,0,0,0
604,Rajasthan,PRATAPGARH,2013,0,1,55,42,0,0,6,0,0,0,0,0,104
605,Rajasthan,RAJSAMAND,2013,0,1,9,8,0,0,4,0,0,0,0,1,23
606,Rajasthan,SAWAI MADHOPUR,2013,0,3,12,32,1,0,5,0,0,0,0,0,53
607,Rajasthan,SIKAR,2013,0,0,26,45,0,0,16,0,0,0,0,0,87
608,Rajasthan,SIROHI,2013,0,3,18,20,0,0,0,0,0,0,1,2,44
609,Rajasthan,TONK,2013,0,1,14,25,4,0,6,0,0,0,0,0,50
610,Rajasthan,UDAIPUR,2013,1,4,52,136,0,0,24,0,0,0,0,7,224
611,Rajasthan,TOTAL,2013,8,64,892,1426,34,1,226,54,1,0,5,177,2888
612,Sikkim,EAST,2013,0,0,16,8,0,0,0,0,0,0,0,0,24
613,Sikkim,NORTH,2013,0,0,0,0,0,0,0,0,0,0,0,0,0
614,Sikkim,SOUTH,2013,0,0,5,5,0,0,0,0,0,0,0,0,10
615,Sikkim,WEST,2013,0,0,4,1,0,0,0,0,0,0,0,0,5
616,Sikkim,TOTAL,2013,0,0,25,14,0,0,0,0,0,0,0,0,39
617,Tamil Nadu,ARIYALUR,2013,0,3,2,3,0,0,0,0,0,0,1,4,13
618,Tamil Nadu,CHENNAI,2013,0,12,48,52,0,0,0,0,0,0,0,0,112
619,Tamil Nadu,CHENNAI RLY.,2013,0,0,0,0,0,0,0,0,0,0,0,0,0
620,Tamil Nadu,COIMBATORE RURAL,2013,0,2,7,6,0,0,0,0,0,0,0,0,15
621,Tamil Nadu,COIMBATORE URBAN,2013,0,1,12,2,0,0,0,0,0,0,0,0,15
622,Tamil Nadu,CUDDALORE,2013,0,0,11,0,0,0,0,0,0,0,0,0,11
623,Tamil Nadu,DHARMAPURI,2013,1,4,14,89,0,0,0,0,0,0,11,11,130
624,Tamil Nadu,DINDIGUL,2013,0,4,1,1,0,0,0,0,0,0,0,4,10
625,Tamil Nadu,ERODE,2013,0,1,9,5,0,0,0,0,0,0,0,0,15
626,Tamil Nadu,KANCHIPURAM,2013,0,1,0,0,0,0,0,0,0,0,0,0,1
627,Tamil Nadu,KANYAKUMARI,2013,0,3,5,17,0,0,0,0,0,0,2,8,35
628,Tamil Nadu,KARUR,2013,0,4,3,0,0,0,0,0,0,0,0,0,7
629,Tamil Nadu,KRISHNAGIRI,2013,1,5,4,43,0,0,0,0,0,0,2,0,55
630,Tamil Nadu,MADURAI RURAL,2013,0,0,0,1,0,0,1,0,0,0,14,0,16
631,Tamil Nadu,MADURAI URBAN,2013,8,1,10,10,0,0,0,0,0,0,0,0,29
632,Tamil Nadu,NAGAPATTINAM,2013,0,0,5,0,0,0,0,0,0,0,0,0,5
633,Tamil Nadu,NAMAKKAL,2013,0,2,16,22,0,0,0,0,0,0,10,0,50
634,Tamil Nadu,NILGIRIS,2013,0,1,13,7,0,1,0,0,0,0,0,0,22
635,Tamil Nadu,PERAMBALUR,2013,0,1,4,0,0,0,0,0,0,0,1,0,6
636,Tamil Nadu,PUDUKOTTAI,2013,0,1,1,1,0,0,0,0,0,0,1,1,5
637,Tamil Nadu,RAMNATHAPURAM,2013,0,1,0,0,0,0,0,0,0,0,1,12,14
638,Tamil Nadu,SALEM RURAL,2013,0,1,19,39,0,0,0,0,0,0,1,0,60
639,Tamil Nadu,SALEM URBAN,2013,0,0,13,10,0,0,0,0,0,0,1,4,28
640,Tamil Nadu,SIVAGANGAI,2013,0,3,6,11,0,0,0,0,0,0,0,0,20
641,Tamil Nadu,THANJAVUR,2013,0,2,22,1,0,0,0,0,0,0,0,9,34
642,Tamil Nadu,THENI,2013,0,3,14,16,0,0,0,0,0,0,3,0,36
643,Tamil Nadu,THIRUNELVELI RURAL,2013,1,6,45,60,1,0,0,0,0,0,0,13,126
644,Tamil Nadu,THIRUNELVELI URBAN,2013,0,2,7,1,0,0,0,0,0,0,0,0,10
645,Tamil Nadu,THIRUVALLUR,2013,0,1,8,11,0,0,0,0,0,0,0,0,20
646,Tamil Nadu,THIRUVANNAMALAI,2013,0,4,14,6,0,0,0,0,0,0,2,0,26
647,Tamil Nadu,THIRUVARUR,2013,0,0,1,0,0,0,0,0,0,0,1,1,3
648,Tamil Nadu,THOOTHUGUDI,2013,0,3,20,10,0,0,0,0,0,0,2,10,45
649,Tamil Nadu,TIRUPPUR,2013,0,6,11,0,0,0,0,0,0,0,0,0,17
650,Tamil Nadu,TRICHY RLY.,2013,0,0,0,0,0,0,0,0,0,0,0,1,1
651,Tamil Nadu,TRICHY RURAL,2013,0,0,9,16,0,0,0,0,0,0,0,11,36
652,Tamil Nadu,TRICHY URBAN,2013,0,1,8,5,0,0,0,0,0,0,1,0,15
653,Tamil Nadu,VELLORE,2013,0,2,32,2,0,0,0,0,0,0,2,2,40
654,Tamil Nadu,VILLUPURAM,2013,0,2,16,48,0,0,0,0,0,0,0,19,85
655,Tamil Nadu,VIRUDHUNAGAR,2013,2,0,9,4,0,1,1,0,0,0,0,3,20
656,Tamil Nadu,TOTAL,2013,13,83,419,499,1,2,2,0,0,0,56,113,1188
657,Tripura,DHALAI,2013,0,0,6,10,0,0,0,0,0,0,0,8,24
658,Tripura,GOMATI,2013,0,4,2,0,0,0,0,0,0,0,0,1,7
659,Tripura,GRP,2013,0,0,0,0,0,0,0,0,0,0,0,0,0
660,Tripura,KHOWAI,2013,0,1,9,1,0,0,0,0,0,0,0,11,22
661,Tripura,NORTH,2013,0,0,1,0,0,0,0,0,0,0,0,1,2
662,Tripura,SIPAHIJALA,2013,0,2,14,9,0,0,0,0,0,0,0,0,25
663,Tripura,SOUTH,2013,0,1,1,0,0,0,0,0,0,0,0,0,2
664,Tripura,UNAKOTI,2013,0,1,1,1,0,0,0,0,0,0,1,5,9
665,Tripura,WEST,2013,0,0,9,0,0,0,0,0,0,0,0,0,9
666,Tripura,TOTAL,2013,0,9,43,21,0,0,0,0,0,0,1,26,100
667,Uttar Pradesh,AGRA,2013,1,18,30,126,0,3,0,0,0,0,0,9,187
668,Uttar Pradesh,ALIGARH,2013,1,22,52,212,0,0,0,0,0,0,0,10,297
669,Uttar Pradesh,ALLAHABAD,2013,0,13,30,130,0,0,0,0,0,0,0,0,173
670,Uttar Pradesh,AMBEDKAR NAGAR,2013,0,3,1,14,0,0,0,0,0,0,0,34,52
671,Uttar Pradesh,AMETHI,2013,0,2,18,44,0,0,0,0,0,0,0,15,79
672,Uttar Pradesh,AMROHA,2013,0,11,9,39,0,0,0,0,0,0,0,0,59
673,Uttar Pradesh,AURAIYA,2013,0,3,8,65,0,0,0,0,0,0,0,17,93
674,Uttar Pradesh,AZAMGARH,2013,0,3,34,60,1,0,0,0,0,0,0,12,110
675,Uttar Pradesh,BADAUN,2013,0,13,27,121,0,0,0,0,0,0,0,10,171
676,Uttar Pradesh,BAGHPAT,2013,0,5,10,36,0,0,0,0,0,0,0,7,58
677,Uttar Pradesh,BAHRAICH,2013,0,3,20,98,0,0,0,0,0,0,0,23,144
678,Uttar Pradesh,BALLIA,2013,0,2,13,56,0,0,0,0,0,0,0,26,97
679,Uttar Pradesh,BALRAMPUR,2013,0,2,11,44,0,0,0,0,0,0,0,6,63
680,Uttar Pradesh,BANDA,2013,0,6,19,37,0,0,0,0,0,0,0,103,165
681,Uttar Pradesh,BARABANKI,2013,1,14,23,55,0,0,0,0,0,0,0,37,130
682,Uttar Pradesh,BAREILLY,2013,1,5,41,190,0,0,0,0,0,0,0,67,304
683,Uttar Pradesh,BASTI,2013,0,0,12,73,0,0,0,0,0,0,0,20,105
684,Uttar Pradesh,BIJNOR,2013,0,28,34,67,0,0,0,0,0,0,0,78,207
685,Uttar Pradesh,BULANDSHAHAR,2013,0,18,27,112,1,0,0,0,0,0,1,38,197
686,Uttar Pradesh,CHANDOLI,2013,0,1,11,35,0,0,0,0,0,0,1,23,71
687,Uttar Pradesh,CHITRAKOOT DHAM,2013,0,0,17,21,0,0,0,0,0,0,0,1,39
688,Uttar Pradesh,DEORIA,2013,0,8,30,161,0,1,0,0,0,0,0,23,223
689,Uttar Pradesh,ETAH,2013,1,7,23,13,0,8,0,0,0,0,1,41,94
690,Uttar Pradesh,ETAWAH,2013,1,6,18,55,0,0,0,0,0,0,0,1,81
691,Uttar Pradesh,FAIZABAD,2013,0,11,22,94,0,0,0,0,0,0,0,0,127
692,Uttar Pradesh,FATEHGARH,2013,0,7,7,10,0,0,0,0,0,0,0,11,35
693,Uttar Pradesh,FATEHPUR,2013,0,3,27,75,0,0,0,0,0,0,0,36,141
694,Uttar Pradesh,FIROZABAD,2013,0,4,39,169,0,0,0,0,0,0,0,0,212
695,Uttar Pradesh,G.R.P.,2013,0,1,3,33,0,0,1,0,0,0,0,3,41
696,Uttar Pradesh,GAUTAMBUDH NAGAR,2013,0,12,8,133,1,0,0,0,0,0,0,21,175
697,Uttar Pradesh,GHAZIABAD,2013,1,3,14,180,4,4,0,0,0,0,0,34,240
698,Uttar Pradesh,GHAZIPUR,2013,0,1,13,91,2,3,0,0,0,0,0,17,127
699,Uttar Pradesh,GONDA,2013,0,1,14,93,0,0,0,0,0,0,0,32,140
700,Uttar Pradesh,GORAKHPUR,2013,0,8,21,170,0,2,0,0,0,0,0,36,237
701,Uttar Pradesh,HAMIRPUR,2013,0,0,15,15,0,0,0,0,0,0,0,25,55
702,Uttar Pradesh,HAPUR,2013,0,2,15,38,0,0,0,0,0,0,0,5,60
703,Uttar Pradesh,HARDOI,2013,0,1,19,130,1,7,0,0,0,0,0,17,175
704,Uttar Pradesh,HATHRAS,2013,0,9,21,71,0,0,0,0,0,0,0,26,127
705,Uttar Pradesh,JALAUN,2013,0,6,6,33,0,0,0,0,0,0,0,20,65
706,Uttar Pradesh,JAUNPUR,2013,0,0,53,131,0,0,0,0,0,0,0,39,223
707,Uttar Pradesh,JHANSI,2013,0,5,9,41,0,0,0,0,0,0,0,33,88
708,Uttar Pradesh,KANNAUJ,2013,0,7,12,83,0,0,0,0,0,0,0,21,123
709,Uttar Pradesh,KANPUR DEHAT,2013,0,11,22,74,0,0,0,0,0,0,1,1,109
710,Uttar Pradesh,KANPUR NAGAR,2013,0,10,19,152,0,0,0,0,0,0,0,32,213
711,Uttar Pradesh,KASGANJ,2013,0,3,9,70,0,0,0,0,0,0,0,10,92
712,Uttar Pradesh,KAUSHAMBI,2013,0,1,7,37,0,0,0,0,0,0,0,0,45
713,Uttar Pradesh,KHIRI,2013,0,7,23,127,0,0,0,0,0,0,0,75,232
714,Uttar Pradesh,KUSHI NAGAR,2013,0,6,22,117,1,0,0,0,0,0,0,77,223
715,Uttar Pradesh,LALITPUR,2013,0,6,6,20,0,0,0,0,0,0,0,15,47
716,Uttar Pradesh,LUCKNOW,2013,1,4,32,54,3,2,0,0,0,0,0,118,214
717,Uttar Pradesh,MAHARAJGANJ,2013,0,4,6,60,0,0,0,0,0,0,0,30,100
718,Uttar Pradesh,MAHOBA,2013,0,1,9,7,0,0,0,0,0,0,0,0,17
719,Uttar Pradesh,MAINPURI,2013,0,5,13,88,0,0,0,0,0,0,0,15,121
720,Uttar Pradesh,MATHURA,2013,0,11,13,44,0,0,0,0,0,0,1,6,75
721,Uttar Pradesh,MAU,2013,0,1,14,80,0,0,0,0,0,0,0,7,102
722,Uttar Pradesh,MEERUT,2013,0,28,27,115,0,0,1,0,0,0,0,63,234
723,Uttar Pradesh,MIRZAPUR,2013,0,2,4,6,0,0,0,0,0,0,0,2,14
724,Uttar Pradesh,MORADABAD,2013,0,14,30,108,1,2,1,0,0,0,0,50,206
725,Uttar Pradesh,MUZAFFARNAGAR,2013,0,16,20,200,0,0,0,0,0,0,0,10,246
726,Uttar Pradesh,PILIBHIT,2013,0,2,14,10,0,0,0,0,0,0,0,15,41
727,Uttar Pradesh,PRATAPGARH,2013,0,7,15,89,0,0,0,0,0,0,0,13,124
728,Uttar Pradesh,RAIBAREILLY,2013,0,1,22,60,0,0,0,0,0,0,0,18,101
729,Uttar Pradesh,RAMPUR,2013,0,6,9,9,0,2,0,0,0,0,0,7,33
730,Uttar Pradesh,SAHARANPUR,2013,0,13,18,38,1,0,0,0,0,0,0,49,119
731,Uttar Pradesh,SAMBHAL,2013,0,9,9,116,0,0,0,0,0,0,0,22,156
732,Uttar Pradesh,SANT KABIRNAGAR,2013,0,0,15,59,0,0,0,0,0,0,0,22,96
733,Uttar Pradesh,SHAHJAHANPUR,2013,0,10,11,35,0,0,0,0,0,0,0,31,87
734,Uttar Pradesh,SHAMLI,2013,0,4,12,51,0,0,0,0,0,0,0,4,71
735,Uttar Pradesh,SHRAWASTI,2013,0,1,6,28,0,0,0,0,0,0,0,5,40
736,Uttar Pradesh,SIDHARTHNAGAR,2013,0,1,9,54,0,0,0,0,0,0,0,20,84
737,Uttar Pradesh,SITAPUR,2013,0,1,52,225,1,0,0,0,0,0,0,75,354
738,Uttar Pradesh,SONBHADRA,2013,0,7,15,12,0,0,0,0,0,0,0,3,37
739,Uttar Pradesh,ST.RAVIDASNAGAR,2013,0,2,3,15,0,0,0,0,0,0,0,4,24
740,Uttar Pradesh,SULTANPUR,2013,0,7,15,99,0,2,0,0,0,0,0,29,152
741,Uttar Pradesh,UNNAO,2013,2,6,18,155,0,0,0,0,0,0,0,85,266
742,Uttar Pradesh,VARANASI,2013,0,1,26,134,0,0,0,0,0,0,0,31,192
743,Uttar Pradesh,TOTAL,2013,10,482,1381,6002,17,36,3,0,0,0,5,1921,9857
744,Uttarakhand,ALMORA,2013,0,0,3,0,0,0,0,0,0,0,0,1,4
745,Uttarakhand,BAGESHWAR,2013,0,0,0,0,0,0,0,0,0,0,0,2,2
746,Uttarakhand,CHAMOLI,2013,0,0,3,9,0,0,0,1,0,0,0,0,13
747,Uttarakhand,CHAMPAWAT,2013,0,0,0,0,0,0,0,0,0,0,0,0,0
748,Uttarakhand,DEHRADUN,2013,0,2,10,115,0,0,0,0,0,0,0,4,131
749,Uttarakhand,HARIDWAR,2013,0,0,0,0,0,0,0,0,0,0,0,0,0
750,Uttarakhand,NAINITAL,2013,0,3,0,12,0,0,0,0,0,0,0,0,15
751,Uttarakhand,PAURI GARHWAL,2013,0,0,2,8,0,0,0,0,0,0,0,0,10
752,Uttarakhand,PITHORAGARH,2013,0,0,4,0,0,0,0,0,0,0,0,0,4
753,Uttarakhand,RUDRA PRAYAG,2013,0,0,1,0,0,0,0,0,0,0,0,0,1
754,Uttarakhand,TEHRI GARHWAL,2013,0,0,0,0,0,0,0,0,0,0,0,0,0
755,Uttarakhand,UDHAMSINGH NAGAR,2013,0,1,5,31,0,0,0,0,0,0,0,1,38
756,Uttarakhand,UTTARKASHI,2013,0,1,4,6,0,0,0,0,0,0,0,3,14
757,Uttarakhand,TOTAL,2013,0,7,32,181,0,0,0,1,0,0,0,11,232
758,West Bengal,24 PARGANAS NORTH,2013,0,5,51,163,0,0,0,78,0,23,6,0,326
759,West Bengal,24 PARGANAS SOUTH,2013,0,3,14,367,1,0,1,50,0,10,1,10,457
760,West Bengal,ASANSOL,2013,0,0,0,0,0,0,0,0,0,0,0,0,0
761,West Bengal,BANKURA,2013,0,0,8,1,0,0,0,0,0,0,1,0,10
762,West Bengal,BDN CP,2013,0,0,0,0,0,0,0,0,0,0,1,0,1
763,West Bengal,BIRBHUM,2013,0,5,25,52,0,0,0,0,0,0,0,0,82
764,West Bengal,BKP CP,2013,0,0,0,27,0,0,0,0,0,0,0,0,27
765,West Bengal,BURDWAN,2013,0,5,12,0,1,0,0,10,0,5,1,5,39
766,West Bengal,COOCHBEHAR,2013,0,2,7,88,1,0,0,12,0,2,1,4,117
767,West Bengal,DAKSHIN DINAJPUR,2013,0,1,15,33,0,1,0,0,0,0,0,12,62
768,West Bengal,DARJEELING,2013,0,1,2,0,0,0,0,5,0,1,0,2,11
769,West Bengal,HOOGHLY,2013,0,5,12,5,0,0,0,0,0,0,0,0,22
770,West Bengal,HOWRAH,2013,0,0,0,0,0,0,0,0,0,0,1,0,1
771,West Bengal,HOWRAH CITY,2013,0,0,0,120,0,0,0,0,0,0,2,0,122
772,West Bengal,HOWRAH G.R.P.,2013,0,0,0,0,0,0,0,0,0,0,0,0,0
773,West Bengal,JALPAIGURI,2013,0,2,2,51,0,0,0,5,0,2,5,2,69
774,West Bengal,JHARGRAM,2013,0,2,0,0,0,0,0,0,0,0,0,0,2
775,West Bengal,KHARAGPUR G.R.P.,2013,0,0,0,0,0,0,0,0,0,0,0,0,0
776,West Bengal,KOLKATA,2013,0,4,58,156,0,4,0,8,0,9,0,42,281
777,West Bengal,MALDA,2013,0,0,7,154,0,0,0,3,0,0,3,1,168
778,West Bengal,MURSHIDABAD,2013,0,18,109,87,0,0,0,210,0,4,6,7,441
779,West Bengal,NADIA,2013,0,1,1,0,0,0,0,0,0,0,0,0,2
780,West Bengal,PASCHIM MIDNAPUR,2013,0,0,1,0,0,0,0,2,0,0,2,1,6
781,West Bengal,PURAB MIDNAPUR,2013,0,9,27,20,0,0,0,72,1,4,2,0,135
782,West Bengal,PURULIA,2013,0,0,12,0,0,0,0,0,0,0,3,2,17
783,West Bengal,SEALDAH G.R.P.,2013,0,0,0,0,0,0,0,0,0,0,0,0,0
784,West Bengal,SILIGURI G.R.P.,2013,0,0,0,0,0,0,0,0,0,0,0,1,1
785,West Bengal,SILIGURI_PC,2013,0,0,0,46,0,0,0,0,0,0,2,0,48
786,West Bengal,UTTAR DINAJPUR,2013,0,5,14,18,0,0,0,31,0,9,6,0,83
787,West Bengal,TOTAL,2013,0,68,377,1388,3,5,1,486,1,69,43,89,2530
788,A&N Islands,CAR,2013,0,0,0,0,0,0,0,0,0,0,0,1,1
789,A&N Islands,NORTH,2013,0,0,4,5,0,0,0,0,0,0,0,6,15
790,A&N Islands,SOUTH,2013,0,0,17,7,1,0,2,0,0,0,0,11,38
791,A&N Islands,TOTAL,2013,0,0,21,12,1,0,2,0,0,0,0,18,54
792,Chandigarh,CHANDIGARH,2013,0,2,19,164,0,0,2,0,0,0,0,26,213
793,Chandigarh,TOTAL,2013,0,2,19,164,0,0,2,0,0,0,0,26,213
794,D&N Haveli,D&N HAVELI,2013,0,0,4,10,0,0,0,0,0,0,0,0,14
795,D&N Haveli,TOTAL,2013,0,0,4,10,0,0,0,0,0,0,0,0,14
796,Daman & Diu,DAMAN,2013,0,1,4,8,0,0,0,0,0,0,0,1,14
797,Daman & Diu,DIU,2013,0,0,0,0,0,0,0,0,0,0,0,0,0
798,Daman & Diu,TOTAL,2013,0,1,4,8,0,0,0,0,0,0,0,1,14
799,Delhi UT,CAW,2013,0,0,0,0,0,0,0,0,0,0,0,0,0
800,Delhi UT,CENTRAL,2013,0,2,39,197,1,0,3,0,0,0,0,57,299
801,Delhi UT,CRIME BRANCH,2013,0,0,2,1,0,0,0,0,0,0,0,1,4
802,Delhi UT,EAST,2013,0,3,83,674,0,0,9,0,0,0,0,3,772
803,Delhi UT,EOW,2013,0,0,0,0,0,0,0,0,0,0,0,0,0
804,Delhi UT,GRP(RLY),2013,0,1,4,17,0,0,9,0,0,0,0,1,32
805,Delhi UT,IGI AIRPORT,2013,0,0,0,1,0,0,0,0,0,0,0,0,1
806,Delhi UT,METRO RAIL,2013,0,0,0,7,0,0,1,0,0,0,0,1,9
807,Delhi UT,NEW DELHI,2013,0,0,10,63,0,0,1,0,0,0,0,15,89
808,Delhi UT,NORTH,2013,0,1,17,251,0,0,3,0,0,0,0,13,285
809,Delhi UT,NORTH-EAST,2013,0,5,91,845,0,0,10,0,0,0,0,29,980
810,Delhi UT,NORTH-WEST,2013,0,0,78,569,0,0,1,0,0,0,0,32,680
811,Delhi UT,OUTER,2013,1,7,93,873,0,0,5,0,0,0,0,59,1038
812,Delhi UT,SOUTH,2013,0,2,34,482,0,0,6,0,0,0,0,65,589
813,Delhi UT,SOUTH-EAST,2013,0,5,120,655,1,0,2,0,0,0,0,25,808
814,Delhi UT,SOUTH-WEST,2013,1,1,94,503,1,0,3,0,0,0,1,86,690
815,Delhi UT,STF,2013,0,0,0,0,0,0,0,0,0,0,0,0,0
816,Delhi UT,WEST,2013,0,6,92,671,0,1,3,0,0,0,0,150,923
817,Delhi UT,TOTAL,2013,2,33,757,5809,3,1,56,0,0,0,1,537,7199
818,Lakshadweep,LAKSHADWEEP,2013,0,0,0,0,0,0,0,0,0,0,0,0,0
819,Lakshadweep,TOTAL,2013,0,0,0,0,0,0,0,0,0,0,0,0,0
820,Puducherry,KARAIKAL,2013,0,0,4,0,0,0,0,0,0,0,0,0,4
821,Puducherry,PUDUCHERRY,2013,0,0,5,34,0,0,1,0,0,0,1,2,43
822,Puducherry,TOTAL,2013,0,0,9,34,0,0,1,0,0,0,1,2,47
