index,STATE/UT,CRIME HEAD,Persons in custody or on bail during the stage of investigation at the beginning of the year,Persons arrested during the year,Persons released or freed by Police or Magistrate before trial for want of evidence or any other reason,Persons in custody or on bail during the stage of investigation at the end of the year,Persons in whose cases charge sheets were laid during the year,Persons under trial at the beginning of the year,Total number of persons under trial during the year,Persons against whom cases were compounded or withdrawn,Persons in custody or on bail during the stage of trial at the end of the year,Persons in whose cases trials were completed during the year,Persons convicted,Persons acquitted
0,Andhra Pradesh,Abetment of Suicide,0,25,0,7,18,26,44,0,44,0,0,0
1,Arunachal Pradesh,Abetment of Suicide,0,0,0,0,0,0,0,0,0,0,0,0
2,Assam,Abetment of Suicide,2,0,2,0,0,4,4,0,0,4,0,4
3,Bihar,Abetment of Suicide,0,0,0,0,0,0,0,0,0,0,0,0
4,Chhattisgarh,Abetment of Suicide,0,7,0,0,7,18,25,0,19,6,3,3
5,Goa,Abetment of Suicide,1,1,0,1,1,4,5,0,5,0,0,0
6,Gujarat,Abetment of Suicide,0,0,0,0,0,8,8,0,8,0,0,0
7,Haryana,Abetment of Suicide,0,4,0,0,4,3,7,0,7,0,0,0
8,Himachal Pradesh,Abetment of Suicide,0,1,0,1,0,3,3,0,0,3,0,3
9,Jammu & Kashmir,Abetment of Suicide,0,0,0,0,0,0,0,0,0,0,0,0
10,Jharkhand,Abetment of Suicide,0,0,0,0,0,0,0,0,0,0,0,0
11,Karnataka,Abetment of Suicide,0,0,0,0,0,0,0,0,0,0,0,0
12,Kerala,Abetment of Suicide,3,8,0,8,3,8,11,0,11,0,0,0
13,Madhya Pradesh,Abetment of Suicide,0,40,0,0,40,50,90,0,66,24,8,16
14,Maharashtra,Abetment of Suicide,8,40,0,12,36,103,139,0,133,6,1,5
15,Manipur,Abetment of Suicide,0,0,0,0,0,0,0,0,0,0,0,0
16,Meghalaya,Abetment of Suicide,0,0,0,0,0,0,0,0,0,0,0,0
17,Mizoram,Abetment of Suicide,0,0,0,0,0,0,0,0,0,0,0,0
18,Nagaland,Abetment of Suicide,0,0,0,0,0,0,0,0,0,0,0,0
19,Odisha,Abetment of Suicide,0,4,0,0,4,3,7,0,6,1,0,1
20,Punjab,Abetment of Suicide,0,0,0,0,0,3,3,0,0,3,0,3
21,Rajasthan,Abetment of Suicide,0,1,0,0,1,0,1,0,1,0,0,0
22,Sikkim,Abetment of Suicide,0,0,0,0,0,0,0,0,0,0,0,0
23,Tamil Nadu,Abetment of Suicide,5,1,0,0,6,1,7,0,7,0,0,0
24,Tripura,Abetment of Suicide,0,0,0,0,0,0,0,0,0,0,0,0
25,Uttar Pradesh,Abetment of Suicide,8,104,30,25,57,109,166,0,130,36,17,19
26,Uttarakhand,Abetment of Suicide,0,0,0,0,0,0,0,0,0,0,0,0
27,West Bengal,Abetment of Suicide,1,5,0,5,1,13,14,0,14,0,0,0
28,Total (State),Abetment of Suicide,28,241,32,59,178,356,534,0,451,83,29,54
29,A&N Islands,Abetment of Suicide,0,0,0,0,0,0,0,0,0,0,0,0
30,Chandigarh,Abetment of Suicide,0,0,0,0,0,0,0,0,0,0,0,0
31,D&N Haveli,Abetment of Suicide,0,0,0,0,0,0,0,0,0,0,0,0
32,Daman & Diu,Abetment of Suicide,0,0,0,0,0,0,0,0,0,0,0,0
33,Delhi UT,Abetment of Suicide,0,1,0,0,1,2,3,0,3,0,0,0
34,Lakshadweep,Abetment of Suicide,0,0,0,0,0,0,0,0,0,0,0,0
35,Puducherry,Abetment of Suicide,0,0,0,0,0,1,1,0,1,0,0,0
36,Total (UTs),Abetment of Suicide,0,1,0,0,1,3,4,0,4,0,0,0
37,Total (All-India),Abetment of Suicide,28,242,32,59,179,359,538,0,455,83,29,54
38,Andhra Pradesh,Buying of Girls for Prostitution,0,0,0,0,0,0,0,0,0,0,0,0
39,Arunachal Pradesh,Buying of Girls for Prostitution,0,0,0,0,0,0,0,0,0,0,0,0
40,Assam,Buying of Girls for Prostitution,0,0,0,0,0,0,0,0,0,0,0,0
41,Bihar,Buying of Girls for Prostitution,2,0,0,2,0,4,4,0,4,0,0,0
42,Chhattisgarh,Buying of Girls for Prostitution,0,0,0,0,0,0,0,0,0,0,0,0
43,Goa,Buying of Girls for Prostitution,0,0,0,0,0,0,0,0,0,0,0,0
44,Gujarat,Buying of Girls for Prostitution,0,0,0,0,0,0,0,0,0,0,0,0
45,Haryana,Buying of Girls for Prostitution,0,0,0,0,0,5,5,0,3,2,0,2
46,Himachal Pradesh,Buying of Girls for Prostitution,0,0,0,0,0,0,0,0,0,0,0,0
47,Jammu & Kashmir,Buying of Girls for Prostitution,0,0,0,0,0,0,0,0,0,0,0,0
48,Jharkhand,Buying of Girls for Prostitution,0,2,0,0,2,0,2,0,0,2,0,2
49,Karnataka,Buying of Girls for Prostitution,0,0,0,0,0,0,0,0,0,0,0,0
50,Kerala,Buying of Girls for Prostitution,0,0,0,0,0,0,0,0,0,0,0,0
51,Madhya Pradesh,Buying of Girls for Prostitution,0,0,0,0,0,5,5,0,5,0,0,0
52,Maharashtra,Buying of Girls for Prostitution,9,2,0,0,11,222,233,0,233,0,0,0
53,Manipur,Buying of Girls for Prostitution,0,0,0,0,0,0,0,0,0,0,0,0
54,Meghalaya,Buying of Girls for Prostitution,0,0,0,0,0,0,0,0,0,0,0,0
55,Mizoram,Buying of Girls for Prostitution,0,0,0,0,0,0,0,0,0,0,0,0
56,Nagaland,Buying of Girls for Prostitution,0,0,0,0,0,0,0,0,0,0,0,0
57,Odisha,Buying of Girls for Prostitution,0,0,0,0,0,0,0,0,0,0,0,0
58,Punjab,Buying of Girls for Prostitution,0,0,0,0,0,0,0,0,0,0,0,0
59,Rajasthan,Buying of Girls for Prostitution,0,4,0,0,4,1,5,0,5,0,0,0
60,Sikkim,Buying of Girls for Prostitution,0,0,0,0,0,0,0,0,0,0,0,0
61,Tamil Nadu,Buying of Girls for Prostitution,0,0,0,0,0,0,0,0,0,0,0,0
62,Tripura,Buying of Girls for Prostitution,0,0,0,0,0,0,0,0,0,0,0,0
63,Uttar Pradesh,Buying of Girls for Prostitution,0,0,0,0,0,4,4,0,4,0,0,0
64,Uttarakhand,Buying of Girls for Prostitution,0,0,0,0,0,0,0,0,0,0,0,0
65,West Bengal,Buying of Girls for Prostitution,42,1,2,30,11,11,22,0,16,6,0,6
66,Total (State),Buying of Girls for Prostitution,53,9,2,32,28,252,280,0,270,10,0,10
67,A&N Islands,Buying of Girls for Prostitution,0,0,0,0,0,0,0,0,0,0,0,0
68,Chandigarh,Buying of Girls for Prostitution,0,0,0,0,0,0,0,0,0,0,0,0
69,D&N Haveli,Buying of Girls for Prostitution,0,0,0,0,0,0,0,0,0,0,0,0
70,Daman & Diu,Buying of Girls for Prostitution,0,0,0,0,0,0,0,0,0,0,0,0
71,Delhi UT,Buying of Girls for Prostitution,12,0,0,12,0,0,0,0,0,0,0,0
72,Lakshadweep,Buying of Girls for Prostitution,0,0,0,0,0,0,0,0,0,0,0,0
73,Puducherry,Buying of Girls for Prostitution,0,0,0,0,0,0,0,0,0,0,0,0
74,Total (UTs),Buying of Girls for Prostitution,12,0,0,12,0,0,0,0,0,0,0,0
75,Total (All-India),Buying of Girls for Prostitution,65,9,2,44,28,252,280,0,270,10,0,10
76,Andhra Pradesh,Exposure and Abandonment,23,15,1,21,16,11,27,0,20,7,0,7
77,Arunachal Pradesh,Exposure and Abandonment,0,0,0,0,0,0,0,0,0,0,0,0
78,Assam,Exposure and Abandonment,0,0,0,0,0,0,0,0,0,0,0,0
79,Bihar,Exposure and Abandonment,0,2,0,2,0,4,4,0,3,1,0,1
80,Chhattisgarh,Exposure and Abandonment,0,1,0,0,1,25,26,0,26,0,0,0
81,Goa,Exposure and Abandonment,1,1,0,2,0,2,2,0,2,0,0,0
82,Gujarat,Exposure and Abandonment,6,7,0,0,13,98,111,0,107,4,1,3
83,Haryana,Exposure and Abandonment,0,1,0,0,1,14,15,0,12,3,0,3
84,Himachal Pradesh,Exposure and Abandonment,0,1,0,0,1,2,3,1,2,0,0,0
85,Jammu & Kashmir,Exposure and Abandonment,0,1,0,0,1,1,2,0,1,1,0,1
86,Jharkhand,Exposure and Abandonment,0,0,0,0,0,0,0,0,0,0,0,0
87,Karnataka,Exposure and Abandonment,0,0,0,0,0,4,4,0,3,1,0,1
88,Kerala,Exposure and Abandonment,1,0,0,0,1,20,21,0,15,6,1,5
89,Madhya Pradesh,Exposure and Abandonment,4,10,0,0,14,37,51,0,49,2,0,2
90,Maharashtra,Exposure and Abandonment,26,62,0,43,45,582,627,0,585,42,0,42
91,Manipur,Exposure and Abandonment,0,0,0,0,0,0,0,0,0,0,0,0
92,Meghalaya,Exposure and Abandonment,0,0,0,0,0,0,0,0,0,0,0,0
93,Mizoram,Exposure and Abandonment,0,0,0,0,0,0,0,0,0,0,0,0
94,Nagaland,Exposure and Abandonment,0,0,0,0,0,0,0,0,0,0,0,0
95,Odisha,Exposure and Abandonment,0,0,0,0,0,0,0,0,0,0,0,0
96,Punjab,Exposure and Abandonment,3,0,0,3,0,0,0,0,0,0,0,0
97,Rajasthan,Exposure and Abandonment,0,16,0,0,16,45,61,0,54,7,5,2
98,Sikkim,Exposure and Abandonment,0,0,0,0,0,0,0,0,0,0,0,0
99,Tamil Nadu,Exposure and Abandonment,1,1,0,2,0,1,1,0,1,0,0,0
100,Tripura,Exposure and Abandonment,0,0,0,0,0,0,0,0,0,0,0,0
101,Uttar Pradesh,Exposure and Abandonment,0,2,0,0,2,2,4,0,4,0,0,0
102,Uttarakhand,Exposure and Abandonment,0,0,0,0,0,0,0,0,0,0,0,0
103,West Bengal,Exposure and Abandonment,0,0,0,0,0,5,5,0,5,0,0,0
104,Total (State),Exposure and Abandonment,65,120,1,73,111,853,964,1,889,74,7,67
105,A&N Islands,Exposure and Abandonment,0,0,0,0,0,2,2,0,2,0,0,0
106,Chandigarh,Exposure and Abandonment,0,0,0,0,0,2,2,0,2,0,0,0
107,D&N Haveli,Exposure and Abandonment,0,0,0,0,0,0,0,0,0,0,0,0
108,Daman & Diu,Exposure and Abandonment,0,0,0,0,0,0,0,0,0,0,0,0
109,Delhi UT,Exposure and Abandonment,0,2,0,0,2,13,15,0,12,3,3,0
110,Lakshadweep,Exposure and Abandonment,0,0,0,0,0,0,0,0,0,0,0,0
111,Puducherry,Exposure and Abandonment,0,0,0,0,0,0,0,0,0,0,0,0
112,Total (UTs),Exposure and Abandonment,0,2,0,0,2,17,19,0,16,3,3,0
113,Total (All-India),Exposure and Abandonment,65,122,1,73,113,870,983,1,905,77,10,67
114,Andhra Pradesh,Foeticide,0,2,0,0,2,3,5,0,4,1,0,1
115,Arunachal Pradesh,Foeticide,0,0,0,0,0,0,0,0,0,0,0,0
116,Assam,Foeticide,0,0,0,0,0,0,0,0,0,0,0,0
117,Bihar,Foeticide,0,2,0,2,0,11,11,0,11,0,0,0
118,Chhattisgarh,Foeticide,0,9,0,0,9,7,16,0,12,4,2,2
119,Goa,Foeticide,0,0,0,0,0,0,0,0,0,0,0,0
120,Gujarat,Foeticide,0,0,0,0,0,4,4,0,3,1,0,1
121,Haryana,Foeticide,0,6,0,0,6,0,6,0,6,0,0,0
122,Himachal Pradesh,Foeticide,0,0,0,0,0,0,0,0,0,0,0,0
123,Jammu & Kashmir,Foeticide,0,0,0,0,0,1,1,0,1,0,0,0
124,Jharkhand,Foeticide,0,0,0,0,0,0,0,0,0,0,0,0
125,Karnataka,Foeticide,0,0,0,0,0,1,1,0,1,0,0,0
126,Kerala,Foeticide,0,0,0,0,0,1,1,0,1,0,0,0
127,Madhya Pradesh,Foeticide,0,10,0,0,10,16,26,0,18,8,7,1
128,Maharashtra,Foeticide,15,10,0,7,18,56,74,0,74,0,0,0
129,Manipur,Foeticide,0,0,0,0,0,0,0,0,0,0,0,0
130,Meghalaya,Foeticide,0,0,0,0,0,0,0,0,0,0,0,0
131,Mizoram,Foeticide,0,0,0,0,0,0,0,0,0,0,0,0
132,Nagaland,Foeticide,0,0,0,0,0,0,0,0,0,0,0,0
133,Odisha,Foeticide,0,0,0,0,0,4,4,0,4,0,0,0
134,Punjab,Foeticide,0,1,0,1,0,5,5,0,3,2,0,2
135,Rajasthan,Foeticide,0,13,0,0,13,23,36,0,33,3,0,3
136,Sikkim,Foeticide,0,0,0,0,0,2,2,0,0,2,2,0
137,Tamil Nadu,Foeticide,0,0,0,0,0,0,0,0,0,0,0,0
138,Tripura,Foeticide,0,0,0,0,0,0,0,0,0,0,0,0
139,Uttar Pradesh,Foeticide,0,36,0,6,30,33,63,0,59,4,2,2
140,Uttarakhand,Foeticide,0,0,0,0,0,0,0,0,0,0,0,0
141,West Bengal,Foeticide,0,5,0,0,5,0,5,0,5,0,0,0
142,Total (State),Foeticide,15,94,0,16,93,167,260,0,235,25,13,12
143,A&N Islands,Foeticide,0,1,0,0,1,2,3,0,3,0,0,0
144,Chandigarh,Foeticide,0,0,0,0,0,0,0,0,0,0,0,0
145,D&N Haveli,Foeticide,0,0,0,0,0,0,0,0,0,0,0,0
146,Daman & Diu,Foeticide,0,0,0,0,0,0,0,0,0,0,0,0
147,Delhi UT,Foeticide,2,0,0,2,0,47,47,0,47,0,0,0
148,Lakshadweep,Foeticide,0,0,0,0,0,0,0,0,0,0,0,0
149,Puducherry,Foeticide,0,0,0,0,0,0,0,0,0,0,0,0
150,Total (UTs),Foeticide,2,1,0,2,1,49,50,0,50,0,0,0
151,Total (All-India),Foeticide,17,95,0,18,94,216,310,0,285,25,13,12
152,Andhra Pradesh,Infanticide,5,6,1,4,6,5,11,0,8,3,0,3
153,Arunachal Pradesh,Infanticide,0,0,0,0,0,0,0,0,0,0,0,0
154,Assam,Infanticide,0,0,0,0,0,0,0,0,0,0,0,0
155,Bihar,Infanticide,0,0,0,0,0,6,6,0,4,2,0,2
156,Chhattisgarh,Infanticide,0,3,0,0,3,17,20,0,11,9,2,7
157,Goa,Infanticide,0,0,0,0,0,1,1,0,1,0,0,0
158,Gujarat,Infanticide,0,0,0,0,0,16,16,1,13,2,0,2
159,Haryana,Infanticide,0,0,0,0,0,0,0,0,0,0,0,0
160,Himachal Pradesh,Infanticide,0,0,0,0,0,0,0,0,0,0,0,0
161,Jammu & Kashmir,Infanticide,0,1,0,0,1,1,2,0,1,1,0,1
162,Jharkhand,Infanticide,0,0,0,0,0,0,0,0,0,0,0,0
163,Karnataka,Infanticide,0,1,0,0,1,2,3,0,3,0,0,0
164,Kerala,Infanticide,0,0,0,0,0,4,4,0,4,0,0,0
165,Madhya Pradesh,Infanticide,0,1,0,0,1,40,41,0,37,4,0,4
166,Maharashtra,Infanticide,4,2,0,5,1,34,35,0,35,0,0,0
167,Manipur,Infanticide,0,0,0,0,0,0,0,0,0,0,0,0
168,Meghalaya,Infanticide,3,1,0,3,1,0,1,0,1,0,0,0
169,Mizoram,Infanticide,0,0,0,0,0,0,0,0,0,0,0,0
170,Nagaland,Infanticide,0,0,0,0,0,0,0,0,0,0,0,0
171,Odisha,Infanticide,0,0,0,0,0,3,3,0,3,0,0,0
172,Punjab,Infanticide,3,1,0,3,1,6,7,0,6,1,1,0
173,Rajasthan,Infanticide,0,1,0,0,1,6,7,3,4,0,0,0
174,Sikkim,Infanticide,0,0,0,0,0,1,1,0,0,1,1,0
175,Tamil Nadu,Infanticide,5,4,0,7,2,3,5,0,4,1,0,1
176,Tripura,Infanticide,0,0,0,0,0,0,0,0,0,0,0,0
177,Uttar Pradesh,Infanticide,0,20,0,0,20,139,159,0,147,12,10,2
178,Uttarakhand,Infanticide,0,0,0,0,0,0,0,0,0,0,0,0
179,West Bengal,Infanticide,0,0,0,0,0,4,4,0,4,0,0,0
180,Total (State),Infanticide,20,41,1,22,38,288,326,4,286,36,14,22
181,A&N Islands,Infanticide,0,0,0,0,0,0,0,0,0,0,0,0
182,Chandigarh,Infanticide,0,0,0,0,0,0,0,0,0,0,0,0
183,D&N Haveli,Infanticide,0,0,0,0,0,0,0,0,0,0,0,0
184,Daman & Diu,Infanticide,0,0,0,0,0,0,0,0,0,0,0,0
185,Delhi UT,Infanticide,0,1,0,0,1,0,1,0,1,0,0,0
186,Lakshadweep,Infanticide,0,0,0,0,0,0,0,0,0,0,0,0
187,Puducherry,Infanticide,0,0,0,0,0,0,0,0,0,0,0,0
188,Total (UTs),Infanticide,0,1,0,0,1,0,1,0,1,0,0,0
189,Total (All-India),Infanticide,20,42,1,22,39,288,327,4,287,36,14,22
190,Andhra Pradesh,Kidnapping & Abduction of Children,290,1012,18,451,833,1319,2152,10,1505,637,48,589
191,Arunachal Pradesh,Kidnapping & Abduction of Children,7,32,5,11,23,80,103,0,103,0,0,0
192,Assam,Kidnapping & Abduction of Children,69,75,31,63,50,54,104,0,68,36,5,31
193,Bihar,Kidnapping & Abduction of Children,1819,1577,30,1343,2023,4562,6585,3,5967,615,88,527
194,Chhattisgarh,Kidnapping & Abduction of Children,3,435,0,10,428,633,1061,0,956,105,43,62
195,Goa,Kidnapping & Abduction of Children,14,34,2,24,22,63,85,0,81,4,3,1
196,Gujarat,Kidnapping & Abduction of Children,79,1496,5,191,1379,4042,5421,5,5075,341,24,317
197,Haryana,Kidnapping & Abduction of Children,13,488,0,19,482,549,1031,0,815,216,37,179
198,Himachal Pradesh,Kidnapping & Abduction of Children,42,81,1,28,94,174,268,2,231,35,8,27
199,Jammu & Kashmir,Kidnapping & Abduction of Children,0,40,0,0,40,145,185,3,56,126,0,126
200,Jharkhand,Kidnapping & Abduction of Children,3,34,0,2,35,18,53,0,39,14,2,12
201,Karnataka,Kidnapping & Abduction of Children,74,379,9,81,363,292,655,0,558,97,2,95
202,Kerala,Kidnapping & Abduction of Children,45,155,0,78,122,518,640,0,622,18,5,13
203,Madhya Pradesh,Kidnapping & Abduction of Children,17,1165,2,33,1147,1544,2691,2,2046,643,152,491
204,Maharashtra,Kidnapping & Abduction of Children,481,1495,21,596,1359,5410,6769,0,6462,307,11,296
205,Manipur,Kidnapping & Abduction of Children,73,6,10,69,0,1,1,0,1,0,0,0
206,Meghalaya,Kidnapping & Abduction of Children,7,17,0,8,16,20,36,0,32,4,0,4
207,Mizoram,Kidnapping & Abduction of Children,0,2,0,0,2,1,3,0,2,1,1,0
208,Nagaland,Kidnapping & Abduction of Children,0,8,0,7,1,3,4,0,0,4,4,0
209,Odisha,Kidnapping & Abduction of Children,4,250,0,18,236,328,564,0,528,36,3,33
210,Punjab,Kidnapping & Abduction of Children,347,493,61,431,348,750,1098,0,843,255,80,175
211,Rajasthan,Kidnapping & Abduction of Children,42,709,0,52,699,1605,2304,0,1852,452,181,271
212,Sikkim,Kidnapping & Abduction of Children,1,25,0,0,26,6,32,0,6,26,12,14
213,Tamil Nadu,Kidnapping & Abduction of Children,473,506,112,456,411,825,1236,0,805,431,122,309
214,Tripura,Kidnapping & Abduction of Children,4,20,0,7,17,13,30,0,24,6,1,5
215,Uttar Pradesh,Kidnapping & Abduction of Children,1596,12978,4346,2839,7389,10000,17389,0,15577,1812,985,827
216,Uttarakhand,Kidnapping & Abduction of Children,2,31,0,2,31,147,178,0,118,60,21,39
217,West Bengal,Kidnapping & Abduction of Children,409,739,78,369,701,996,1697,37,1464,196,3,193
218,Total (State),Kidnapping & Abduction of Children,5914,24282,4731,7188,18277,34098,52375,62,45836,6477,1841,4636
219,A&N Islands,Kidnapping & Abduction of Children,7,3,0,1,9,35,44,0,40,4,0,4
220,Chandigarh,Kidnapping & Abduction of Children,10,55,0,17,48,42,90,0,62,28,9,19
221,D&N Haveli,Kidnapping & Abduction of Children,1,2,0,0,3,50,53,0,37,16,3,13
222,Daman & Diu,Kidnapping & Abduction of Children,0,1,0,0,1,2,3,0,3,0,0,0
223,Delhi UT,Kidnapping & Abduction of Children,109,603,50,188,474,1647,2121,0,1772,349,108,241
224,Lakshadweep,Kidnapping & Abduction of Children,0,0,0,0,0,0,0,0,0,0,0,0
225,Puducherry,Kidnapping & Abduction of Children,3,5,0,1,7,57,64,0,61,3,0,3
226,Total (UTs),Kidnapping & Abduction of Children,130,669,50,207,542,1833,2375,0,1975,400,120,280
227,Total (All-India),Kidnapping & Abduction of Children,6044,24951,4781,7395,18819,35931,54750,62,47811,6877,1961,4916
228,Andhra Pradesh,Other Crimes against Children,183,748,84,219,628,672,1300,144,719,437,54,383
229,Arunachal Pradesh,Other Crimes against Children,1,7,1,1,6,2,8,0,8,0,0,0
230,Assam,Other Crimes against Children,62,67,29,36,64,39,103,0,73,30,0,30
231,Bihar,Other Crimes against Children,4,10,0,4,10,15,25,0,22,3,0,3
232,Chhattisgarh,Other Crimes against Children,16,1413,0,42,1387,1852,3239,24,2188,1027,396,631
233,Goa,Other Crimes against Children,40,123,3,105,55,148,203,3,197,3,1,2
234,Gujarat,Other Crimes against Children,14,241,0,23,232,1538,1770,4,1521,245,18,227
235,Haryana,Other Crimes against Children,2,245,0,7,240,127,367,0,216,151,34,117
236,Himachal Pradesh,Other Crimes against Children,7,91,1,10,87,216,303,1,273,29,4,25
237,Jammu & Kashmir,Other Crimes against Children,0,10,0,0,10,19,29,3,22,4,0,4
238,Jharkhand,Other Crimes against Children,22,20,0,18,24,37,61,0,30,31,7,24
239,Karnataka,Other Crimes against Children,6,144,0,31,119,114,233,0,195,38,2,36
240,Kerala,Other Crimes against Children,230,1073,0,365,938,1706,2644,0,2345,299,60,239
241,Madhya Pradesh,Other Crimes against Children,8,4677,0,29,4656,9206,13862,694,10355,2813,1047,1766
242,Maharashtra,Other Crimes against Children,639,2845,6,1078,2400,8745,11145,13,10527,605,65,540
243,Manipur,Other Crimes against Children,0,0,0,0,0,1,1,0,1,0,0,0
244,Meghalaya,Other Crimes against Children,0,12,0,2,10,7,17,0,12,5,3,2
245,Mizoram,Other Crimes against Children,2,15,2,6,9,19,28,0,5,23,22,1
246,Nagaland,Other Crimes against Children,0,1,0,1,0,0,0,0,0,0,0,0
247,Odisha,Other Crimes against Children,5,168,0,5,168,214,382,0,285,97,5,92
248,Punjab,Other Crimes against Children,14,99,5,54,54,66,120,0,82,38,20,18
249,Rajasthan,Other Crimes against Children,0,200,0,0,200,205,405,1,329,75,31,44
250,Sikkim,Other Crimes against Children,0,0,0,0,0,0,0,0,0,0,0,0
251,Tamil Nadu,Other Crimes against Children,30,173,9,55,139,36,175,0,116,59,18,41
252,Tripura,Other Crimes against Children,0,48,0,3,45,19,64,10,48,6,1,5
253,Uttar Pradesh,Other Crimes against Children,25,3040,287,514,2264,1989,4253,5,3783,465,261,204
254,Uttarakhand,Other Crimes against Children,0,93,0,17,76,23,99,0,64,35,20,15
255,West Bengal,Other Crimes against Children,38,109,17,48,82,136,218,11,171,36,3,33
256,Total (State),Other Crimes against Children,1348,15672,444,2673,13903,27151,41054,913,33587,6554,2072,4482
257,A&N Islands,Other Crimes against Children,16,18,0,3,31,126,157,0,152,5,3,2
258,Chandigarh,Other Crimes against Children,1,24,0,9,16,38,54,0,40,14,2,12
259,D&N Haveli,Other Crimes against Children,0,0,0,0,0,4,4,0,4,0,0,0
260,Daman & Diu,Other Crimes against Children,3,0,0,3,0,7,7,0,0,7,0,7
261,Delhi UT,Other Crimes against Children,240,555,5,251,539,1169,1708,0,1471,237,101,136
262,Lakshadweep,Other Crimes against Children,0,0,0,0,0,0,0,0,0,0,0,0
263,Puducherry,Other Crimes against Children,3,2,0,1,4,13,17,0,17,0,0,0
264,Total (UTs),Other Crimes against Children,263,599,5,267,590,1357,1947,0,1684,263,106,157
265,Total (All-India),Other Crimes against Children,1611,16271,449,2940,14493,28508,43001,913,35271,6817,2178,4639
266,Andhra Pradesh,Other Murder of Children,50,97,0,36,111,216,327,0,264,63,5,58
267,Arunachal Pradesh,Other Murder of Children,0,0,0,0,0,0,0,0,0,0,0,0
268,Assam,Other Murder of Children,14,19,8,17,8,36,44,0,28,16,1,15
269,Bihar,Other Murder of Children,179,128,0,131,176,843,1019,0,881,138,55,83
270,Chhattisgarh,Other Murder of Children,0,54,0,1,53,148,201,0,168,33,16,17
271,Goa,Other Murder of Children,0,0,0,0,0,21,21,0,20,1,0,1
272,Gujarat,Other Murder of Children,1,63,0,6,58,474,532,1,502,29,5,24
273,Haryana,Other Murder of Children,2,110,0,8,104,73,177,0,135,42,17,25
274,Himachal Pradesh,Other Murder of Children,0,8,0,0,8,14,22,0,18,4,1,3
275,Jammu & Kashmir,Other Murder of Children,0,10,0,0,10,14,24,0,23,1,0,1
276,Jharkhand,Other Murder of Children,5,8,0,2,11,0,11,0,7,4,0,4
277,Karnataka,Other Murder of Children,7,107,28,9,77,160,237,0,173,64,11,53
278,Kerala,Other Murder of Children,12,39,0,25,26,211,237,0,220,17,5,12
279,Madhya Pradesh,Other Murder of Children,0,163,0,1,162,683,845,0,711,134,67,67
280,Maharashtra,Other Murder of Children,105,221,1,93,232,1721,1953,0,1829,124,24,100
281,Manipur,Other Murder of Children,7,1,0,8,0,0,0,0,0,0,0,0
282,Meghalaya,Other Murder of Children,7,0,0,7,0,5,5,0,3,2,0,2
283,Mizoram,Other Murder of Children,0,1,0,0,1,1,2,0,2,0,0,0
284,Nagaland,Other Murder of Children,1,0,0,0,1,0,1,0,0,1,1,0
285,Odisha,Other Murder of Children,4,50,0,3,51,90,141,0,120,21,4,17
286,Punjab,Other Murder of Children,27,35,1,24,37,121,158,0,124,34,22,12
287,Rajasthan,Other Murder of Children,6,60,0,6,60,262,322,0,289,33,19,14
288,Sikkim,Other Murder of Children,0,0,0,0,0,8,8,0,0,8,8,0
289,Tamil Nadu,Other Murder of Children,65,103,1,66,101,228,329,0,267,62,16,46
290,Tripura,Other Murder of Children,3,8,0,0,11,10,21,0,16,5,1,4
291,Uttar Pradesh,Other Murder of Children,64,938,20,52,930,2428,3358,0,2847,511,325,186
292,Uttarakhand,Other Murder of Children,0,9,0,1,8,11,19,0,13,6,3,3
293,West Bengal,Other Murder of Children,50,64,5,47,62,38,100,0,65,35,6,29
294,Total (State),Other Murder of Children,609,2296,64,543,2298,7816,10114,1,8725,1388,612,776
295,A&N Islands,Other Murder of Children,1,0,0,0,1,14,15,0,14,1,1,0
296,Chandigarh,Other Murder of Children,0,3,0,2,1,6,7,0,5,2,2,0
297,D&N Haveli,Other Murder of Children,2,0,0,1,1,0,1,0,1,0,0,0
298,Daman & Diu,Other Murder of Children,0,0,0,0,0,0,0,0,0,0,0,0
299,Delhi UT,Other Murder of Children,13,71,2,3,79,272,351,0,294,57,28,29
300,Lakshadweep,Other Murder of Children,0,0,0,0,0,0,0,0,0,0,0,0
301,Puducherry,Other Murder of Children,0,0,0,0,0,1,1,0,1,0,0,0
302,Total (UTs),Other Murder of Children,16,74,2,6,82,293,375,0,315,60,31,29
303,Total (All-India),Other Murder of Children,625,2370,66,549,2380,8109,10489,1,9040,1448,643,805
304,Andhra Pradesh,Procuration of Minor Girls,29,64,0,31,62,77,139,0,75,64,2,62
305,Arunachal Pradesh,Procuration of Minor Girls,0,0,0,0,0,0,0,0,0,0,0,0
306,Assam,Procuration of Minor Girls,38,129,67,16,84,145,229,0,157,72,4,68
307,Bihar,Procuration of Minor Girls,15,202,7,92,118,363,481,6,417,58,13,45
308,Chhattisgarh,Procuration of Minor Girls,0,32,0,0,32,35,67,0,52,15,0,15
309,Goa,Procuration of Minor Girls,7,0,0,7,0,7,7,0,7,0,0,0
310,Gujarat,Procuration of Minor Girls,1,2,0,0,3,43,46,0,46,0,0,0
311,Haryana,Procuration of Minor Girls,0,0,0,0,0,0,0,0,0,0,0,0
312,Himachal Pradesh,Procuration of Minor Girls,1,3,1,2,1,4,5,0,3,2,1,1
313,Jammu & Kashmir,Procuration of Minor Girls,0,1,0,0,1,0,1,0,1,0,0,0
314,Jharkhand,Procuration of Minor Girls,0,10,0,0,10,0,10,0,3,7,0,7
315,Karnataka,Procuration of Minor Girls,2,49,0,17,34,29,63,0,54,9,0,9
316,Kerala,Procuration of Minor Girls,0,14,0,10,4,110,114,0,112,2,0,2
317,Madhya Pradesh,Procuration of Minor Girls,0,28,0,2,26,25,51,0,28,23,7,16
318,Maharashtra,Procuration of Minor Girls,25,61,0,50,36,314,350,0,337,13,0,13
319,Manipur,Procuration of Minor Girls,0,0,0,0,0,0,0,0,0,0,0,0
320,Meghalaya,Procuration of Minor Girls,0,4,1,2,1,3,4,0,4,0,0,0
321,Mizoram,Procuration of Minor Girls,0,0,0,0,0,0,0,0,0,0,0,0
322,Nagaland,Procuration of Minor Girls,0,0,0,0,0,0,0,0,0,0,0,0
323,Odisha,Procuration of Minor Girls,0,54,0,2,52,32,84,0,81,3,1,2
324,Punjab,Procuration of Minor Girls,0,0,0,0,0,0,0,0,0,0,0,0
325,Rajasthan,Procuration of Minor Girls,0,34,0,0,34,44,78,0,76,2,0,2
326,Sikkim,Procuration of Minor Girls,0,0,0,0,0,0,0,0,0,0,0,0
327,Tamil Nadu,Procuration of Minor Girls,41,0,10,13,18,0,18,0,10,8,0,8
328,Tripura,Procuration of Minor Girls,0,1,0,0,1,7,8,0,8,0,0,0
329,Uttar Pradesh,Procuration of Minor Girls,0,0,0,0,0,4,4,0,2,2,2,0
330,Uttarakhand,Procuration of Minor Girls,1,1,0,0,2,3,5,0,5,0,0,0
331,West Bengal,Procuration of Minor Girls,177,377,0,195,359,398,757,0,723,34,0,34
332,Total (State),Procuration of Minor Girls,337,1066,86,439,878,1643,2521,6,2201,314,30,284
333,A&N Islands,Procuration of Minor Girls,0,0,0,0,0,0,0,0,0,0,0,0
334,Chandigarh,Procuration of Minor Girls,0,0,0,0,0,0,0,0,0,0,0,0
335,D&N Haveli,Procuration of Minor Girls,0,0,0,0,0,0,0,0,0,0,0,0
336,Daman & Diu,Procuration of Minor Girls,0,0,0,0,0,0,0,0,0,0,0,0
337,Delhi UT,Procuration of Minor Girls,6,0,0,6,0,6,6,0,6,0,0,0
338,Lakshadweep,Procuration of Minor Girls,0,0,0,0,0,0,0,0,0,0,0,0
339,Puducherry,Procuration of Minor Girls,0,0,0,0,0,0,0,0,0,0,0,0
340,Total (UTs),Procuration of Minor Girls,6,0,0,6,0,6,6,0,6,0,0,0
341,Total (All-India),Procuration of Minor Girls,343,1066,86,445,878,1649,2527,6,2207,314,30,284
342,Andhra Pradesh,"Prohibition of Child Marriage Act, 2006",30,44,5,10,59,63,122,9,87,26,0,26
343,Arunachal Pradesh,"Prohibition of Child Marriage Act, 2006",0,0,0,0,0,0,0,0,0,0,0,0
344,Assam,"Prohibition of Child Marriage Act, 2006",0,1,0,1,0,2,2,0,2,0,0,0
345,Bihar,"Prohibition of Child Marriage Act, 2006",12,2,0,6,8,14,22,0,22,0,0,0
346,Chhattisgarh,"Prohibition of Child Marriage Act, 2006",0,1,0,0,1,24,25,0,21,4,3,1
347,Goa,"Prohibition of Child Marriage Act, 2006",0,0,0,0,0,4,4,0,4,0,0,0
348,Gujarat,"Prohibition of Child Marriage Act, 2006",0,60,0,1,59,610,669,0,620,49,6,43
349,Haryana,"Prohibition of Child Marriage Act, 2006",0,25,0,0,25,11,36,0,27,9,0,9
350,Himachal Pradesh,"Prohibition of Child Marriage Act, 2006",0,7,0,4,3,21,24,0,24,0,0,0
351,Jammu & Kashmir,"Prohibition of Child Marriage Act, 2006",0,0,0,0,0,0,0,0,0,0,0,0
352,Jharkhand,"Prohibition of Child Marriage Act, 2006",0,1,0,0,1,0,1,0,1,0,0,0
353,Karnataka,"Prohibition of Child Marriage Act, 2006",3,74,0,2,75,56,131,0,124,7,0,7
354,Kerala,"Prohibition of Child Marriage Act, 2006",0,16,0,4,12,19,31,0,29,2,0,2
355,Madhya Pradesh,"Prohibition of Child Marriage Act, 2006",0,23,0,0,23,55,78,0,72,6,0,6
356,Maharashtra,"Prohibition of Child Marriage Act, 2006",0,106,0,14,92,541,633,0,611,22,0,22
357,Manipur,"Prohibition of Child Marriage Act, 2006",0,0,0,0,0,0,0,0,0,0,0,0
358,Meghalaya,"Prohibition of Child Marriage Act, 2006",2,0,0,2,0,0,0,0,0,0,0,0
359,Mizoram,"Prohibition of Child Marriage Act, 2006",0,0,0,0,0,0,0,0,0,0,0,0
360,Nagaland,"Prohibition of Child Marriage Act, 2006",0,0,0,0,0,0,0,0,0,0,0,0
361,Odisha,"Prohibition of Child Marriage Act, 2006",0,0,0,0,0,6,6,0,6,0,0,0
362,Punjab,"Prohibition of Child Marriage Act, 2006",1,0,1,0,0,14,14,0,14,0,0,0
363,Rajasthan,"Prohibition of Child Marriage Act, 2006",0,21,0,0,21,67,88,0,80,8,8,0
364,Sikkim,"Prohibition of Child Marriage Act, 2006",0,0,0,0,0,0,0,0,0,0,0,0
365,Tamil Nadu,"Prohibition of Child Marriage Act, 2006",0,182,0,75,107,0,107,0,95,12,0,12
366,Tripura,"Prohibition of Child Marriage Act, 2006",0,5,0,0,5,1,6,0,6,0,0,0
367,Uttar Pradesh,"Prohibition of Child Marriage Act, 2006",5,25,5,13,12,23,35,0,34,1,1,0
368,Uttarakhand,"Prohibition of Child Marriage Act, 2006",0,0,0,0,0,0,0,0,0,0,0,0
369,West Bengal,"Prohibition of Child Marriage Act, 2006",43,68,2,65,44,97,141,0,141,0,0,0
370,Total (State),"Prohibition of Child Marriage Act, 2006",96,661,13,197,547,1628,2175,9,2020,146,18,128
371,A&N Islands,"Prohibition of Child Marriage Act, 2006",0,0,0,0,0,20,20,0,20,0,0,0
372,Chandigarh,"Prohibition of Child Marriage Act, 2006",0,0,0,0,0,8,8,0,8,0,0,0
373,D&N Haveli,"Prohibition of Child Marriage Act, 2006",0,0,0,0,0,0,0,0,0,0,0,0
374,Daman & Diu,"Prohibition of Child Marriage Act, 2006",0,0,0,0,0,0,0,0,0,0,0,0
375,Delhi UT,"Prohibition of Child Marriage Act, 2006",3,0,0,3,0,4,4,0,4,0,0,0
376,Lakshadweep,"Prohibition of Child Marriage Act, 2006",0,0,0,0,0,0,0,0,0,0,0,0
377,Puducherry,"Prohibition of Child Marriage Act, 2006",4,1,0,0,5,9,14,0,14,0,0,0
378,Total (UTs),"Prohibition of Child Marriage Act, 2006",7,1,0,3,5,41,46,0,46,0,0,0
379,Total (All-India),"Prohibition of Child Marriage Act, 2006",103,662,13,200,552,1669,2221,9,2066,146,18,128
380,Andhra Pradesh,Rape of Children,258,820,0,462,616,1172,1788,4,1310,474,58,416
381,Arunachal Pradesh,Rape of Children,12,33,6,15,24,73,97,0,97,0,0,0
382,Assam,Rape of Children,126,223,17,193,139,175,314,0,233,81,4,77
383,Bihar,Rape of Children,70,96,3,47,116,349,465,0,402,63,21,42
384,Chhattisgarh,Rape of Children,0,682,0,0,682,1435,2117,0,1764,353,130,223
385,Goa,Rape of Children,30,63,0,48,45,151,196,0,190,6,1,5
386,Gujarat,Rape of Children,17,314,0,29,302,1066,1368,0,1256,112,19,93
387,Haryana,Rape of Children,0,477,0,9,468,400,868,0,606,262,58,204
388,Himachal Pradesh,Rape of Children,26,205,2,31,198,234,432,0,348,84,28,56
389,Jammu & Kashmir,Rape of Children,0,25,0,0,25,46,71,0,47,24,2,22
390,Jharkhand,Rape of Children,5,10,0,3,12,9,21,0,10,11,4,7
391,Karnataka,Rape of Children,37,330,3,71,293,427,720,0,605,115,14,101
392,Kerala,Rape of Children,565,703,30,684,554,1581,2135,0,2086,49,25,24
393,Madhya Pradesh,Rape of Children,9,2538,0,29,2518,4458,6976,41,5118,1817,574,1243
394,Maharashtra,Rape of Children,447,1932,5,612,1762,6875,8637,1,8235,401,58,343
395,Manipur,Rape of Children,25,3,1,25,2,3,5,0,4,1,1,0
396,Meghalaya,Rape of Children,117,99,17,108,91,130,221,0,211,10,5,5
397,Mizoram,Rape of Children,18,56,0,30,44,83,127,0,108,19,11,8
398,Nagaland,Rape of Children,0,3,0,0,3,0,3,0,0,3,3,0
399,Odisha,Rape of Children,16,479,0,26,469,655,1124,0,1042,82,21,61
400,Punjab,Rape of Children,134,520,20,232,402,327,729,0,324,405,191,214
401,Rajasthan,Rape of Children,5,902,0,4,903,1677,2580,0,1888,692,232,460
402,Sikkim,Rape of Children,7,43,0,0,50,34,84,0,22,62,45,17
403,Tamil Nadu,Rape of Children,244,505,7,319,423,580,1003,0,812,191,33,158
404,Tripura,Rape of Children,5,68,1,18,54,78,132,0,87,45,10,35
405,Uttar Pradesh,Rape of Children,121,2143,258,305,1701,3210,4911,0,4319,592,334,258
406,Uttarakhand,Rape of Children,3,39,0,4,38,56,94,0,45,49,29,20
407,West Bengal,Rape of Children,195,354,13,159,377,304,681,0,590,91,13,78
408,Total (State),Rape of Children,2492,13665,383,3463,12311,25588,37899,46,31759,6094,1924,4170
409,A&N Islands,Rape of Children,13,29,0,1,41,85,126,0,107,19,2,17
410,Chandigarh,Rape of Children,2,27,0,15,14,30,44,0,18,26,16,10
411,D&N Haveli,Rape of Children,0,4,0,2,2,2,4,0,4,0,0,0
412,Daman & Diu,Rape of Children,0,4,0,0,4,10,14,0,14,0,0,0
413,Delhi UT,Rape of Children,127,804,3,98,830,1596,2426,0,2052,374,120,254
414,Lakshadweep,Rape of Children,0,0,0,0,0,0,0,0,0,0,0,0
415,Puducherry,Rape of Children,0,14,0,7,7,51,58,0,57,1,0,1
416,Total (UTs),Rape of Children,142,882,3,123,898,1774,2672,0,2252,420,138,282
417,Total (All-India),Rape of Children,2634,14547,386,3586,13209,27362,40571,46,34011,6514,2062,4452
418,Andhra Pradesh,Selling of Girls for Prostitution,0,5,0,3,2,20,22,0,21,1,0,1
419,Arunachal Pradesh,Selling of Girls for Prostitution,0,0,0,0,0,0,0,0,0,0,0,0
420,Assam,Selling of Girls for Prostitution,1,0,0,1,0,3,3,0,3,0,0,0
421,Bihar,Selling of Girls for Prostitution,5,6,0,2,9,10,19,0,19,0,0,0
422,Chhattisgarh,Selling of Girls for Prostitution,0,0,0,0,0,4,4,0,4,0,0,0
423,Goa,Selling of Girls for Prostitution,0,0,0,0,0,0,0,0,0,0,0,0
424,Gujarat,Selling of Girls for Prostitution,0,2,0,0,2,1,3,0,3,0,0,0
425,Haryana,Selling of Girls for Prostitution,0,1,0,0,1,0,1,0,0,1,1,0
426,Himachal Pradesh,Selling of Girls for Prostitution,0,0,0,0,0,0,0,0,0,0,0,0
427,Jammu & Kashmir,Selling of Girls for Prostitution,0,0,0,0,0,0,0,0,0,0,0,0
428,Jharkhand,Selling of Girls for Prostitution,0,4,0,0,4,0,4,0,0,4,0,4
429,Karnataka,Selling of Girls for Prostitution,0,3,0,3,0,0,0,0,0,0,0,0
430,Kerala,Selling of Girls for Prostitution,0,0,0,0,0,0,0,0,0,0,0,0
431,Madhya Pradesh,Selling of Girls for Prostitution,0,6,0,0,6,52,58,0,34,24,5,19
432,Maharashtra,Selling of Girls for Prostitution,5,29,0,11,23,48,71,0,65,6,0,6
433,Manipur,Selling of Girls for Prostitution,0,0,0,0,0,0,0,0,0,0,0,0
434,Meghalaya,Selling of Girls for Prostitution,0,0,0,0,0,0,0,0,0,0,0,0
435,Mizoram,Selling of Girls for Prostitution,0,0,0,0,0,0,0,0,0,0,0,0
436,Nagaland,Selling of Girls for Prostitution,0,0,0,0,0,0,0,0,0,0,0,0
437,Odisha,Selling of Girls for Prostitution,0,0,0,0,0,0,0,0,0,0,0,0
438,Punjab,Selling of Girls for Prostitution,0,0,0,0,0,3,3,0,3,0,0,0
439,Rajasthan,Selling of Girls for Prostitution,0,0,0,0,0,10,10,0,10,0,0,0
440,Sikkim,Selling of Girls for Prostitution,0,0,0,0,0,0,0,0,0,0,0,0
441,Tamil Nadu,Selling of Girls for Prostitution,0,0,0,0,0,0,0,0,0,0,0,0
442,Tripura,Selling of Girls for Prostitution,0,0,0,0,0,0,0,0,0,0,0,0
443,Uttar Pradesh,Selling of Girls for Prostitution,5,0,3,0,2,39,41,0,35,6,6,0
444,Uttarakhand,Selling of Girls for Prostitution,0,0,0,0,0,0,0,0,0,0,0,0
445,West Bengal,Selling of Girls for Prostitution,193,78,3,168,100,204,304,0,292,12,0,12
446,Total (State),Selling of Girls for Prostitution,209,134,6,188,149,394,543,0,489,54,12,42
447,A&N Islands,Selling of Girls for Prostitution,0,0,0,0,0,0,0,0,0,0,0,0
448,Chandigarh,Selling of Girls for Prostitution,0,0,0,0,0,0,0,0,0,0,0,0
449,D&N Haveli,Selling of Girls for Prostitution,0,0,0,0,0,0,0,0,0,0,0,0
450,Daman & Diu,Selling of Girls for Prostitution,0,0,0,0,0,0,0,0,0,0,0,0
451,Delhi UT,Selling of Girls for Prostitution,7,0,0,7,0,7,7,0,7,0,0,0
452,Lakshadweep,Selling of Girls for Prostitution,0,0,0,0,0,0,0,0,0,0,0,0
453,Puducherry,Selling of Girls for Prostitution,0,0,0,0,0,0,0,0,0,0,0,0
454,Total (UTs),Selling of Girls for Prostitution,7,0,0,7,0,7,7,0,7,0,0,0
455,Total (All-India),Selling of Girls for Prostitution,216,134,6,195,149,401,550,0,496,54,12,42
456,Andhra Pradesh,Total Crimes against Children,868,2838,109,1244,2353,3584,5937,167,4057,1713,167,1546
457,Arunachal Pradesh,Total Crimes against Children,20,72,12,27,53,155,208,0,208,0,0,0
458,Assam,Total Crimes against Children,312,514,154,327,345,458,803,0,564,239,14,225
459,Bihar,Total Crimes against Children,2106,2025,40,1631,2460,6181,8641,9,7752,880,177,703
460,Chhattisgarh,Total Crimes against Children,19,2637,0,53,2603,4198,6801,24,5221,1556,595,961
461,Goa,Total Crimes against Children,93,222,5,187,123,401,524,3,507,14,5,9
462,Gujarat,Total Crimes against Children,118,2185,5,250,2048,7900,9948,11,9154,783,73,710
463,Haryana,Total Crimes against Children,17,1357,0,43,1331,1182,2513,0,1827,686,147,539
464,Himachal Pradesh,Total Crimes against Children,76,397,5,76,392,668,1060,4,899,157,42,115
465,Jammu & Kashmir,Total Crimes against Children,0,88,0,0,88,227,315,6,152,157,2,155
466,Jharkhand,Total Crimes against Children,35,89,0,25,99,64,163,0,90,73,13,60
467,Karnataka,Total Crimes against Children,129,1087,40,214,962,1085,2047,0,1716,331,29,302
468,Kerala,Total Crimes against Children,856,2008,30,1174,1660,4178,5838,0,5445,393,96,297
469,Madhya Pradesh,Total Crimes against Children,38,8661,2,94,8603,16171,24774,737,18539,5498,1867,3631
470,Maharashtra,Total Crimes against Children,1764,6805,33,2521,6015,24651,30666,14,29126,1526,159,1367
471,Manipur,Total Crimes against Children,105,10,11,102,2,5,7,0,6,1,1,0
472,Meghalaya,Total Crimes against Children,136,133,18,132,119,165,284,0,263,21,8,13
473,Mizoram,Total Crimes against Children,20,74,2,36,56,104,160,0,117,43,34,9
474,Nagaland,Total Crimes against Children,1,12,0,8,5,3,8,0,0,8,8,0
475,Odisha,Total Crimes against Children,29,1005,0,54,980,1335,2315,0,2075,240,34,206
476,Punjab,Total Crimes against Children,529,1149,88,748,842,1295,2137,0,1399,738,314,424
477,Rajasthan,Total Crimes against Children,53,1961,0,62,1952,3945,5897,4,4621,1272,476,796
478,Sikkim,Total Crimes against Children,8,68,0,0,76,51,127,0,28,99,68,31
479,Tamil Nadu,Total Crimes against Children,864,1475,139,993,1207,1674,2881,0,2117,764,189,575
480,Tripura,Total Crimes against Children,12,150,1,28,133,128,261,10,189,62,13,49
481,Uttar Pradesh,Total Crimes against Children,1824,19286,4949,3754,12407,17980,30387,5,26941,3441,1943,1498
482,Uttarakhand,Total Crimes against Children,6,173,0,24,155,240,395,0,245,150,73,77
483,West Bengal,Total Crimes against Children,1148,1800,120,1086,1742,2206,3948,48,3490,410,25,385
484,Total (State),Total Crimes against Children,11186,58281,5763,14893,48811,100234,149045,1042,126748,21255,6572,14683
485,A&N Islands,Total Crimes against Children,37,51,0,5,83,284,367,0,338,29,6,23
486,Chandigarh,Total Crimes against Children,13,109,0,43,79,126,205,0,135,70,29,41
487,D&N Haveli,Total Crimes against Children,3,6,0,3,6,56,62,0,46,16,3,13
488,Daman & Diu,Total Crimes against Children,3,5,0,3,5,19,24,0,17,7,0,7
489,Delhi UT,Total Crimes against Children,519,2037,60,570,1926,4763,6689,0,5669,1020,360,660
490,Lakshadweep,Total Crimes against Children,0,0,0,0,0,0,0,0,0,0,0,0
491,Puducherry,Total Crimes against Children,10,22,0,9,23,132,155,0,151,4,0,4
492,Total (UTs),Total Crimes against Children,585,2230,60,633,2122,5380,7502,0,6356,1146,398,748
493,Total (All-India),Total Crimes against Children,11771,60511,5823,15526,50933,105614,156547,1042,133104,22401,6970,15431
