index,STATE/UT,CRIME HEAD,Persons in custody or on bail during the stage of investigation at the beginning of the year,Persons arrested during the year,Persons released or freed by Police or Magistrate before trial for want of evidence or any other reason,Persons in custody or on bail during the stage of investigation at the end of the year,Persons in whose cases charge sheets were laid during the year,Persons under trial at the beginning of the year,Total number of persons under trial during the year,Persons against whom cases were compounded or withdrawn,Persons in custody or on bail during the stage of trial at the end of the year,Persons in whose cases trials were completed during the year,Persons convicted,Persons acquitted
0,ANDHRA PRADESH,INFANTICIDE (SECTION 315 IPC),0,6,0,5,1,4,5,0,5,0,0,0
1,ARUNACHAL PRADESH,INFANTICIDE (SECTION 315 IPC),0,0,0,0,0,0,0,0,0,0,0,0
2,ASSAM,INFANTICIDE (SECTION 315 IPC),0,0,0,0,0,0,0,0,0,0,0,0
3,BIHAR,INFANTICIDE (SECTION 315 IPC),0,2,0,0,2,7,9,0,6,3,1,2
4,CHHATTISGARH,INFANTICIDE (SECTION 315 IPC),0,5,0,0,5,16,21,0,17,4,2,2
5,GOA,INFANTICIDE (SECTION 315 IPC),0,0,0,0,0,1,1,0,1,0,0,0
6,GUJARAT,INFANTICIDE (SECTION 315 IPC),0,0,0,0,0,16,16,0,16,0,0,0
7,HARYANA,INFANTICIDE (SECTION 315 IPC),0,0,0,0,0,4,4,0,0,4,0,4
8,HIMACHAL PRADESH,INFANTICIDE (SECTION 315 IPC),2,0,0,0,2,0,2,0,0,2,0,2
9,JAMMU & KASHMIR,INFANTICIDE (SECTION 315 IPC),0,0,0,0,0,1,1,0,1,0,0,0
10,JHARKHAND,INFANTICIDE (SECTION 315 IPC),0,0,0,0,0,0,0,0,0,0,0,0
11,KARNATAKA,INFANTICIDE (SECTION 315 IPC),0,1,0,0,1,2,3,0,2,1,0,1
12,KERALA,INFANTICIDE (SECTION 315 IPC),0,0,0,0,0,5,5,0,4,1,1,0
13,MADHYA PRADESH,INFANTICIDE (SECTION 315 IPC),0,13,0,0,13,32,45,0,40,5,0,5
14,MAHARASHTRA,INFANTICIDE (SECTION 315 IPC),9,12,0,4,17,20,37,0,34,3,3,0
15,MANIPUR,INFANTICIDE (SECTION 315 IPC),0,0,0,0,0,0,0,0,0,0,0,0
16,MEGHALAYA,INFANTICIDE (SECTION 315 IPC),3,0,0,3,0,0,0,0,0,0,0,0
17,MIZORAM,INFANTICIDE (SECTION 315 IPC),0,0,0,0,0,0,0,0,0,0,0,0
18,NAGALAND,INFANTICIDE (SECTION 315 IPC),0,0,0,0,0,0,0,0,0,0,0,0
19,ODISHA,INFANTICIDE (SECTION 315 IPC),0,0,0,0,0,3,3,0,3,0,0,0
20,PUNJAB,INFANTICIDE (SECTION 315 IPC),3,1,0,3,1,7,8,0,6,2,0,2
21,RAJASTHAN,INFANTICIDE (SECTION 315 IPC),0,3,0,0,3,9,12,0,6,6,2,4
22,SIKKIM,INFANTICIDE (SECTION 315 IPC),1,1,0,0,2,1,3,0,1,2,2,0
23,TAMIL NADU,INFANTICIDE (SECTION 315 IPC),4,1,0,5,0,3,3,0,3,0,0,0
24,TRIPURA,INFANTICIDE (SECTION 315 IPC),0,0,0,0,0,0,0,0,0,0,0,0
25,UTTAR PRADESH,INFANTICIDE (SECTION 315 IPC),0,19,0,0,19,134,153,0,139,14,10,4
26,UTTARAKHAND,INFANTICIDE (SECTION 315 IPC),0,0,0,0,0,0,0,0,0,0,0,0
27,WEST BENGAL,INFANTICIDE (SECTION 315 IPC),0,1,0,0,1,3,4,0,4,0,0,0
28,TOTAL (STATES),INFANTICIDE (SECTION 315 IPC),22,65,0,20,67,268,335,0,288,47,21,26
29,A & N ISLANDS,INFANTICIDE (SECTION 315 IPC),0,0,0,0,0,0,0,0,0,0,0,0
30,CHANDIGARH,INFANTICIDE (SECTION 315 IPC),0,0,0,0,0,0,0,0,0,0,0,0
31,D & N HAVELI,INFANTICIDE (SECTION 315 IPC),0,0,0,0,0,0,0,0,0,0,0,0
32,DAMAN & DIU,INFANTICIDE (SECTION 315 IPC),0,0,0,0,0,0,0,0,0,0,0,0
33,DELHI,INFANTICIDE (SECTION 315 IPC),0,3,0,0,3,0,3,0,0,3,0,3
34,LAKSHADWEEP,INFANTICIDE (SECTION 315 IPC),0,0,0,0,0,0,0,0,0,0,0,0
35,PUDUCHERRY,INFANTICIDE (SECTION 315 IPC),0,0,0,0,0,0,0,0,0,0,0,0
36,TOTAL (UTs),INFANTICIDE (SECTION 315 IPC),0,3,0,0,3,0,3,0,0,3,0,3
37,TOTAL (ALL-INDIA),INFANTICIDE (SECTION 315 IPC),22,68,0,20,70,268,338,0,288,50,21,29
38,ANDHRA PRADESH,MURDER (SECTION 302 IPC),50,140,0,50,140,147,287,0,216,71,12,59
39,ARUNACHAL PRADESH,MURDER (SECTION 302 IPC),0,0,0,0,0,0,0,0,0,0,0,0
40,ASSAM,MURDER (SECTION 302 IPC),7,15,1,14,7,29,36,0,36,0,0,0
41,BIHAR,MURDER (SECTION 302 IPC),220,220,6,179,255,845,1100,0,843,257,50,207
42,CHHATTISGARH,MURDER (SECTION 302 IPC),1,74,0,0,75,129,204,0,148,56,25,31
43,GOA,MURDER (SECTION 302 IPC),0,2,0,0,2,19,21,0,21,0,0,0
44,GUJARAT,MURDER (SECTION 302 IPC),4,52,0,1,55,441,496,0,474,22,1,21
45,HARYANA,MURDER (SECTION 302 IPC),0,58,0,2,56,44,100,0,73,27,7,20
46,HIMACHAL PRADESH,MURDER (SECTION 302 IPC),0,9,0,0,9,11,20,0,14,6,0,6
47,JAMMU & KASHMIR,MURDER (SECTION 302 IPC),0,0,0,0,0,14,14,0,14,0,0,0
48,JHARKHAND,MURDER (SECTION 302 IPC),4,1,0,5,0,2,2,0,0,2,0,2
49,KARNATAKA,MURDER (SECTION 302 IPC),9,65,0,7,67,187,254,9,160,85,4,81
50,KERALA,MURDER (SECTION 302 IPC),17,29,0,12,34,198,232,1,211,20,7,13
51,MADHYA PRADESH,MURDER (SECTION 302 IPC),8,191,0,0,199,621,820,0,683,137,62,75
52,MAHARASHTRA,MURDER (SECTION 302 IPC),73,255,1,105,222,1618,1840,1,1721,118,18,100
53,MANIPUR,MURDER (SECTION 302 IPC),7,0,0,7,0,0,0,0,0,0,0,0
54,MEGHALAYA,MURDER (SECTION 302 IPC),7,1,0,7,1,5,6,0,5,1,0,1
55,MIZORAM,MURDER (SECTION 302 IPC),0,1,0,0,1,1,2,0,1,1,1,0
56,NAGALAND,MURDER (SECTION 302 IPC),5,0,0,0,5,0,5,0,0,5,5,0
57,ODISHA,MURDER (SECTION 302 IPC),1,25,0,4,22,81,103,0,90,13,7,6
58,PUNJAB,MURDER (SECTION 302 IPC),30,43,1,27,45,109,154,0,121,33,18,15
59,RAJASTHAN,MURDER (SECTION 302 IPC),0,35,0,6,29,303,332,0,262,70,25,45
60,SIKKIM,MURDER (SECTION 302 IPC),0,0,0,0,0,15,15,0,8,7,5,2
61,TAMIL NADU,MURDER (SECTION 302 IPC),75,118,5,65,123,172,295,0,228,67,31,36
62,TRIPURA,MURDER (SECTION 302 IPC),6,3,0,3,6,16,22,0,10,12,2,10
63,UTTAR PRADESH,MURDER (SECTION 302 IPC),56,927,32,64,887,1981,2868,0,2428,440,263,177
64,UTTARAKHAND,MURDER (SECTION 302 IPC),0,8,0,0,8,21,29,0,11,18,14,4
65,WEST BENGAL,MURDER (SECTION 302 IPC),42,37,0,50,29,23,52,0,38,14,1,13
66,TOTAL (STATES),MURDER (SECTION 302 IPC),622,2309,46,608,2277,7032,9309,11,7816,1482,558,924
67,A & N ISLANDS,MURDER (SECTION 302 IPC),1,1,0,1,1,13,14,0,14,0,0,0
68,CHANDIGARH,MURDER (SECTION 302 IPC),0,0,0,0,0,9,9,0,6,3,3,0
69,D & N HAVELI,MURDER (SECTION 302 IPC),1,0,0,1,0,0,0,0,0,0,0,0
70,DAMAN & DIU,MURDER (SECTION 302 IPC),0,0,0,0,0,0,0,0,0,0,0,0
71,DELHI,MURDER (SECTION 302 IPC),24,43,0,13,54,247,301,0,272,29,19,10
72,LAKSHADWEEP,MURDER (SECTION 302 IPC),0,0,0,0,0,0,0,0,0,0,0,0
73,PUDUCHERRY,MURDER (SECTION 302 IPC),0,0,0,0,0,1,1,0,1,0,0,0
74,TOTAL (UTs),MURDER (SECTION 302 IPC),26,44,0,15,55,270,325,0,293,32,22,10
75,TOTAL (ALL-INDIA),MURDER (SECTION 302 IPC),648,2353,46,623,2332,7302,9634,11,8109,1514,580,934
76,ANDHRA PRADESH,RAPE (SECTION 376 IPC),359,604,0,258,705,1005,1710,3,1172,535,56,479
77,ARUNACHAL PRADESH,RAPE (SECTION 376 IPC),4,18,0,12,10,67,77,0,73,4,1,3
78,ASSAM,RAPE (SECTION 376 IPC),73,155,9,126,93,97,190,0,175,15,0,15
79,BIHAR,RAPE (SECTION 376 IPC),64,148,1,70,141,309,450,4,349,97,17,80
80,CHHATTISGARH,RAPE (SECTION 376 IPC),9,531,0,0,540,1214,1754,17,1435,302,78,224
81,GOA,RAPE (SECTION 376 IPC),11,49,1,30,29,125,154,0,151,3,1,2
82,GUJARAT,RAPE (SECTION 376 IPC),8,210,0,17,201,963,1164,1,1066,97,13,84
83,HARYANA,RAPE (SECTION 376 IPC),0,379,0,0,379,181,560,0,400,160,15,145
84,HIMACHAL PRADESH,RAPE (SECTION 376 IPC),16,129,1,26,118,185,303,0,234,69,23,46
85,JAMMU & KASHMIR,RAPE (SECTION 376 IPC),0,21,0,0,21,33,54,0,46,8,1,7
86,JHARKHAND,RAPE (SECTION 376 IPC),3,4,0,5,2,24,26,0,9,17,0,17
87,KARNATAKA,RAPE (SECTION 376 IPC),15,178,0,37,156,391,547,0,427,120,19,101
88,KERALA,RAPE (SECTION 376 IPC),437,604,0,565,476,1210,1686,0,1581,105,25,80
89,MADHYA PRADESH,RAPE (SECTION 376 IPC),22,1970,0,9,1983,3778,5761,40,4458,1263,279,984
90,MAHARASHTRA,RAPE (SECTION 376 IPC),403,1257,1,447,1212,6073,7285,5,6875,405,47,358
91,MANIPUR,RAPE (SECTION 376 IPC),21,7,2,25,1,2,3,0,3,0,0,0
92,MEGHALAYA,RAPE (SECTION 376 IPC),91,84,33,117,25,111,136,0,130,6,2,4
93,MIZORAM,RAPE (SECTION 376 IPC),9,74,1,18,64,48,112,0,83,29,27,2
94,NAGALAND,RAPE (SECTION 376 IPC),16,8,0,0,24,0,24,0,0,24,24,0
95,ODISHA,RAPE (SECTION 376 IPC),6,242,0,16,232,466,698,0,655,43,11,32
96,PUNJAB,RAPE (SECTION 376 IPC),89,282,3,134,234,276,510,0,327,183,68,115
97,RAJASTHAN,RAPE (SECTION 376 IPC),2,491,0,5,488,1567,2055,2,1677,376,142,234
98,SIKKIM,RAPE (SECTION 376 IPC),0,19,0,7,12,62,74,0,34,40,30,10
99,TAMIL NADU,RAPE (SECTION 376 IPC),200,333,4,244,285,480,765,0,580,185,44,141
100,TRIPURA,RAPE (SECTION 376 IPC),40,12,2,5,45,114,159,0,78,81,12,69
101,UTTAR PRADESH,RAPE (SECTION 376 IPC),81,1581,192,121,1349,2472,3821,0,3210,611,333,278
102,UTTARAKHAND,RAPE (SECTION 376 IPC),0,33,0,3,30,45,75,0,56,19,13,6
103,WEST BENGAL,RAPE (SECTION 376 IPC),162,178,7,195,138,205,343,0,304,39,8,31
104,TOTAL (STATES),RAPE (SECTION 376 IPC),2141,9601,257,2492,8993,21503,30496,72,25588,4836,1289,3547
105,A & N ISLANDS,RAPE (SECTION 376 IPC),4,17,0,13,8,80,88,0,85,3,1,2
106,CHANDIGARH,RAPE (SECTION 376 IPC),6,18,4,2,18,36,54,0,30,24,8,16
107,D & N HAVELI,RAPE (SECTION 376 IPC),0,1,0,0,1,5,6,0,2,4,2,2
108,DAMAN & DIU,RAPE (SECTION 376 IPC),0,9,0,0,9,4,13,0,10,3,1,2
109,DELHI,RAPE (SECTION 376 IPC),119,516,1,127,507,1396,1903,0,1596,307,145,162
110,LAKSHADWEEP,RAPE (SECTION 376 IPC),0,0,0,0,0,0,0,0,0,0,0,0
111,PUDUCHERRY,RAPE (SECTION 376 IPC),4,9,0,0,13,43,56,0,51,5,1,4
112,TOTAL (UTs),RAPE (SECTION 376 IPC),133,570,5,142,556,1564,2120,0,1774,346,158,188
113,TOTAL (ALL-INDIA),RAPE (SECTION 376 IPC),2274,10171,262,2634,9549,23067,32616,72,27362,5182,1447,3735
114,ANDHRA PRADESH,"KIDNAPPING AND ABDUCTION (SECTION 363-369, 371-373 IPC)",295,826,0,290,831,1066,1897,42,1319,536,44,492
115,ARUNACHAL PRADESH,"KIDNAPPING AND ABDUCTION (SECTION 363-369, 371-373 IPC)",2,20,1,7,14,67,81,0,80,1,1,0
116,ASSAM,"KIDNAPPING AND ABDUCTION (SECTION 363-369, 371-373 IPC)",27,68,4,69,22,34,56,0,54,2,0,2
117,BIHAR,"KIDNAPPING AND ABDUCTION (SECTION 363-369, 371-373 IPC)",1964,1870,32,1819,1983,3403,5386,0,4562,824,46,778
118,CHHATTISGARH,"KIDNAPPING AND ABDUCTION (SECTION 363-369, 371-373 IPC)",1,244,0,3,242,507,749,8,633,108,37,71
119,GOA,"KIDNAPPING AND ABDUCTION (SECTION 363-369, 371-373 IPC)",13,13,1,14,11,54,65,0,63,2,0,2
120,GUJARAT,"KIDNAPPING AND ABDUCTION (SECTION 363-369, 371-373 IPC)",72,938,0,79,931,3407,4338,0,4042,296,26,270
121,HARYANA,"KIDNAPPING AND ABDUCTION (SECTION 363-369, 371-373 IPC)",1,505,0,13,493,151,644,0,549,95,8,87
122,HIMACHAL PRADESH,"KIDNAPPING AND ABDUCTION (SECTION 363-369, 371-373 IPC)",28,85,2,42,69,143,212,1,174,37,6,31
123,JAMMU & KASHMIR,"KIDNAPPING AND ABDUCTION (SECTION 363-369, 371-373 IPC)",0,18,0,0,18,132,150,0,145,5,0,5
124,JHARKHAND,"KIDNAPPING AND ABDUCTION (SECTION 363-369, 371-373 IPC)",3,29,0,3,29,10,39,0,18,21,1,20
125,KARNATAKA,"KIDNAPPING AND ABDUCTION (SECTION 363-369, 371-373 IPC)",28,211,8,74,157,278,435,0,292,143,2,141
126,KERALA,"KIDNAPPING AND ABDUCTION (SECTION 363-369, 371-373 IPC)",46,163,3,45,161,402,563,0,518,45,5,40
127,MADHYA PRADESH,"KIDNAPPING AND ABDUCTION (SECTION 363-369, 371-373 IPC)",24,735,0,17,742,1304,2046,19,1544,483,108,375
128,MAHARASHTRA,"KIDNAPPING AND ABDUCTION (SECTION 363-369, 371-373 IPC)",468,1068,8,481,1047,4662,5709,1,5410,298,8,290
129,MANIPUR,"KIDNAPPING AND ABDUCTION (SECTION 363-369, 371-373 IPC)",71,26,23,73,1,0,1,0,1,0,0,0
130,MEGHALAYA,"KIDNAPPING AND ABDUCTION (SECTION 363-369, 371-373 IPC)",8,5,1,7,5,18,23,0,20,3,0,3
131,MIZORAM,"KIDNAPPING AND ABDUCTION (SECTION 363-369, 371-373 IPC)",1,1,0,0,2,2,4,0,1,3,3,0
132,NAGALAND,"KIDNAPPING AND ABDUCTION (SECTION 363-369, 371-373 IPC)",0,4,0,0,4,0,4,0,0,4,4,0
133,ODISHA,"KIDNAPPING AND ABDUCTION (SECTION 363-369, 371-373 IPC)",0,87,0,4,83,262,345,0,328,17,0,17
134,PUNJAB,"KIDNAPPING AND ABDUCTION (SECTION 363-369, 371-373 IPC)",306,356,40,347,275,597,872,0,750,122,39,83
135,RAJASTHAN,"KIDNAPPING AND ABDUCTION (SECTION 363-369, 371-373 IPC)",16,518,0,42,492,1480,1972,20,1605,347,126,221
136,SIKKIM,"KIDNAPPING AND ABDUCTION (SECTION 363-369, 371-373 IPC)",0,8,0,1,7,12,19,0,6,13,9,4
137,TAMIL NADU,"KIDNAPPING AND ABDUCTION (SECTION 363-369, 371-373 IPC)",332,560,23,473,396,615,1011,0,825,186,18,168
138,TRIPURA,"KIDNAPPING AND ABDUCTION (SECTION 363-369, 371-373 IPC)",9,7,4,4,8,29,37,0,13,24,2,22
139,UTTAR PRADESH,"KIDNAPPING AND ABDUCTION (SECTION 363-369, 371-373 IPC)",794,8394,2165,1596,5427,6365,11792,12,10000,1780,949,831
140,UTTARAKHAND,"KIDNAPPING AND ABDUCTION (SECTION 363-369, 371-373 IPC)",0,51,0,2,49,126,175,0,147,28,15,13
141,WEST BENGAL,"KIDNAPPING AND ABDUCTION (SECTION 363-369, 371-373 IPC)",264,558,58,409,355,814,1169,6,996,167,5,162
142,TOTAL (STATES),"KIDNAPPING AND ABDUCTION (SECTION 363-369, 371-373 IPC)",4773,17368,2373,5914,13854,25940,39794,109,34095,5590,1462,4128
143,A & N ISLANDS,"KIDNAPPING AND ABDUCTION (SECTION 363-369, 371-373 IPC)",7,7,0,7,7,29,36,0,35,1,0,1
144,CHANDIGARH,"KIDNAPPING AND ABDUCTION (SECTION 363-369, 371-373 IPC)",10,21,3,10,18,43,61,0,42,19,8,11
145,D & N HAVELI,"KIDNAPPING AND ABDUCTION (SECTION 363-369, 371-373 IPC)",2,13,0,1,14,48,62,0,50,12,2,10
146,DAMAN & DIU,"KIDNAPPING AND ABDUCTION (SECTION 363-369, 371-373 IPC)",3,0,0,0,3,1,4,0,2,2,0,2
147,DELHI,"KIDNAPPING AND ABDUCTION (SECTION 363-369, 371-373 IPC)",66,438,23,109,372,1687,2059,0,1647,412,148,264
148,LAKSHADWEEP,"KIDNAPPING AND ABDUCTION (SECTION 363-369, 371-373 IPC)",0,0,0,0,0,0,0,0,0,0,0,0
149,PUDUCHERRY,"KIDNAPPING AND ABDUCTION (SECTION 363-369, 371-373 IPC)",0,16,0,3,13,56,69,0,57,12,5,7
150,TOTAL (UTs),"KIDNAPPING AND ABDUCTION (SECTION 363-369, 371-373 IPC)",88,495,26,130,427,1864,2291,0,1833,458,163,295
151,TOTAL (ALL-INDIA),"KIDNAPPING AND ABDUCTION (SECTION 363-369, 371-373 IPC)",4861,17863,2399,6044,14281,27804,42085,109,35928,6048,1625,4423
152,ANDHRA PRADESH,"FOETICIDE (SECTION 315, 316 IPC)",2,0,0,0,2,3,5,0,3,2,0,2
153,ARUNACHAL PRADESH,"FOETICIDE (SECTION 315, 316 IPC)",0,0,0,0,0,0,0,0,0,0,0,0
154,ASSAM,"FOETICIDE (SECTION 315, 316 IPC)",0,0,0,0,0,0,0,0,0,0,0,0
155,BIHAR,"FOETICIDE (SECTION 315, 316 IPC)",6,1,1,0,6,9,15,0,11,4,0,4
156,CHHATTISGARH,"FOETICIDE (SECTION 315, 316 IPC)",0,1,0,0,1,10,11,0,7,4,3,1
157,GOA,"FOETICIDE (SECTION 315, 316 IPC)",0,0,0,0,0,0,0,0,0,0,0,0
158,GUJARAT,"FOETICIDE (SECTION 315, 316 IPC)",0,0,0,0,0,4,4,0,4,0,0,0
159,HARYANA,"FOETICIDE (SECTION 315, 316 IPC)",0,2,0,0,2,0,2,0,0,2,0,2
160,HIMACHAL PRADESH,"FOETICIDE (SECTION 315, 316 IPC)",0,0,0,0,0,0,0,0,0,0,0,0
161,JAMMU & KASHMIR,"FOETICIDE (SECTION 315, 316 IPC)",0,0,0,0,0,1,1,0,1,0,0,0
162,JHARKHAND,"FOETICIDE (SECTION 315, 316 IPC)",0,0,0,0,0,0,0,0,0,0,0,0
163,KARNATAKA,"FOETICIDE (SECTION 315, 316 IPC)",0,0,0,0,0,1,1,0,1,0,0,0
164,KERALA,"FOETICIDE (SECTION 315, 316 IPC)",0,1,0,0,1,0,1,0,1,0,0,0
165,MADHYA PRADESH,"FOETICIDE (SECTION 315, 316 IPC)",0,12,0,0,12,7,19,0,16,3,0,3
166,MAHARASHTRA,"FOETICIDE (SECTION 315, 316 IPC)",6,29,3,15,17,41,58,0,56,2,2,0
167,MANIPUR,"FOETICIDE (SECTION 315, 316 IPC)",0,0,0,0,0,0,0,0,0,0,0,0
168,MEGHALAYA,"FOETICIDE (SECTION 315, 316 IPC)",0,0,0,0,0,0,0,0,0,0,0,0
169,MIZORAM,"FOETICIDE (SECTION 315, 316 IPC)",0,0,0,0,0,0,0,0,0,0,0,0
170,NAGALAND,"FOETICIDE (SECTION 315, 316 IPC)",0,0,0,0,0,0,0,0,0,0,0,0
171,ODISHA,"FOETICIDE (SECTION 315, 316 IPC)",0,0,0,0,0,4,4,0,4,0,0,0
172,PUNJAB,"FOETICIDE (SECTION 315, 316 IPC)",5,0,0,0,5,6,11,0,5,6,0,6
173,RAJASTHAN,"FOETICIDE (SECTION 315, 316 IPC)",0,9,0,0,9,14,23,0,23,0,0,0
174,SIKKIM,"FOETICIDE (SECTION 315, 316 IPC)",0,2,0,0,2,0,2,0,2,0,0,0
175,TAMIL NADU,"FOETICIDE (SECTION 315, 316 IPC)",0,0,0,0,0,0,0,0,0,0,0,0
176,TRIPURA,"FOETICIDE (SECTION 315, 316 IPC)",0,0,0,0,0,0,0,0,0,0,0,0
177,UTTAR PRADESH,"FOETICIDE (SECTION 315, 316 IPC)",1,25,15,0,11,25,36,0,33,3,3,0
178,UTTARAKHAND,"FOETICIDE (SECTION 315, 316 IPC)",0,0,0,0,0,0,0,0,0,0,0,0
179,WEST BENGAL,"FOETICIDE (SECTION 315, 316 IPC)",0,0,0,0,0,0,0,0,0,0,0,0
180,TOTAL (STATES),"FOETICIDE (SECTION 315, 316 IPC)",20,82,19,15,68,125,193,0,167,26,8,18
181,A & N ISLANDS,"FOETICIDE (SECTION 315, 316 IPC)",0,0,0,0,0,3,3,0,2,1,0,1
182,CHANDIGARH,"FOETICIDE (SECTION 315, 316 IPC)",0,0,0,0,0,0,0,0,0,0,0,0
183,D & N HAVELI,"FOETICIDE (SECTION 315, 316 IPC)",0,0,0,0,0,0,0,0,0,0,0,0
184,DAMAN & DIU,"FOETICIDE (SECTION 315, 316 IPC)",0,0,0,0,0,0,0,0,0,0,0,0
185,DELHI,"FOETICIDE (SECTION 315, 316 IPC)",2,1,0,2,1,46,47,0,47,0,0,0
186,LAKSHADWEEP,"FOETICIDE (SECTION 315, 316 IPC)",0,0,0,0,0,0,0,0,0,0,0,0
187,PUDUCHERRY,"FOETICIDE (SECTION 315, 316 IPC)",0,0,0,0,0,0,0,0,0,0,0,0
188,TOTAL (UTs),"FOETICIDE (SECTION 315, 316 IPC)",2,1,0,2,1,49,50,0,49,1,0,1
189,TOTAL (ALL-INDIA),"FOETICIDE (SECTION 315, 316 IPC)",22,83,19,17,69,174,243,0,216,27,8,19
190,ANDHRA PRADESH,ABETMENT TO SUICIDE (SECTION 305 IPC),0,23,7,0,16,17,33,0,26,7,2,5
191,ARUNACHAL PRADESH,ABETMENT TO SUICIDE (SECTION 305 IPC),0,0,0,0,0,0,0,0,0,0,0,0
192,ASSAM,ABETMENT TO SUICIDE (SECTION 305 IPC),2,0,0,2,0,4,4,0,4,0,0,0
193,BIHAR,ABETMENT TO SUICIDE (SECTION 305 IPC),0,0,0,0,0,0,0,0,0,0,0,0
194,CHHATTISGARH,ABETMENT TO SUICIDE (SECTION 305 IPC),0,8,0,0,8,23,31,0,18,13,5,8
195,GOA,ABETMENT TO SUICIDE (SECTION 305 IPC),0,1,0,1,0,4,4,0,4,0,0,0
196,GUJARAT,ABETMENT TO SUICIDE (SECTION 305 IPC),0,1,0,0,1,7,8,0,8,0,0,0
197,HARYANA,ABETMENT TO SUICIDE (SECTION 305 IPC),0,3,0,0,3,0,3,0,3,0,0,0
198,HIMACHAL PRADESH,ABETMENT TO SUICIDE (SECTION 305 IPC),3,0,0,0,3,0,3,0,3,0,0,0
199,JAMMU & KASHMIR,ABETMENT TO SUICIDE (SECTION 305 IPC),0,0,0,0,0,0,0,0,0,0,0,0
200,JHARKHAND,ABETMENT TO SUICIDE (SECTION 305 IPC),0,0,0,0,0,0,0,0,0,0,0,0
201,KARNATAKA,ABETMENT TO SUICIDE (SECTION 305 IPC),0,0,0,0,0,0,0,0,0,0,0,0
202,KERALA,ABETMENT TO SUICIDE (SECTION 305 IPC),2,2,0,3,1,7,8,0,8,0,0,0
203,MADHYA PRADESH,ABETMENT TO SUICIDE (SECTION 305 IPC),0,36,0,0,36,19,55,0,50,5,1,4
204,MAHARASHTRA,ABETMENT TO SUICIDE (SECTION 305 IPC),8,28,0,8,28,96,124,0,103,21,5,16
205,MANIPUR,ABETMENT TO SUICIDE (SECTION 305 IPC),0,0,0,0,0,0,0,0,0,0,0,0
206,MEGHALAYA,ABETMENT TO SUICIDE (SECTION 305 IPC),0,0,0,0,0,0,0,0,0,0,0,0
207,MIZORAM,ABETMENT TO SUICIDE (SECTION 305 IPC),0,0,0,0,0,0,0,0,0,0,0,0
208,NAGALAND,ABETMENT TO SUICIDE (SECTION 305 IPC),0,0,0,0,0,0,0,0,0,0,0,0
209,ODISHA,ABETMENT TO SUICIDE (SECTION 305 IPC),0,1,0,0,1,2,3,0,3,0,0,0
210,PUNJAB,ABETMENT TO SUICIDE (SECTION 305 IPC),2,1,0,0,3,0,3,0,3,0,0,0
211,RAJASTHAN,ABETMENT TO SUICIDE (SECTION 305 IPC),0,0,0,0,0,0,0,0,0,0,0,0
212,SIKKIM,ABETMENT TO SUICIDE (SECTION 305 IPC),0,0,0,0,0,0,0,0,0,0,0,0
213,TAMIL NADU,ABETMENT TO SUICIDE (SECTION 305 IPC),3,2,0,5,0,1,1,0,1,0,0,0
214,TRIPURA,ABETMENT TO SUICIDE (SECTION 305 IPC),0,0,0,0,0,0,0,0,0,0,0,0
215,UTTAR PRADESH,ABETMENT TO SUICIDE (SECTION 305 IPC),0,163,59,8,96,16,112,0,109,3,0,3
216,UTTARAKHAND,ABETMENT TO SUICIDE (SECTION 305 IPC),0,0,0,0,0,0,0,0,0,0,0,0
217,WEST BENGAL,ABETMENT TO SUICIDE (SECTION 305 IPC),1,8,0,1,8,7,15,0,13,2,0,2
218,TOTAL (STATES),ABETMENT TO SUICIDE (SECTION 305 IPC),21,277,66,28,204,203,407,0,356,51,13,38
219,A & N ISLANDS,ABETMENT TO SUICIDE (SECTION 305 IPC),0,0,0,0,0,0,0,0,0,0,0,0
220,CHANDIGARH,ABETMENT TO SUICIDE (SECTION 305 IPC),0,0,0,0,0,0,0,0,0,0,0,0
221,D & N HAVELI,ABETMENT TO SUICIDE (SECTION 305 IPC),0,0,0,0,0,0,0,0,0,0,0,0
222,DAMAN & DIU,ABETMENT TO SUICIDE (SECTION 305 IPC),0,0,0,0,0,0,0,0,0,0,0,0
223,DELHI,ABETMENT TO SUICIDE (SECTION 305 IPC),0,0,0,0,0,2,2,0,2,0,0,0
224,LAKSHADWEEP,ABETMENT TO SUICIDE (SECTION 305 IPC),0,0,0,0,0,0,0,0,0,0,0,0
225,PUDUCHERRY,ABETMENT TO SUICIDE (SECTION 305 IPC),0,0,0,0,0,1,1,0,1,0,0,0
226,TOTAL (UTs),ABETMENT TO SUICIDE (SECTION 305 IPC),0,0,0,0,0,3,3,0,3,0,0,0
227,TOTAL (ALL-INDIA),ABETMENT TO SUICIDE (SECTION 305 IPC),21,277,66,28,204,206,410,0,359,51,13,38
228,ANDHRA PRADESH,EXPOSURE AND ABANDONMENT (SECTION 317 IPC),20,8,0,23,5,24,29,0,11,18,0,18
229,ARUNACHAL PRADESH,EXPOSURE AND ABANDONMENT (SECTION 317 IPC),0,0,0,0,0,0,0,0,0,0,0,0
230,ASSAM,EXPOSURE AND ABANDONMENT (SECTION 317 IPC),0,0,0,0,0,0,0,0,0,0,0,0
231,BIHAR,EXPOSURE AND ABANDONMENT (SECTION 317 IPC),0,0,0,0,0,4,4,0,4,0,0,0
232,CHHATTISGARH,EXPOSURE AND ABANDONMENT (SECTION 317 IPC),1,6,0,0,7,19,26,0,25,1,1,0
233,GOA,EXPOSURE AND ABANDONMENT (SECTION 317 IPC),1,0,0,1,0,2,2,0,2,0,0,0
234,GUJARAT,EXPOSURE AND ABANDONMENT (SECTION 317 IPC),2,15,0,6,11,103,114,0,98,16,0,16
235,HARYANA,EXPOSURE AND ABANDONMENT (SECTION 317 IPC),2,3,0,0,5,10,15,0,14,1,0,1
236,HIMACHAL PRADESH,EXPOSURE AND ABANDONMENT (SECTION 317 IPC),0,0,0,0,0,3,3,0,2,1,0,1
237,JAMMU & KASHMIR,EXPOSURE AND ABANDONMENT (SECTION 317 IPC),0,0,0,0,0,1,1,0,1,0,0,0
238,JHARKHAND,EXPOSURE AND ABANDONMENT (SECTION 317 IPC),0,0,0,0,0,0,0,0,0,0,0,0
239,KARNATAKA,EXPOSURE AND ABANDONMENT (SECTION 317 IPC),0,1,0,0,1,6,7,0,4,3,1,2
240,KERALA,EXPOSURE AND ABANDONMENT (SECTION 317 IPC),2,5,0,1,6,14,20,0,20,0,0,0
241,MADHYA PRADESH,EXPOSURE AND ABANDONMENT (SECTION 317 IPC),0,14,0,4,10,31,41,0,37,4,1,3
242,MAHARASHTRA,EXPOSURE AND ABANDONMENT (SECTION 317 IPC),24,66,0,26,64,567,631,2,582,47,1,46
243,MANIPUR,EXPOSURE AND ABANDONMENT (SECTION 317 IPC),0,0,0,0,0,0,0,0,0,0,0,0
244,MEGHALAYA,EXPOSURE AND ABANDONMENT (SECTION 317 IPC),0,0,0,0,0,0,0,0,0,0,0,0
245,MIZORAM,EXPOSURE AND ABANDONMENT (SECTION 317 IPC),0,1,0,0,1,0,1,0,0,1,1,0
246,NAGALAND,EXPOSURE AND ABANDONMENT (SECTION 317 IPC),0,0,0,0,0,0,0,0,0,0,0,0
247,ODISHA,EXPOSURE AND ABANDONMENT (SECTION 317 IPC),0,0,0,0,0,0,0,0,0,0,0,0
248,PUNJAB,EXPOSURE AND ABANDONMENT (SECTION 317 IPC),3,0,0,3,0,0,0,0,0,0,0,0
249,RAJASTHAN,EXPOSURE AND ABANDONMENT (SECTION 317 IPC),0,17,0,0,17,53,70,0,45,25,4,21
250,SIKKIM,EXPOSURE AND ABANDONMENT (SECTION 317 IPC),0,0,0,0,0,0,0,0,0,0,0,0
251,TAMIL NADU,EXPOSURE AND ABANDONMENT (SECTION 317 IPC),1,1,0,1,1,0,1,0,1,0,0,0
252,TRIPURA,EXPOSURE AND ABANDONMENT (SECTION 317 IPC),0,0,0,0,0,0,0,0,0,0,0,0
253,UTTAR PRADESH,EXPOSURE AND ABANDONMENT (SECTION 317 IPC),0,2,0,0,2,0,2,0,2,0,0,0
254,UTTARAKHAND,EXPOSURE AND ABANDONMENT (SECTION 317 IPC),0,0,0,0,0,0,0,0,0,0,0,0
255,WEST BENGAL,EXPOSURE AND ABANDONMENT (SECTION 317 IPC),0,8,0,0,8,0,8,0,5,3,0,3
256,TOTAL (STATES),EXPOSURE AND ABANDONMENT (SECTION 317 IPC),56,147,0,65,138,837,975,2,853,120,9,111
257,A & N ISLANDS,EXPOSURE AND ABANDONMENT (SECTION 317 IPC),0,0,0,0,0,2,2,0,2,0,0,0
258,CHANDIGARH,EXPOSURE AND ABANDONMENT (SECTION 317 IPC),0,0,0,0,0,2,2,0,2,0,0,0
259,D & N HAVELI,EXPOSURE AND ABANDONMENT (SECTION 317 IPC),0,0,0,0,0,0,0,0,0,0,0,0
260,DAMAN & DIU,EXPOSURE AND ABANDONMENT (SECTION 317 IPC),0,0,0,0,0,0,0,0,0,0,0,0
261,DELHI,EXPOSURE AND ABANDONMENT (SECTION 317 IPC),0,11,1,0,10,6,16,0,13,3,0,3
262,LAKSHADWEEP,EXPOSURE AND ABANDONMENT (SECTION 317 IPC),0,0,0,0,0,0,0,0,0,0,0,0
263,PUDUCHERRY,EXPOSURE AND ABANDONMENT (SECTION 317 IPC),0,0,0,0,0,0,0,0,0,0,0,0
264,TOTAL (UTs),EXPOSURE AND ABANDONMENT (SECTION 317 IPC),0,11,1,0,10,10,20,0,17,3,0,3
265,TOTAL (ALL-INDIA),EXPOSURE AND ABANDONMENT (SECTION 317 IPC),56,158,1,65,148,847,995,2,870,123,9,114
266,ANDHRA PRADESH,PROCURATION OF MINOR GIRLS (SECTION 366-A IPC),37,37,0,29,45,167,212,48,77,87,7,80
267,ARUNACHAL PRADESH,PROCURATION OF MINOR GIRLS (SECTION 366-A IPC),0,0,0,0,0,0,0,0,0,0,0,0
268,ASSAM,PROCURATION OF MINOR GIRLS (SECTION 366-A IPC),63,122,49,38,98,63,161,0,145,16,1,15
269,BIHAR,PROCURATION OF MINOR GIRLS (SECTION 366-A IPC),15,38,0,15,38,525,563,0,363,200,13,187
270,CHHATTISGARH,PROCURATION OF MINOR GIRLS (SECTION 366-A IPC),0,18,0,0,18,30,48,0,35,13,2,11
271,GOA,PROCURATION OF MINOR GIRLS (SECTION 366-A IPC),7,0,0,7,0,7,7,0,7,0,0,0
272,GUJARAT,PROCURATION OF MINOR GIRLS (SECTION 366-A IPC),0,26,0,1,25,25,50,0,43,7,3,4
273,HARYANA,PROCURATION OF MINOR GIRLS (SECTION 366-A IPC),0,0,0,0,0,0,0,0,0,0,0,0
274,HIMACHAL PRADESH,PROCURATION OF MINOR GIRLS (SECTION 366-A IPC),0,4,0,1,3,5,8,0,4,4,0,4
275,JAMMU & KASHMIR,PROCURATION OF MINOR GIRLS (SECTION 366-A IPC),0,0,0,0,0,0,0,0,0,0,0,0
276,JHARKHAND,PROCURATION OF MINOR GIRLS (SECTION 366-A IPC),0,16,0,0,16,41,57,0,0,57,0,57
277,KARNATAKA,PROCURATION OF MINOR GIRLS (SECTION 366-A IPC),2,18,0,2,18,16,34,0,29,5,0,5
278,KERALA,PROCURATION OF MINOR GIRLS (SECTION 366-A IPC),2,11,0,0,13,99,112,0,110,2,0,2
279,MADHYA PRADESH,PROCURATION OF MINOR GIRLS (SECTION 366-A IPC),0,23,0,0,23,39,62,5,25,32,8,24
280,MAHARASHTRA,PROCURATION OF MINOR GIRLS (SECTION 366-A IPC),25,60,0,25,60,282,342,0,314,28,0,28
281,MANIPUR,PROCURATION OF MINOR GIRLS (SECTION 366-A IPC),0,0,0,0,0,0,0,0,0,0,0,0
282,MEGHALAYA,PROCURATION OF MINOR GIRLS (SECTION 366-A IPC),0,0,0,0,0,3,3,0,3,0,0,0
283,MIZORAM,PROCURATION OF MINOR GIRLS (SECTION 366-A IPC),0,0,0,0,0,0,0,0,0,0,0,0
284,NAGALAND,PROCURATION OF MINOR GIRLS (SECTION 366-A IPC),0,0,0,0,0,0,0,0,0,0,0,0
285,ODISHA,PROCURATION OF MINOR GIRLS (SECTION 366-A IPC),3,11,0,0,14,18,32,0,32,0,0,0
286,PUNJAB,PROCURATION OF MINOR GIRLS (SECTION 366-A IPC),0,0,0,0,0,0,0,0,0,0,0,0
287,RAJASTHAN,PROCURATION OF MINOR GIRLS (SECTION 366-A IPC),0,15,0,0,15,29,44,0,44,0,0,0
288,SIKKIM,PROCURATION OF MINOR GIRLS (SECTION 366-A IPC),0,0,0,0,0,0,0,0,0,0,0,0
289,TAMIL NADU,PROCURATION OF MINOR GIRLS (SECTION 366-A IPC),0,41,0,41,0,0,0,0,0,0,0,0
290,TRIPURA,PROCURATION OF MINOR GIRLS (SECTION 366-A IPC),0,0,0,0,0,7,7,0,7,0,0,0
291,UTTAR PRADESH,PROCURATION OF MINOR GIRLS (SECTION 366-A IPC),0,4,0,0,4,0,4,0,4,0,0,0
292,UTTARAKHAND,PROCURATION OF MINOR GIRLS (SECTION 366-A IPC),0,4,0,1,3,0,3,0,3,0,0,0
293,WEST BENGAL,PROCURATION OF MINOR GIRLS (SECTION 366-A IPC),195,227,7,177,238,225,463,0,398,65,0,65
294,TOTAL (STATES),PROCURATION OF MINOR GIRLS (SECTION 366-A IPC),349,675,56,337,631,1581,2212,53,1643,516,34,482
295,A & N ISLANDS,PROCURATION OF MINOR GIRLS (SECTION 366-A IPC),0,0,0,0,0,0,0,0,0,0,0,0
296,CHANDIGARH,PROCURATION OF MINOR GIRLS (SECTION 366-A IPC),0,0,0,0,0,0,0,0,0,0,0,0
297,D & N HAVELI,PROCURATION OF MINOR GIRLS (SECTION 366-A IPC),0,0,0,0,0,0,0,0,0,0,0,0
298,DAMAN & DIU,PROCURATION OF MINOR GIRLS (SECTION 366-A IPC),0,0,0,0,0,0,0,0,0,0,0,0
299,DELHI,PROCURATION OF MINOR GIRLS (SECTION 366-A IPC),5,1,0,6,0,6,6,0,6,0,0,0
300,LAKSHADWEEP,PROCURATION OF MINOR GIRLS (SECTION 366-A IPC),0,0,0,0,0,0,0,0,0,0,0,0
301,PUDUCHERRY,PROCURATION OF MINOR GIRLS (SECTION 366-A IPC),0,0,0,0,0,0,0,0,0,0,0,0
302,TOTAL (UTs),PROCURATION OF MINOR GIRLS (SECTION 366-A IPC),5,1,0,6,0,6,6,0,6,0,0,0
303,TOTAL (ALL-INDIA),PROCURATION OF MINOR GIRLS (SECTION 366-A IPC),354,676,56,343,631,1587,2218,53,1649,516,34,482
304,ANDHRA PRADESH,BUYING OF GIRLS FOR PROSTITUTION (SECTION 373 IPC),0,0,0,0,0,1,1,0,0,1,0,1
305,ARUNACHAL PRADESH,BUYING OF GIRLS FOR PROSTITUTION (SECTION 373 IPC),0,0,0,0,0,0,0,0,0,0,0,0
306,ASSAM,BUYING OF GIRLS FOR PROSTITUTION (SECTION 373 IPC),0,0,0,0,0,0,0,0,0,0,0,0
307,BIHAR,BUYING OF GIRLS FOR PROSTITUTION (SECTION 373 IPC),2,4,0,2,4,1,5,0,4,1,1,0
308,CHHATTISGARH,BUYING OF GIRLS FOR PROSTITUTION (SECTION 373 IPC),0,0,0,0,0,0,0,0,0,0,0,0
309,GOA,BUYING OF GIRLS FOR PROSTITUTION (SECTION 373 IPC),0,0,0,0,0,0,0,0,0,0,0,0
310,GUJARAT,BUYING OF GIRLS FOR PROSTITUTION (SECTION 373 IPC),0,0,0,0,0,0,0,0,0,0,0,0
311,HARYANA,BUYING OF GIRLS FOR PROSTITUTION (SECTION 373 IPC),0,0,0,0,0,5,5,0,5,0,0,0
312,HIMACHAL PRADESH,BUYING OF GIRLS FOR PROSTITUTION (SECTION 373 IPC),0,0,0,0,0,0,0,0,0,0,0,0
313,JAMMU & KASHMIR,BUYING OF GIRLS FOR PROSTITUTION (SECTION 373 IPC),0,0,0,0,0,0,0,0,0,0,0,0
314,JHARKHAND,BUYING OF GIRLS FOR PROSTITUTION (SECTION 373 IPC),0,5,0,0,5,0,5,0,0,5,0,5
315,KARNATAKA,BUYING OF GIRLS FOR PROSTITUTION (SECTION 373 IPC),0,0,0,0,0,0,0,0,0,0,0,0
316,KERALA,BUYING OF GIRLS FOR PROSTITUTION (SECTION 373 IPC),0,0,0,0,0,0,0,0,0,0,0,0
317,MADHYA PRADESH,BUYING OF GIRLS FOR PROSTITUTION (SECTION 373 IPC),0,0,0,0,0,5,5,0,5,0,0,0
318,MAHARASHTRA,BUYING OF GIRLS FOR PROSTITUTION (SECTION 373 IPC),3,11,0,9,5,217,222,0,222,0,0,0
319,MANIPUR,BUYING OF GIRLS FOR PROSTITUTION (SECTION 373 IPC),0,0,0,0,0,0,0,0,0,0,0,0
320,MEGHALAYA,BUYING OF GIRLS FOR PROSTITUTION (SECTION 373 IPC),0,0,0,0,0,0,0,0,0,0,0,0
321,MIZORAM,BUYING OF GIRLS FOR PROSTITUTION (SECTION 373 IPC),0,0,0,0,0,0,0,0,0,0,0,0
322,NAGALAND,BUYING OF GIRLS FOR PROSTITUTION (SECTION 373 IPC),0,0,0,0,0,0,0,0,0,0,0,0
323,ODISHA,BUYING OF GIRLS FOR PROSTITUTION (SECTION 373 IPC),0,0,0,0,0,0,0,0,0,0,0,0
324,PUNJAB,BUYING OF GIRLS FOR PROSTITUTION (SECTION 373 IPC),0,0,0,0,0,0,0,0,0,0,0,0
325,RAJASTHAN,BUYING OF GIRLS FOR PROSTITUTION (SECTION 373 IPC),0,0,0,0,0,6,6,0,1,5,0,5
326,SIKKIM,BUYING OF GIRLS FOR PROSTITUTION (SECTION 373 IPC),0,0,0,0,0,0,0,0,0,0,0,0
327,TAMIL NADU,BUYING OF GIRLS FOR PROSTITUTION (SECTION 373 IPC),0,0,0,0,0,0,0,0,0,0,0,0
328,TRIPURA,BUYING OF GIRLS FOR PROSTITUTION (SECTION 373 IPC),0,0,0,0,0,0,0,0,0,0,0,0
329,UTTAR PRADESH,BUYING OF GIRLS FOR PROSTITUTION (SECTION 373 IPC),0,0,0,0,0,4,4,0,4,0,0,0
330,UTTARAKHAND,BUYING OF GIRLS FOR PROSTITUTION (SECTION 373 IPC),0,0,0,0,0,0,0,0,0,0,0,0
331,WEST BENGAL,BUYING OF GIRLS FOR PROSTITUTION (SECTION 373 IPC),42,4,0,42,4,11,15,0,11,4,0,4
332,TOTAL (STATES),BUYING OF GIRLS FOR PROSTITUTION (SECTION 373 IPC),47,24,0,53,18,250,268,0,252,16,1,15
333,A & N ISLANDS,BUYING OF GIRLS FOR PROSTITUTION (SECTION 373 IPC),0,0,0,0,0,0,0,0,0,0,0,0
334,CHANDIGARH,BUYING OF GIRLS FOR PROSTITUTION (SECTION 373 IPC),0,0,0,0,0,0,0,0,0,0,0,0
335,D & N HAVELI,BUYING OF GIRLS FOR PROSTITUTION (SECTION 373 IPC),0,0,0,0,0,0,0,0,0,0,0,0
336,DAMAN & DIU,BUYING OF GIRLS FOR PROSTITUTION (SECTION 373 IPC),0,0,0,0,0,0,0,0,0,0,0,0
337,DELHI,BUYING OF GIRLS FOR PROSTITUTION (SECTION 373 IPC),11,1,0,12,0,0,0,0,0,0,0,0
338,LAKSHADWEEP,BUYING OF GIRLS FOR PROSTITUTION (SECTION 373 IPC),0,0,0,0,0,0,0,0,0,0,0,0
339,PUDUCHERRY,BUYING OF GIRLS FOR PROSTITUTION (SECTION 373 IPC),0,0,0,0,0,0,0,0,0,0,0,0
340,TOTAL (UTs),BUYING OF GIRLS FOR PROSTITUTION (SECTION 373 IPC),11,1,0,12,0,0,0,0,0,0,0,0
341,TOTAL (ALL-INDIA),BUYING OF GIRLS FOR PROSTITUTION (SECTION 373 IPC),58,25,0,65,18,250,268,0,252,16,1,15
342,ANDHRA PRADESH,SELLING OF GIRLS FOR PROSTITUTION (SECTION 372 IPC),2,8,0,0,10,14,24,0,20,4,0,4
343,ARUNACHAL PRADESH,SELLING OF GIRLS FOR PROSTITUTION (SECTION 372 IPC),0,0,0,0,0,0,0,0,0,0,0,0
344,ASSAM,SELLING OF GIRLS FOR PROSTITUTION (SECTION 372 IPC),1,0,0,1,0,3,3,0,3,0,0,0
345,BIHAR,SELLING OF GIRLS FOR PROSTITUTION (SECTION 372 IPC),0,12,0,5,7,4,11,0,10,1,1,0
346,CHHATTISGARH,SELLING OF GIRLS FOR PROSTITUTION (SECTION 372 IPC),0,0,0,0,0,4,4,0,4,0,0,0
347,GOA,SELLING OF GIRLS FOR PROSTITUTION (SECTION 372 IPC),0,0,0,0,0,0,0,0,0,0,0,0
348,GUJARAT,SELLING OF GIRLS FOR PROSTITUTION (SECTION 372 IPC),0,0,0,0,0,1,1,0,1,0,0,0
349,HARYANA,SELLING OF GIRLS FOR PROSTITUTION (SECTION 372 IPC),0,0,0,0,0,0,0,0,0,0,0,0
350,HIMACHAL PRADESH,SELLING OF GIRLS FOR PROSTITUTION (SECTION 372 IPC),0,0,0,0,0,0,0,0,0,0,0,0
351,JAMMU & KASHMIR,SELLING OF GIRLS FOR PROSTITUTION (SECTION 372 IPC),0,0,0,0,0,0,0,0,0,0,0,0
352,JHARKHAND,SELLING OF GIRLS FOR PROSTITUTION (SECTION 372 IPC),0,7,0,0,7,0,7,0,0,7,0,7
353,KARNATAKA,SELLING OF GIRLS FOR PROSTITUTION (SECTION 372 IPC),0,0,0,0,0,0,0,0,0,0,0,0
354,KERALA,SELLING OF GIRLS FOR PROSTITUTION (SECTION 372 IPC),0,0,0,0,0,0,0,0,0,0,0,0
355,MADHYA PRADESH,SELLING OF GIRLS FOR PROSTITUTION (SECTION 372 IPC),0,20,0,0,20,38,58,0,52,6,3,3
356,MAHARASHTRA,SELLING OF GIRLS FOR PROSTITUTION (SECTION 372 IPC),0,8,0,5,3,45,48,0,48,0,0,0
357,MANIPUR,SELLING OF GIRLS FOR PROSTITUTION (SECTION 372 IPC),0,0,0,0,0,0,0,0,0,0,0,0
358,MEGHALAYA,SELLING OF GIRLS FOR PROSTITUTION (SECTION 372 IPC),0,0,0,0,0,0,0,0,0,0,0,0
359,MIZORAM,SELLING OF GIRLS FOR PROSTITUTION (SECTION 372 IPC),0,0,0,0,0,0,0,0,0,0,0,0
360,NAGALAND,SELLING OF GIRLS FOR PROSTITUTION (SECTION 372 IPC),0,0,0,0,0,0,0,0,0,0,0,0
361,ODISHA,SELLING OF GIRLS FOR PROSTITUTION (SECTION 372 IPC),0,0,0,0,0,0,0,0,0,0,0,0
362,PUNJAB,SELLING OF GIRLS FOR PROSTITUTION (SECTION 372 IPC),0,0,0,0,0,3,3,0,3,0,0,0
363,RAJASTHAN,SELLING OF GIRLS FOR PROSTITUTION (SECTION 372 IPC),0,7,0,0,7,5,12,0,10,2,0,2
364,SIKKIM,SELLING OF GIRLS FOR PROSTITUTION (SECTION 372 IPC),0,0,0,0,0,0,0,0,0,0,0,0
365,TAMIL NADU,SELLING OF GIRLS FOR PROSTITUTION (SECTION 372 IPC),0,0,0,0,0,0,0,0,0,0,0,0
366,TRIPURA,SELLING OF GIRLS FOR PROSTITUTION (SECTION 372 IPC),0,0,0,0,0,0,0,0,0,0,0,0
367,UTTAR PRADESH,SELLING OF GIRLS FOR PROSTITUTION (SECTION 372 IPC),0,30,1,5,24,15,39,0,39,0,0,0
368,UTTARAKHAND,SELLING OF GIRLS FOR PROSTITUTION (SECTION 372 IPC),0,0,0,0,0,0,0,0,0,0,0,0
369,WEST BENGAL,SELLING OF GIRLS FOR PROSTITUTION (SECTION 372 IPC),185,32,1,193,23,200,223,0,204,19,1,18
370,TOTAL (STATES),SELLING OF GIRLS FOR PROSTITUTION (SECTION 372 IPC),188,124,2,209,101,332,433,0,394,39,5,34
371,A & N ISLANDS,SELLING OF GIRLS FOR PROSTITUTION (SECTION 372 IPC),0,0,0,0,0,0,0,0,0,0,0,0
372,CHANDIGARH,SELLING OF GIRLS FOR PROSTITUTION (SECTION 372 IPC),0,0,0,0,0,0,0,0,0,0,0,0
373,D & N HAVELI,SELLING OF GIRLS FOR PROSTITUTION (SECTION 372 IPC),0,0,0,0,0,0,0,0,0,0,0,0
374,DAMAN & DIU,SELLING OF GIRLS FOR PROSTITUTION (SECTION 372 IPC),0,0,0,0,0,0,0,0,0,0,0,0
375,DELHI,SELLING OF GIRLS FOR PROSTITUTION (SECTION 372 IPC),3,4,0,7,0,9,9,0,7,2,1,1
376,LAKSHADWEEP,SELLING OF GIRLS FOR PROSTITUTION (SECTION 372 IPC),0,0,0,0,0,0,0,0,0,0,0,0
377,PUDUCHERRY,SELLING OF GIRLS FOR PROSTITUTION (SECTION 372 IPC),0,0,0,0,0,0,0,0,0,0,0,0
378,TOTAL (UTs),SELLING OF GIRLS FOR PROSTITUTION (SECTION 372 IPC),3,4,0,7,0,9,9,0,7,2,1,1
379,TOTAL (ALL-INDIA),SELLING OF GIRLS FOR PROSTITUTION (SECTION 372 IPC),191,128,2,216,101,341,442,0,401,41,6,35
380,ANDHRA PRADESH,"CHILD MARRIAGE RESTRAINT ACT, 1929",37,61,0,30,68,19,87,0,63,24,4,20
381,ARUNACHAL PRADESH,"CHILD MARRIAGE RESTRAINT ACT, 1929",0,0,0,0,0,0,0,0,0,0,0,0
382,ASSAM,"CHILD MARRIAGE RESTRAINT ACT, 1929",0,0,0,0,0,3,3,0,2,1,0,1
383,BIHAR,"CHILD MARRIAGE RESTRAINT ACT, 1929",3,17,3,12,5,18,23,0,14,9,0,9
384,CHHATTISGARH,"CHILD MARRIAGE RESTRAINT ACT, 1929",0,2,0,0,2,22,24,0,24,0,0,0
385,GOA,"CHILD MARRIAGE RESTRAINT ACT, 1929",0,0,0,0,0,4,4,0,4,0,0,0
386,GUJARAT,"CHILD MARRIAGE RESTRAINT ACT, 1929",4,72,0,0,76,567,643,0,610,33,9,24
387,HARYANA,"CHILD MARRIAGE RESTRAINT ACT, 1929",0,9,0,0,9,3,12,0,11,1,1,0
388,HIMACHAL PRADESH,"CHILD MARRIAGE RESTRAINT ACT, 1929",0,0,0,0,0,21,21,0,21,0,0,0
389,JAMMU & KASHMIR,"CHILD MARRIAGE RESTRAINT ACT, 1929",0,0,0,0,0,0,0,0,0,0,0,0
390,JHARKHAND,"CHILD MARRIAGE RESTRAINT ACT, 1929",0,0,0,0,0,0,0,0,0,0,0,0
391,KARNATAKA,"CHILD MARRIAGE RESTRAINT ACT, 1929",3,57,0,3,57,19,76,0,56,20,0,20
392,KERALA,"CHILD MARRIAGE RESTRAINT ACT, 1929",0,6,0,0,6,18,24,0,19,5,0,5
393,MADHYA PRADESH,"CHILD MARRIAGE RESTRAINT ACT, 1929",0,15,0,0,15,40,55,0,55,0,0,0
394,MAHARASHTRA,"CHILD MARRIAGE RESTRAINT ACT, 1929",30,13,0,0,43,527,570,12,541,17,0,17
395,MANIPUR,"CHILD MARRIAGE RESTRAINT ACT, 1929",0,0,0,0,0,0,0,0,0,0,0,0
396,MEGHALAYA,"CHILD MARRIAGE RESTRAINT ACT, 1929",2,0,0,2,0,0,0,0,0,0,0,0
397,MIZORAM,"CHILD MARRIAGE RESTRAINT ACT, 1929",0,0,0,0,0,0,0,0,0,0,0,0
398,NAGALAND,"CHILD MARRIAGE RESTRAINT ACT, 1929",0,0,0,0,0,0,0,0,0,0,0,0
399,ODISHA,"CHILD MARRIAGE RESTRAINT ACT, 1929",0,2,0,0,2,4,6,0,6,0,0,0
400,PUNJAB,"CHILD MARRIAGE RESTRAINT ACT, 1929",1,0,0,1,0,21,21,0,14,7,0,7
401,RAJASTHAN,"CHILD MARRIAGE RESTRAINT ACT, 1929",0,31,0,0,31,65,96,0,67,29,23,6
402,SIKKIM,"CHILD MARRIAGE RESTRAINT ACT, 1929",0,0,0,0,0,0,0,0,0,0,0,0
403,TAMIL NADU,"CHILD MARRIAGE RESTRAINT ACT, 1929",0,0,0,0,0,0,0,0,0,0,0,0
404,TRIPURA,"CHILD MARRIAGE RESTRAINT ACT, 1929",0,0,0,0,0,1,1,0,1,0,0,0
405,UTTAR PRADESH,"CHILD MARRIAGE RESTRAINT ACT, 1929",0,17,3,5,9,25,34,0,23,11,3,8
406,UTTARAKHAND,"CHILD MARRIAGE RESTRAINT ACT, 1929",0,0,0,0,0,0,0,0,0,0,0,0
407,WEST BENGAL,"CHILD MARRIAGE RESTRAINT ACT, 1929",16,88,3,43,58,44,102,0,97,5,0,5
408,TOTAL (STATES),"CHILD MARRIAGE RESTRAINT ACT, 1929",96,390,9,96,381,1421,1802,12,1628,162,40,122
409,A & N ISLANDS,"CHILD MARRIAGE RESTRAINT ACT, 1929",0,0,0,0,0,20,20,0,20,0,0,0
410,CHANDIGARH,"CHILD MARRIAGE RESTRAINT ACT, 1929",0,0,0,0,0,8,8,0,8,0,0,0
411,D & N HAVELI,"CHILD MARRIAGE RESTRAINT ACT, 1929",0,0,0,0,0,0,0,0,0,0,0,0
412,DAMAN & DIU,"CHILD MARRIAGE RESTRAINT ACT, 1929",0,0,0,0,0,0,0,0,0,0,0,0
413,DELHI,"CHILD MARRIAGE RESTRAINT ACT, 1929",0,3,0,3,0,4,4,0,4,0,0,0
414,LAKSHADWEEP,"CHILD MARRIAGE RESTRAINT ACT, 1929",0,0,0,0,0,0,0,0,0,0,0,0
415,PUDUCHERRY,"CHILD MARRIAGE RESTRAINT ACT, 1929",0,4,0,4,0,9,9,0,9,0,0,0
416,TOTAL (UTs),"CHILD MARRIAGE RESTRAINT ACT, 1929",0,7,0,7,0,41,41,0,41,0,0,0
417,TOTAL (ALL-INDIA),"CHILD MARRIAGE RESTRAINT ACT, 1929",96,397,9,103,381,1462,1843,12,1669,162,40,122
418,ANDHRA PRADESH,OTHER CRIMES COMMITTED AGAINST CHILDREN,156,674,0,183,647,616,1263,106,672,485,89,396
419,ARUNACHAL PRADESH,OTHER CRIMES COMMITTED AGAINST CHILDREN,0,1,0,1,0,2,2,0,2,0,0,0
420,ASSAM,OTHER CRIMES COMMITTED AGAINST CHILDREN,60,31,13,62,16,56,72,0,39,33,1,32
421,BIHAR,OTHER CRIMES COMMITTED AGAINST CHILDREN,23,7,1,4,25,47,72,0,15,57,4,53
422,CHHATTISGARH,OTHER CRIMES COMMITTED AGAINST CHILDREN,5,1170,0,16,1159,1826,2985,35,1852,1098,440,658
423,GOA,OTHER CRIMES COMMITTED AGAINST CHILDREN,25,60,0,40,45,113,158,2,148,8,0,8
424,GUJARAT,OTHER CRIMES COMMITTED AGAINST CHILDREN,24,249,0,14,259,1531,1790,0,1538,252,42,210
425,HARYANA,OTHER CRIMES COMMITTED AGAINST CHILDREN,4,142,0,2,144,37,181,0,127,54,6,48
426,HIMACHAL PRADESH,OTHER CRIMES COMMITTED AGAINST CHILDREN,6,58,0,7,57,189,246,1,216,29,13,16
427,JAMMU & KASHMIR,OTHER CRIMES COMMITTED AGAINST CHILDREN,0,5,0,0,5,16,21,0,19,2,0,2
428,JHARKHAND,OTHER CRIMES COMMITTED AGAINST CHILDREN,13,51,0,22,42,22,64,0,37,27,1,26
429,KARNATAKA,OTHER CRIMES COMMITTED AGAINST CHILDREN,14,76,0,6,84,67,151,0,114,37,1,36
430,KERALA,OTHER CRIMES COMMITTED AGAINST CHILDREN,210,761,1,230,740,1221,1961,2,1706,253,63,190
431,MADHYA PRADESH,OTHER CRIMES COMMITTED AGAINST CHILDREN,48,4107,0,8,4147,7909,12056,550,9206,2300,837,1463
432,MAHARASHTRA,OTHER CRIMES COMMITTED AGAINST CHILDREN,617,1378,7,639,1349,7944,9293,33,8745,515,59,456
433,MANIPUR,OTHER CRIMES COMMITTED AGAINST CHILDREN,0,0,0,0,0,1,1,0,1,0,0,0
434,MEGHALAYA,OTHER CRIMES COMMITTED AGAINST CHILDREN,0,0,0,0,0,7,7,0,7,0,0,0
435,MIZORAM,OTHER CRIMES COMMITTED AGAINST CHILDREN,7,16,0,2,21,5,26,0,19,7,7,0
436,NAGALAND,OTHER CRIMES COMMITTED AGAINST CHILDREN,0,0,0,0,0,0,0,0,0,0,0,0
437,ODISHA,OTHER CRIMES COMMITTED AGAINST CHILDREN,2,121,0,5,118,155,273,0,214,59,3,56
438,PUNJAB,OTHER CRIMES COMMITTED AGAINST CHILDREN,17,34,4,14,33,56,89,0,66,23,7,16
439,RAJASTHAN,OTHER CRIMES COMMITTED AGAINST CHILDREN,0,122,0,0,122,168,290,8,205,77,32,45
440,SIKKIM,OTHER CRIMES COMMITTED AGAINST CHILDREN,0,0,0,0,0,0,0,0,0,0,0,0
441,TAMIL NADU,OTHER CRIMES COMMITTED AGAINST CHILDREN,16,49,0,30,35,22,57,0,36,21,11,10
442,TRIPURA,OTHER CRIMES COMMITTED AGAINST CHILDREN,3,0,0,0,3,28,31,0,19,12,4,8
443,UTTAR PRADESH,OTHER CRIMES COMMITTED AGAINST CHILDREN,44,308,35,25,292,2066,2358,0,1989,369,211,158
444,UTTARAKHAND,OTHER CRIMES COMMITTED AGAINST CHILDREN,0,22,0,0,22,8,30,0,23,7,7,0
445,WEST BENGAL,OTHER CRIMES COMMITTED AGAINST CHILDREN,35,118,12,38,103,79,182,8,136,38,7,31
446,TOTAL (STATES),OTHER CRIMES COMMITTED AGAINST CHILDREN,1329,9560,73,1348,9468,24191,33659,745,27151,5763,1845,3918
447,A & N ISLANDS,OTHER CRIMES COMMITTED AGAINST CHILDREN,24,8,0,16,16,115,131,0,126,5,0,5
448,CHANDIGARH,OTHER CRIMES COMMITTED AGAINST CHILDREN,4,17,0,1,20,26,46,0,38,8,4,4
449,D & N HAVELI,OTHER CRIMES COMMITTED AGAINST CHILDREN,0,0,0,0,0,4,4,0,4,0,0,0
450,DAMAN & DIU,OTHER CRIMES COMMITTED AGAINST CHILDREN,5,0,0,3,2,5,7,0,7,0,0,0
451,DELHI,OTHER CRIMES COMMITTED AGAINST CHILDREN,161,330,0,240,251,1125,1376,0,1169,207,77,130
452,LAKSHADWEEP,OTHER CRIMES COMMITTED AGAINST CHILDREN,0,0,0,0,0,0,0,0,0,0,0,0
453,PUDUCHERRY,OTHER CRIMES COMMITTED AGAINST CHILDREN,0,3,0,3,0,15,15,0,13,2,0,2
454,TOTAL (UTs),OTHER CRIMES COMMITTED AGAINST CHILDREN,194,358,0,263,289,1290,1579,0,1357,222,81,141
455,TOTAL (ALL-INDIA),OTHER CRIMES COMMITTED AGAINST CHILDREN,1523,9918,73,1611,9757,25481,35238,745,28508,5985,1926,4059
456,ANDHRA PRADESH,TOTAL CRIMES AGAINST CHILDREN,958,2387,7,868,2470,3083,5553,199,3584,1770,214,1556
457,ARUNACHAL PRADESH,TOTAL CRIMES AGAINST CHILDREN,6,39,1,20,24,136,160,0,155,5,2,3
458,ASSAM,TOTAL CRIMES AGAINST CHILDREN,233,391,76,312,236,289,525,0,458,67,2,65
459,BIHAR,TOTAL CRIMES AGAINST CHILDREN,2297,2319,44,2106,2466,5172,7638,4,6181,1453,133,1320
460,CHHATTISGARH,TOTAL CRIMES AGAINST CHILDREN,17,2059,0,19,2057,3800,5857,60,4198,1599,593,1006
461,GOA,TOTAL CRIMES AGAINST CHILDREN,57,125,2,93,87,329,416,2,401,13,1,12
462,GUJARAT,TOTAL CRIMES AGAINST CHILDREN,114,1563,0,118,1559,7065,8624,1,7900,723,94,629
463,HARYANA,TOTAL CRIMES AGAINST CHILDREN,7,1101,0,17,1091,435,1526,0,1182,344,37,307
464,HIMACHAL PRADESH,TOTAL CRIMES AGAINST CHILDREN,55,285,3,76,261,557,818,2,668,148,42,106
465,JAMMU & KASHMIR,TOTAL CRIMES AGAINST CHILDREN,0,44,0,0,44,198,242,0,227,15,1,14
466,JHARKHAND,TOTAL CRIMES AGAINST CHILDREN,23,113,0,35,101,99,200,0,64,136,2,134
467,KARNATAKA,TOTAL CRIMES AGAINST CHILDREN,71,607,8,129,541,967,1508,9,1085,414,27,387
468,KERALA,TOTAL CRIMES AGAINST CHILDREN,716,1582,4,856,1438,3174,4612,3,4178,431,101,330
469,MADHYA PRADESH,TOTAL CRIMES AGAINST CHILDREN,102,7136,0,38,7200,13823,21023,614,16171,4238,1299,2939
470,MAHARASHTRA,TOTAL CRIMES AGAINST CHILDREN,1666,4185,20,1764,4067,22092,26159,54,24651,1454,143,1311
471,MANIPUR,TOTAL CRIMES AGAINST CHILDREN,99,33,25,105,2,3,5,0,5,0,0,0
472,MEGHALAYA,TOTAL CRIMES AGAINST CHILDREN,111,90,34,136,31,144,175,0,165,10,2,8
473,MIZORAM,TOTAL CRIMES AGAINST CHILDREN,17,93,1,20,89,56,145,0,104,41,39,2
474,NAGALAND,TOTAL CRIMES AGAINST CHILDREN,21,12,0,0,33,0,33,0,0,33,33,0
475,ODISHA,TOTAL CRIMES AGAINST CHILDREN,12,489,0,29,472,995,1467,0,1335,132,21,111
476,PUNJAB,TOTAL CRIMES AGAINST CHILDREN,456,717,48,529,596,1075,1671,0,1295,376,132,244
477,RAJASTHAN,TOTAL CRIMES AGAINST CHILDREN,18,1248,0,53,1213,3699,4912,30,3945,937,354,583
478,SIKKIM,TOTAL CRIMES AGAINST CHILDREN,1,30,0,8,23,90,113,0,51,62,46,16
479,TAMIL NADU,TOTAL CRIMES AGAINST CHILDREN,631,1105,32,864,840,1293,2133,0,1674,459,104,355
480,TRIPURA,TOTAL CRIMES AGAINST CHILDREN,58,22,6,12,62,195,257,0,128,129,20,109
481,UTTAR PRADESH,TOTAL CRIMES AGAINST CHILDREN,976,11470,2502,1824,8120,13103,21223,12,17980,3231,1772,1459
482,UTTARAKHAND,TOTAL CRIMES AGAINST CHILDREN,0,118,0,6,112,200,312,0,240,72,49,23
483,WEST BENGAL,TOTAL CRIMES AGAINST CHILDREN,942,1259,88,1148,965,1611,2576,14,2206,356,22,334
484,TOTAL (STATES),TOTAL CRIMES AGAINST CHILDREN,9664,40622,2901,11185,36200,83683,119883,1004,100231,18648,5285,13363
485,A & N ISLANDS,TOTAL CRIMES AGAINST CHILDREN,36,33,0,37,32,262,294,0,284,10,1,9
486,CHANDIGARH,TOTAL CRIMES AGAINST CHILDREN,20,56,7,13,56,124,180,0,126,54,23,31
487,D & N HAVELI,TOTAL CRIMES AGAINST CHILDREN,3,14,0,2,15,57,72,0,56,16,4,12
488,DAMAN & DIU,TOTAL CRIMES AGAINST CHILDREN,8,9,0,3,14,10,24,0,19,5,1,4
489,DELHI,TOTAL CRIMES AGAINST CHILDREN,391,1351,25,519,1198,4528,5726,0,4763,963,390,573
490,LAKSHADWEEP,TOTAL CRIMES AGAINST CHILDREN,0,0,0,0,0,0,0,0,0,0,0,0
491,PUDUCHERRY,TOTAL CRIMES AGAINST CHILDREN,4,32,0,10,26,125,151,0,132,19,6,13
492,TOTAL (UTs),TOTAL CRIMES AGAINST CHILDREN,462,1495,32,584,1341,5106,6447,0,5380,1067,425,642
493,TOTAL (ALL-INDIA),TOTAL CRIMES AGAINST CHILDREN,10126,42117,2933,11769,37541,88789,126330,1004,105611,19715,5710,14005
