index,STATE/UT,CRIME HEAD,Persons in custody or on bail during the stage of investigation at the beginning of the year,Persons arrested during the year,Persons released or freed by Police or Magistrate before trial for want of evidence or any other reason,Persons in custody or on bail during the stage of investigation at the end of the year,Persons in whose cases charge sheets were laid during the year,Persons under trial at the beginning of the year,Total number of persons under trial during the year,Persons against whom cases were compounded or withdrawn,Persons in custody or on bail during the stage of trial at the end of the year,Persons in whose cases trials were completed during the year,Persons convicted,Persons acquitted
0,ANDHRA PRADESH,"ARMS ACT, 1959",301,549,0,295,555,1153,1708,0,1324,384,46,338
1,ARUNACHAL PRADESH,"ARMS ACT, 1959",3,14,0,5,12,194,206,0,199,7,4,3
2,ASSAM,"ARMS ACT, 1959",1705,575,114,1934,232,2483,2715,0,2498,217,31,186
3,BIHAR,"ARMS ACT, 1959",1761,2479,14,1383,2843,26223,29066,0,27108,1958,681,1277
4,CHHATTISGARH,"ARMS ACT, 1959",6,914,0,6,914,3869,4783,237,3695,851,236,615
5,GOA,"ARMS ACT, 1959",4,20,2,20,2,51,53,0,50,3,1,2
6,GUJARAT,"ARMS ACT, 1959",129,713,0,147,695,7804,8499,1,8261,237,13,224
7,HARYANA,"ARMS ACT, 1959",136,1495,0,72,1559,6587,8146,0,5946,2200,531,1669
8,HIMACHAL PRADESH,"ARMS ACT, 1959",15,25,0,15,25,164,189,2,180,7,1,6
9,JAMMU & KASHMIR,"ARMS ACT, 1959",34,310,0,36,308,4047,4355,7,3763,585,5,580
10,JHARKHAND,"ARMS ACT, 1959",608,1100,0,653,1055,3403,4458,3,3308,1147,459,688
11,KARNATAKA,"ARMS ACT, 1959",99,219,6,89,223,967,1190,6,1048,136,11,125
12,KERALA,"ARMS ACT, 1959",251,536,0,261,526,3692,4218,7,3819,392,77,315
13,MADHYA PRADESH,"ARMS ACT, 1959",24,10970,1,26,10967,37088,48055,584,36155,11316,3869,7447
14,MAHARASHTRA,"ARMS ACT, 1959",1087,1565,6,1125,1521,18917,20438,82,19460,896,60,836
15,MANIPUR,"ARMS ACT, 1959",46,18,4,52,8,95,103,0,94,9,9,0
16,MEGHALAYA,"ARMS ACT, 1959",221,26,1,232,14,489,503,1,502,0,0,0
17,MIZORAM,"ARMS ACT, 1959",9,38,2,12,33,29,62,0,31,31,29,2
18,NAGALAND,"ARMS ACT, 1959",83,153,18,52,166,28,194,0,54,140,105,35
19,ODISHA,"ARMS ACT, 1959",89,1190,0,155,1124,3920,5044,0,4543,501,26,475
20,PUNJAB,"ARMS ACT, 1959",433,971,15,547,842,3281,4123,0,3375,748,488,260
21,RAJASTHAN,"ARMS ACT, 1959",14,5172,0,13,5173,22953,28126,64,23480,4582,4098,484
22,SIKKIM,"ARMS ACT, 1959",2,3,0,0,5,16,21,0,15,6,2,4
23,TAMIL NADU,"ARMS ACT, 1959",290,274,0,402,162,776,938,0,731,207,66,141
24,TRIPURA,"ARMS ACT, 1959",14,35,5,10,34,81,115,0,18,97,2,95
25,UTTAR PRADESH,"ARMS ACT, 1959",578,26556,142,601,26391,148505,174896,0,147662,27234,21136,6098
26,UTTARAKHAND,"ARMS ACT, 1959",36,508,0,20,524,5216,5740,1,3835,1904,1508,396
27,WEST BENGAL,"ARMS ACT, 1959",3219,2911,111,3847,2172,21164,23336,17,22614,705,29,676
28,TOTAL (STATES),"ARMS ACT, 1959",11197,59339,441,12010,58085,323195,381280,1012,323768,56500,33523,22977
29,A & N ISLANDS,"ARMS ACT, 1959",0,0,0,0,0,1,1,0,1,0,0,0
30,CHANDIGARH,"ARMS ACT, 1959",15,17,3,3,26,73,99,0,92,7,6,1
31,D & N HAVELI,"ARMS ACT, 1959",0,2,0,2,0,13,13,0,12,1,0,1
32,DAMAN & DIU,"ARMS ACT, 1959",3,0,0,3,0,4,4,0,4,0,0,0
33,DELHI,"ARMS ACT, 1959",1328,1194,1,1428,1093,23612,24705,0,21842,2863,1660,1203
34,LAKSHADWEEP,"ARMS ACT, 1959",0,0,0,0,0,0,0,0,0,0,0,0
35,PUDUCHERRY,"ARMS ACT, 1959",0,232,0,0,232,409,641,0,224,417,21,396
36,TOTAL (UTs),"ARMS ACT, 1959",1346,1445,4,1436,1351,24112,25463,0,22175,3288,1687,1601
37,TOTAL (ALL-INDIA),"ARMS ACT, 1959",12543,60784,445,13446,59436,347307,406743,1012,345943,59788,35210,24578
38,ANDHRA PRADESH,"NARCOTIC DRUGS and PSYCHOTROPIC SUBSTANCES ACT, 1985",403,917,0,477,843,1852,2695,0,2126,569,118,451
39,ARUNACHAL PRADESH,"NARCOTIC DRUGS and PSYCHOTROPIC SUBSTANCES ACT, 1985",31,45,7,46,23,342,365,0,365,0,0,0
40,ASSAM,"NARCOTIC DRUGS and PSYCHOTROPIC SUBSTANCES ACT, 1985",438,180,39,439,140,1423,1563,0,1409,154,18,136
41,BIHAR,"NARCOTIC DRUGS and PSYCHOTROPIC SUBSTANCES ACT, 1985",609,646,2,518,735,2655,3390,0,3196,194,41,153
42,CHHATTISGARH,"NARCOTIC DRUGS and PSYCHOTROPIC SUBSTANCES ACT, 1985",98,530,0,89,539,1302,1841,0,1481,360,178,182
43,GOA,"NARCOTIC DRUGS and PSYCHOTROPIC SUBSTANCES ACT, 1985",49,56,0,66,39,392,431,0,419,12,2,10
44,GUJARAT,"NARCOTIC DRUGS and PSYCHOTROPIC SUBSTANCES ACT, 1985",19,102,0,10,111,1687,1798,0,1711,87,19,68
45,HARYANA,"NARCOTIC DRUGS and PSYCHOTROPIC SUBSTANCES ACT, 1985",146,1125,0,123,1148,3345,4493,0,3521,972,541,431
46,HIMACHAL PRADESH,"NARCOTIC DRUGS and PSYCHOTROPIC SUBSTANCES ACT, 1985",155,639,0,182,612,1684,2296,7,1836,453,143,310
47,JAMMU & KASHMIR,"NARCOTIC DRUGS and PSYCHOTROPIC SUBSTANCES ACT, 1985",10,573,0,10,573,3152,3725,0,3280,445,49,396
48,JHARKHAND,"NARCOTIC DRUGS and PSYCHOTROPIC SUBSTANCES ACT, 1985",79,226,0,92,213,629,842,0,641,201,112,89
49,KARNATAKA,"NARCOTIC DRUGS and PSYCHOTROPIC SUBSTANCES ACT, 1985",145,298,3,126,314,1374,1688,0,1409,279,28,251
50,KERALA,"NARCOTIC DRUGS and PSYCHOTROPIC SUBSTANCES ACT, 1985",214,839,0,225,828,3748,4576,6,4017,553,387,166
51,MADHYA PRADESH,"NARCOTIC DRUGS and PSYCHOTROPIC SUBSTANCES ACT, 1985",31,976,0,31,976,3947,4923,0,3951,972,476,496
52,MAHARASHTRA,"NARCOTIC DRUGS and PSYCHOTROPIC SUBSTANCES ACT, 1985",406,4734,0,679,4461,20420,24881,142,16109,8630,2993,5637
53,MANIPUR,"NARCOTIC DRUGS and PSYCHOTROPIC SUBSTANCES ACT, 1985",139,88,24,163,40,1133,1173,11,1138,24,22,2
54,MEGHALAYA,"NARCOTIC DRUGS and PSYCHOTROPIC SUBSTANCES ACT, 1985",77,31,2,94,12,214,226,1,208,17,13,4
55,MIZORAM,"NARCOTIC DRUGS and PSYCHOTROPIC SUBSTANCES ACT, 1985",25,214,0,75,164,76,240,0,101,139,132,7
56,NAGALAND,"NARCOTIC DRUGS and PSYCHOTROPIC SUBSTANCES ACT, 1985",52,64,19,22,75,93,168,0,55,113,88,25
57,ODISHA,"NARCOTIC DRUGS and PSYCHOTROPIC SUBSTANCES ACT, 1985",13,351,0,25,339,1507,1846,0,1689,157,35,122
58,PUNJAB,"NARCOTIC DRUGS and PSYCHOTROPIC SUBSTANCES ACT, 1985",3826,11715,10,7772,7759,18485,26244,2,19950,6292,4524,1768
59,RAJASTHAN,"NARCOTIC DRUGS and PSYCHOTROPIC SUBSTANCES ACT, 1985",96,1529,0,88,1537,8013,9550,11,8558,981,576,405
60,SIKKIM,"NARCOTIC DRUGS and PSYCHOTROPIC SUBSTANCES ACT, 1985",0,3,0,0,3,32,35,0,26,9,4,5
61,TAMIL NADU,"NARCOTIC DRUGS and PSYCHOTROPIC SUBSTANCES ACT, 1985",1520,1682,0,1613,1589,4225,5814,1,3883,1930,924,1006
62,TRIPURA,"NARCOTIC DRUGS and PSYCHOTROPIC SUBSTANCES ACT, 1985",51,52,8,16,79,186,265,0,41,224,7,217
63,UTTAR PRADESH,"NARCOTIC DRUGS and PSYCHOTROPIC SUBSTANCES ACT, 1985",590,6863,19,656,6778,46338,53116,0,45929,7187,5132,2055
64,UTTARAKHAND,"NARCOTIC DRUGS and PSYCHOTROPIC SUBSTANCES ACT, 1985",58,329,0,93,294,1264,1558,1,1108,449,383,66
65,WEST BENGAL,"NARCOTIC DRUGS and PSYCHOTROPIC SUBSTANCES ACT, 1985",1740,1175,39,1871,1005,4553,5558,2,5155,401,21,380
66,TOTAL (STATES),"NARCOTIC DRUGS and PSYCHOTROPIC SUBSTANCES ACT, 1985",11020,35982,172,15601,31229,134071,165300,184,133312,31804,16966,14838
67,A & N ISLANDS,"NARCOTIC DRUGS and PSYCHOTROPIC SUBSTANCES ACT, 1985",42,8,0,37,13,99,112,0,112,0,0,0
68,CHANDIGARH,"NARCOTIC DRUGS and PSYCHOTROPIC SUBSTANCES ACT, 1985",86,75,1,51,109,329,438,0,358,80,64,16
69,D & N HAVELI,"NARCOTIC DRUGS and PSYCHOTROPIC SUBSTANCES ACT, 1985",0,0,0,0,0,1,1,0,1,0,0,0
70,DAMAN & DIU,"NARCOTIC DRUGS and PSYCHOTROPIC SUBSTANCES ACT, 1985",0,0,0,0,0,0,0,0,0,0,0,0
71,DELHI,"NARCOTIC DRUGS and PSYCHOTROPIC SUBSTANCES ACT, 1985",404,962,2,287,1077,7663,8740,0,7657,1083,838,245
72,LAKSHADWEEP,"NARCOTIC DRUGS and PSYCHOTROPIC SUBSTANCES ACT, 1985",0,20,0,14,6,16,22,0,22,0,0,0
73,PUDUCHERRY,"NARCOTIC DRUGS and PSYCHOTROPIC SUBSTANCES ACT, 1985",11,8,0,4,15,13,28,0,28,0,0,0
74,TOTAL (UTs),"NARCOTIC DRUGS and PSYCHOTROPIC SUBSTANCES ACT, 1985",543,1073,3,393,1220,8121,9341,0,8178,1163,902,261
75,TOTAL (ALL-INDIA),"NARCOTIC DRUGS and PSYCHOTROPIC SUBSTANCES ACT, 1985",11563,37055,175,15994,32449,142192,174641,184,141490,32967,17868,15099
76,ANDHRA PRADESH,GAMBLING ACT,1392,42117,0,1398,42111,4786,46897,4,5911,40982,39563,1419
77,ARUNACHAL PRADESH,GAMBLING ACT,0,0,0,0,0,0,0,0,0,0,0,0
78,ASSAM,GAMBLING ACT,197,213,91,211,108,716,824,0,644,180,11,169
79,BIHAR,GAMBLING ACT,532,664,8,487,701,2412,3113,0,2748,365,75,290
80,CHHATTISGARH,GAMBLING ACT,1084,28729,0,1042,28771,18364,47135,3889,18512,24734,24408,326
81,GOA,GAMBLING ACT,91,727,0,216,602,4739,5341,0,4259,1082,2,1080
82,GUJARAT,GAMBLING ACT,2196,39850,0,1886,40160,254894,295054,65,271110,23879,15578,8301
83,HARYANA,GAMBLING ACT,350,7768,0,231,7887,17123,25010,0,13029,11981,10138,1843
84,HIMACHAL PRADESH,GAMBLING ACT,105,637,0,67,675,3924,4599,0,3918,681,281,400
85,JAMMU & KASHMIR,GAMBLING ACT,14,683,0,14,683,1222,1905,0,1429,476,439,37
86,JHARKHAND,GAMBLING ACT,232,549,0,178,603,1536,2139,3,1719,417,107,310
87,KARNATAKA,GAMBLING ACT,2044,31328,803,1310,31259,31341,62600,4,32206,30390,23756,6634
88,KERALA,GAMBLING ACT,1036,20077,0,877,20236,25896,46132,62,30012,16058,15327,731
89,MADHYA PRADESH,GAMBLING ACT,52,65047,0,36,65063,31351,96414,31,30988,65395,62421,2974
90,MAHARASHTRA,GAMBLING ACT,14068,45970,16,16250,43772,353500,397272,8135,355040,34097,4647,29450
91,MANIPUR,GAMBLING ACT,0,22,0,0,22,2,24,0,24,0,0,0
92,MEGHALAYA,GAMBLING ACT,10,20,4,13,13,239,252,2,250,0,0,0
93,MIZORAM,GAMBLING ACT,0,0,0,0,0,0,0,0,0,0,0,0
94,NAGALAND,GAMBLING ACT,0,2,0,0,2,0,2,0,0,2,2,0
95,ODISHA,GAMBLING ACT,284,3426,0,325,3385,21264,24649,0,22489,2160,1138,1022
96,PUNJAB,GAMBLING ACT,3250,4492,26,3524,4192,8003,12195,0,8500,3695,3144,551
97,RAJASTHAN,GAMBLING ACT,2,29178,0,0,29180,33915,63095,6,33206,29883,29644,239
98,SIKKIM,GAMBLING ACT,0,0,0,0,0,0,0,0,0,0,0,0
99,TAMIL NADU,GAMBLING ACT,1033,27694,0,1601,27126,3364,30490,0,4645,25845,25180,665
100,TRIPURA,GAMBLING ACT,6,26,4,9,19,33,52,0,7,45,2,43
101,UTTAR PRADESH,GAMBLING ACT,262,24318,25,251,24304,60095,84399,0,63848,20551,18339,2212
102,UTTARAKHAND,GAMBLING ACT,11,674,0,8,677,3956,4633,0,3885,748,645,103
103,WEST BENGAL,GAMBLING ACT,1501,1238,62,1571,1106,6878,7984,16,7630,338,62,276
104,TOTAL (STATES),GAMBLING ACT,29752,375449,1039,31505,372657,889553,1262210,12217,916009,333984,274909,59075
105,A & N ISLANDS,GAMBLING ACT,0,501,0,0,501,146,647,0,274,373,373,0
106,CHANDIGARH,GAMBLING ACT,101,471,11,59,502,270,772,0,264,508,485,23
107,D & N HAVELI,GAMBLING ACT,2,115,0,14,103,64,167,0,143,24,0,24
108,DAMAN & DIU,GAMBLING ACT,86,109,0,104,91,93,184,0,156,28,0,28
109,DELHI,GAMBLING ACT,652,1878,0,491,2039,11316,13355,0,11892,1463,1333,130
110,LAKSHADWEEP,GAMBLING ACT,0,0,0,0,0,0,0,0,0,0,0,0
111,PUDUCHERRY,GAMBLING ACT,0,166,0,0,166,61,227,0,33,194,187,7
112,TOTAL (UTs),GAMBLING ACT,841,3240,11,668,3402,11950,15352,0,12762,2590,2378,212
113,TOTAL (ALL-INDIA),GAMBLING ACT,30593,378689,1050,32173,376059,901503,1277562,12217,928771,336574,277287,59287
114,ANDHRA PRADESH,EXCISE ACT,1585,6781,3,1985,6378,5243,11621,1767,5032,4822,1652,3170
115,ARUNACHAL PRADESH,EXCISE ACT,0,0,0,0,0,7,7,0,7,0,0,0
116,ASSAM,EXCISE ACT,29,29,2,36,20,303,323,0,238,85,12,73
117,BIHAR,EXCISE ACT,1474,3791,6,1776,3483,13617,17100,0,15128,1972,459,1513
118,CHHATTISGARH,EXCISE ACT,278,12153,0,236,12195,14156,26351,0,15674,10677,7945,2732
119,GOA,EXCISE ACT,0,0,0,0,0,33,33,0,33,0,0,0
120,GUJARAT,EXCISE ACT,0,0,0,0,0,31,31,0,26,5,0,5
121,HARYANA,EXCISE ACT,543,18727,0,527,18743,40979,59722,0,26899,32823,27149,5674
122,HIMACHAL PRADESH,EXCISE ACT,672,2215,0,588,2299,15396,17695,12,15065,2618,1234,1384
123,JAMMU & KASHMIR,EXCISE ACT,0,580,0,2,578,1687,2265,0,1783,482,241,241
124,JHARKHAND,EXCISE ACT,436,498,0,300,634,909,1543,11,988,544,138,406
125,KARNATAKA,EXCISE ACT,823,3132,36,427,3492,13929,17421,5,13217,4199,634,3565
126,KERALA,EXCISE ACT,0,0,0,0,0,0,0,0,0,0,0,0
127,MADHYA PRADESH,EXCISE ACT,159,43793,0,69,43883,14499,58382,102,13861,44419,42532,1887
128,MAHARASHTRA,EXCISE ACT,0,0,0,0,0,20,20,0,20,0,0,0
129,MANIPUR,EXCISE ACT,0,0,0,0,0,0,0,0,0,0,0,0
130,MEGHALAYA,EXCISE ACT,8,0,0,8,0,37,37,4,33,0,0,0
131,MIZORAM,EXCISE ACT,0,0,0,0,0,0,0,0,0,0,0,0
132,NAGALAND,EXCISE ACT,6,28,2,4,28,13,41,0,10,31,26,5
133,ODISHA,EXCISE ACT,214,9670,0,245,9639,59872,69511,0,64366,5145,425,4720
134,PUNJAB,EXCISE ACT,2071,8164,5,2840,7390,27970,35360,0,27790,7570,6042,1528
135,RAJASTHAN,EXCISE ACT,17,13454,0,29,13442,40778,54220,83,39656,14481,13635,846
136,SIKKIM,EXCISE ACT,0,104,0,0,104,0,104,44,39,21,9,12
137,TAMIL NADU,EXCISE ACT,0,0,0,0,0,0,0,0,0,0,0,0
138,TRIPURA,EXCISE ACT,0,0,0,0,0,0,0,0,0,0,0,0
139,UTTAR PRADESH,EXCISE ACT,464,35469,42,400,35491,107597,143088,0,113771,29317,26081,3236
140,UTTARAKHAND,EXCISE ACT,59,2483,0,51,2491,7251,9742,3,6145,3594,3393,201
141,WEST BENGAL,EXCISE ACT,1826,1927,314,2363,1076,1570,2646,32,2349,265,97,168
142,TOTAL (STATES),EXCISE ACT,10664,162998,410,11886,161366,365897,527263,2063,362130,163070,131704,31366
143,A & N ISLANDS,EXCISE ACT,257,2089,0,123,2223,10117,12340,0,10095,2245,2230,15
144,CHANDIGARH,EXCISE ACT,235,1048,4,260,1019,416,1435,0,524,911,900,11
145,D & N HAVELI,EXCISE ACT,5,2,0,4,3,89,92,0,81,11,3,8
146,DAMAN & DIU,EXCISE ACT,0,0,0,0,0,0,0,0,0,0,0,0
147,DELHI,EXCISE ACT,3919,2060,0,3993,1986,75944,77930,0,72325,5605,3403,2202
148,LAKSHADWEEP,EXCISE ACT,0,0,0,0,0,0,0,0,0,0,0,0
149,PUDUCHERRY,EXCISE ACT,0,0,0,0,0,0,0,0,0,0,0,0
150,TOTAL (UTs),EXCISE ACT,4416,5199,4,4380,5231,86566,91797,0,83025,8772,6536,2236
151,TOTAL (ALL-INDIA),EXCISE ACT,15080,168197,414,16266,166597,452463,619060,2063,445155,171842,138240,33602
152,ANDHRA PRADESH,PROHIBITION ACT,1235,2752,0,1480,2507,2520,5027,66,2512,2449,1250,1199
153,ARUNACHAL PRADESH,PROHIBITION ACT,0,0,0,0,0,0,0,0,0,0,0,0
154,ASSAM,PROHIBITION ACT,105,0,14,90,1,87,88,0,14,74,0,74
155,BIHAR,PROHIBITION ACT,63,0,0,9,54,9,63,1,52,10,0,10
156,CHHATTISGARH,PROHIBITION ACT,0,934,0,0,934,0,934,0,0,934,811,123
157,GOA,PROHIBITION ACT,0,0,0,0,0,0,0,0,0,0,0,0
158,GUJARAT,PROHIBITION ACT,16208,204776,0,19968,201016,1222197,1423213,154,1283978,139081,88330,50751
159,HARYANA,PROHIBITION ACT,0,0,0,0,0,0,0,0,0,0,0,0
160,HIMACHAL PRADESH,PROHIBITION ACT,0,1,0,0,1,0,1,0,1,0,0,0
161,JAMMU & KASHMIR,PROHIBITION ACT,0,0,0,0,0,0,0,0,0,0,0,0
162,JHARKHAND,PROHIBITION ACT,13,0,0,10,3,49,52,0,15,37,10,27
163,KARNATAKA,PROHIBITION ACT,0,0,0,0,0,0,0,0,0,0,0,0
164,KERALA,PROHIBITION ACT,2316,64075,0,1722,64669,95439,160108,2435,110184,47489,44363,3126
165,MADHYA PRADESH,PROHIBITION ACT,0,0,0,0,0,2,2,0,2,0,0,0
166,MAHARASHTRA,PROHIBITION ACT,30671,77007,2,31431,76245,815711,891956,20547,792098,79311,693,78618
167,MANIPUR,PROHIBITION ACT,0,0,0,0,0,0,0,0,0,0,0,0
168,MEGHALAYA,PROHIBITION ACT,0,0,0,0,0,0,0,0,0,0,0,0
169,MIZORAM,PROHIBITION ACT,0,76,0,0,76,149,225,0,87,138,135,3
170,NAGALAND,PROHIBITION ACT,25,87,14,29,69,40,109,2,18,89,76,13
171,ODISHA,PROHIBITION ACT,0,0,0,0,0,0,0,0,0,0,0,0
172,PUNJAB,PROHIBITION ACT,9,9,1,13,4,21,25,0,25,0,0,0
173,RAJASTHAN,PROHIBITION ACT,0,0,0,0,0,0,0,0,0,0,0,0
174,SIKKIM,PROHIBITION ACT,0,0,0,0,0,0,0,0,0,0,0,0
175,TAMIL NADU,PROHIBITION ACT,32100,88413,1220,26270,93023,42481,135504,15001,32183,88320,77470,10850
176,TRIPURA,PROHIBITION ACT,0,0,0,0,0,0,0,0,0,0,0,0
177,UTTAR PRADESH,PROHIBITION ACT,0,0,0,0,0,0,0,0,0,0,0,0
178,UTTARAKHAND,PROHIBITION ACT,0,0,0,0,0,0,0,0,0,0,0,0
179,WEST BENGAL,PROHIBITION ACT,25,0,0,21,4,15,19,0,13,6,0,6
180,TOTAL (STATES),PROHIBITION ACT,82770,438130,1251,81043,438606,2178720,2617326,38206,2221182,357938,213138,144800
181,A & N ISLANDS,PROHIBITION ACT,71,42,0,3,110,1417,1527,0,1275,252,249,3
182,CHANDIGARH,PROHIBITION ACT,0,0,0,0,0,0,0,0,0,0,0,0
183,D & N HAVELI,PROHIBITION ACT,0,0,0,0,0,0,0,0,0,0,0,0
184,DAMAN & DIU,PROHIBITION ACT,0,0,0,0,0,0,0,0,0,0,0,0
185,DELHI,PROHIBITION ACT,0,0,0,0,0,0,0,0,0,0,0,0
186,LAKSHADWEEP,PROHIBITION ACT,5,19,0,19,5,17,22,0,18,4,4,0
187,PUDUCHERRY,PROHIBITION ACT,0,0,0,0,0,0,0,0,0,0,0,0
188,TOTAL (UTs),PROHIBITION ACT,76,61,0,22,115,1434,1549,0,1293,256,253,3
189,TOTAL (ALL-INDIA),PROHIBITION ACT,82846,438191,1251,81065,438721,2180154,2618875,38206,2222475,358194,213391,144803
190,ANDHRA PRADESH,"EXPLOSIVES and EXPLOSIVE SUBSTANCES ACT, 1884 and 1908",327,360,0,299,388,1463,1851,0,1355,496,45,451
191,ARUNACHAL PRADESH,"EXPLOSIVES and EXPLOSIVE SUBSTANCES ACT, 1884 and 1908",0,4,0,0,4,86,90,0,84,6,1,5
192,ASSAM,"EXPLOSIVES and EXPLOSIVE SUBSTANCES ACT, 1884 and 1908",587,107,39,567,88,676,764,0,714,50,3,47
193,BIHAR,"EXPLOSIVES and EXPLOSIVE SUBSTANCES ACT, 1884 and 1908",385,455,8,526,306,2220,2526,0,2321,205,35,170
194,CHHATTISGARH,"EXPLOSIVES and EXPLOSIVE SUBSTANCES ACT, 1884 and 1908",8,179,0,2,185,242,427,187,106,134,119,15
195,GOA,"EXPLOSIVES and EXPLOSIVE SUBSTANCES ACT, 1884 and 1908",13,0,0,12,1,31,32,0,27,5,0,5
196,GUJARAT,"EXPLOSIVES and EXPLOSIVE SUBSTANCES ACT, 1884 and 1908",2,81,0,9,74,1319,1393,0,1360,33,1,32
197,HARYANA,"EXPLOSIVES and EXPLOSIVE SUBSTANCES ACT, 1884 and 1908",9,50,0,5,54,182,236,0,188,48,10,38
198,HIMACHAL PRADESH,"EXPLOSIVES and EXPLOSIVE SUBSTANCES ACT, 1884 and 1908",8,1,0,3,6,23,29,0,23,6,0,6
199,JAMMU & KASHMIR,"EXPLOSIVES and EXPLOSIVE SUBSTANCES ACT, 1884 and 1908",0,27,0,0,27,1186,1213,0,1099,114,0,114
200,JHARKHAND,"EXPLOSIVES and EXPLOSIVE SUBSTANCES ACT, 1884 and 1908",81,108,0,91,98,218,316,5,203,108,33,75
201,KARNATAKA,"EXPLOSIVES and EXPLOSIVE SUBSTANCES ACT, 1884 and 1908",38,244,5,34,243,655,898,0,739,159,19,140
202,KERALA,"EXPLOSIVES and EXPLOSIVE SUBSTANCES ACT, 1884 and 1908",447,422,0,378,491,3096,3587,0,3175,412,135,277
203,MADHYA PRADESH,"EXPLOSIVES and EXPLOSIVE SUBSTANCES ACT, 1884 and 1908",0,284,0,0,284,753,1037,0,736,301,164,137
204,MAHARASHTRA,"EXPLOSIVES and EXPLOSIVE SUBSTANCES ACT, 1884 and 1908",69,111,1,73,106,1629,1735,2,1683,50,2,48
205,MANIPUR,"EXPLOSIVES and EXPLOSIVE SUBSTANCES ACT, 1884 and 1908",38,1,0,39,0,13,13,1,12,0,0,0
206,MEGHALAYA,"EXPLOSIVES and EXPLOSIVE SUBSTANCES ACT, 1884 and 1908",50,0,0,44,6,58,64,0,64,0,0,0
207,MIZORAM,"EXPLOSIVES and EXPLOSIVE SUBSTANCES ACT, 1884 and 1908",2,19,0,19,2,6,8,0,1,7,7,0
208,NAGALAND,"EXPLOSIVES and EXPLOSIVE SUBSTANCES ACT, 1884 and 1908",6,6,2,3,7,1,8,0,4,4,2,2
209,ODISHA,"EXPLOSIVES and EXPLOSIVE SUBSTANCES ACT, 1884 and 1908",73,657,0,123,607,1786,2393,0,2208,185,18,167
210,PUNJAB,"EXPLOSIVES and EXPLOSIVE SUBSTANCES ACT, 1884 and 1908",28,16,1,31,12,87,99,0,77,22,13,9
211,RAJASTHAN,"EXPLOSIVES and EXPLOSIVE SUBSTANCES ACT, 1884 and 1908",13,629,0,11,631,1797,2428,4,1887,537,485,52
212,SIKKIM,"EXPLOSIVES and EXPLOSIVE SUBSTANCES ACT, 1884 and 1908",6,1,0,0,7,8,15,0,9,6,2,4
213,TAMIL NADU,"EXPLOSIVES and EXPLOSIVE SUBSTANCES ACT, 1884 and 1908",284,895,1,648,530,616,1146,0,818,328,173,155
214,TRIPURA,"EXPLOSIVES and EXPLOSIVE SUBSTANCES ACT, 1884 and 1908",0,0,0,0,0,4,4,0,0,4,0,4
215,UTTAR PRADESH,"EXPLOSIVES and EXPLOSIVE SUBSTANCES ACT, 1884 and 1908",116,627,15,122,606,9446,10052,0,9409,643,423,220
216,UTTARAKHAND,"EXPLOSIVES and EXPLOSIVE SUBSTANCES ACT, 1884 and 1908",0,3,0,0,3,40,43,0,34,9,4,5
217,WEST BENGAL,"EXPLOSIVES and EXPLOSIVE SUBSTANCES ACT, 1884 and 1908",334,171,18,318,169,1214,1383,0,1292,91,4,87
218,TOTAL (STATES),"EXPLOSIVES and EXPLOSIVE SUBSTANCES ACT, 1884 and 1908",2924,5458,90,3357,4935,28855,33790,199,29628,3963,1698,2265
219,A & N ISLANDS,"EXPLOSIVES and EXPLOSIVE SUBSTANCES ACT, 1884 and 1908",0,0,0,0,0,48,48,0,46,2,0,2
220,CHANDIGARH,"EXPLOSIVES and EXPLOSIVE SUBSTANCES ACT, 1884 and 1908",2,0,0,0,2,6,8,0,8,0,0,0
221,D & N HAVELI,"EXPLOSIVES and EXPLOSIVE SUBSTANCES ACT, 1884 and 1908",2,0,0,2,0,15,15,0,14,1,0,1
222,DAMAN & DIU,"EXPLOSIVES and EXPLOSIVE SUBSTANCES ACT, 1884 and 1908",0,0,0,0,0,2,2,0,2,0,0,0
223,DELHI,"EXPLOSIVES and EXPLOSIVE SUBSTANCES ACT, 1884 and 1908",17,9,0,13,13,322,335,0,327,8,8,0
224,LAKSHADWEEP,"EXPLOSIVES and EXPLOSIVE SUBSTANCES ACT, 1884 and 1908",0,1,0,1,0,0,0,0,0,0,0,0
225,PUDUCHERRY,"EXPLOSIVES and EXPLOSIVE SUBSTANCES ACT, 1884 and 1908",24,19,0,39,4,78,82,0,72,10,0,10
226,TOTAL (UTs),"EXPLOSIVES and EXPLOSIVE SUBSTANCES ACT, 1884 and 1908",45,29,0,55,19,471,490,0,469,21,8,13
227,TOTAL (ALL-INDIA),"EXPLOSIVES and EXPLOSIVE SUBSTANCES ACT, 1884 and 1908",2969,5487,90,3412,4954,29326,34280,199,30097,3984,1706,2278
228,ANDHRA PRADESH,"IMMORAL TRAFFIC (PREVENTION) ACT, 1956",482,1354,0,460,1376,3006,4382,1,3148,1233,301,932
229,ARUNACHAL PRADESH,"IMMORAL TRAFFIC (PREVENTION) ACT, 1956",0,1,0,1,0,2,2,0,2,0,0,0
230,ASSAM,"IMMORAL TRAFFIC (PREVENTION) ACT, 1956",127,51,23,124,31,170,201,0,180,21,0,21
231,BIHAR,"IMMORAL TRAFFIC (PREVENTION) ACT, 1956",47,116,14,85,64,322,386,0,350,36,3,33
232,CHHATTISGARH,"IMMORAL TRAFFIC (PREVENTION) ACT, 1956",0,22,0,0,22,222,244,0,225,19,7,12
233,GOA,"IMMORAL TRAFFIC (PREVENTION) ACT, 1956",49,100,5,118,26,140,166,0,161,5,3,2
234,GUJARAT,"IMMORAL TRAFFIC (PREVENTION) ACT, 1956",4,124,0,33,95,3951,4046,0,4033,13,0,13
235,HARYANA,"IMMORAL TRAFFIC (PREVENTION) ACT, 1956",52,303,0,65,290,1579,1869,0,1531,338,77,261
236,HIMACHAL PRADESH,"IMMORAL TRAFFIC (PREVENTION) ACT, 1956",0,18,0,4,14,83,97,0,77,20,0,20
237,JAMMU & KASHMIR,"IMMORAL TRAFFIC (PREVENTION) ACT, 1956",2,13,0,2,13,133,146,0,132,14,0,14
238,JHARKHAND,"IMMORAL TRAFFIC (PREVENTION) ACT, 1956",8,20,0,17,11,55,66,0,54,12,7,5
239,KARNATAKA,"IMMORAL TRAFFIC (PREVENTION) ACT, 1956",92,1240,0,162,1170,5513,6683,5,5798,880,241,639
240,KERALA,"IMMORAL TRAFFIC (PREVENTION) ACT, 1956",69,324,0,51,342,2529,2871,0,2491,380,146,234
241,MADHYA PRADESH,"IMMORAL TRAFFIC (PREVENTION) ACT, 1956",0,59,0,0,59,590,649,0,582,67,29,38
242,MAHARASHTRA,"IMMORAL TRAFFIC (PREVENTION) ACT, 1956",944,1621,0,1227,1338,12762,14100,20,13912,168,44,124
243,MANIPUR,"IMMORAL TRAFFIC (PREVENTION) ACT, 1956",0,0,0,0,0,13,13,0,13,0,0,0
244,MEGHALAYA,"IMMORAL TRAFFIC (PREVENTION) ACT, 1956",29,20,5,44,0,5,5,0,5,0,0,0
245,MIZORAM,"IMMORAL TRAFFIC (PREVENTION) ACT, 1956",0,0,0,0,0,2,2,0,0,2,2,0
246,NAGALAND,"IMMORAL TRAFFIC (PREVENTION) ACT, 1956",2,26,0,0,28,0,28,0,4,24,24,0
247,ODISHA,"IMMORAL TRAFFIC (PREVENTION) ACT, 1956",7,82,0,16,73,469,542,0,460,82,3,79
248,PUNJAB,"IMMORAL TRAFFIC (PREVENTION) ACT, 1956",259,402,1,349,311,779,1090,0,900,190,58,132
249,RAJASTHAN,"IMMORAL TRAFFIC (PREVENTION) ACT, 1956",15,349,0,8,356,2439,2795,0,2717,78,47,31
250,SIKKIM,"IMMORAL TRAFFIC (PREVENTION) ACT, 1956",5,0,0,0,5,10,15,0,0,15,8,7
251,TAMIL NADU,"IMMORAL TRAFFIC (PREVENTION) ACT, 1956",245,927,0,452,720,1087,1807,0,1319,488,332,156
252,TRIPURA,"IMMORAL TRAFFIC (PREVENTION) ACT, 1956",0,0,0,0,0,0,0,0,0,0,0,0
253,UTTAR PRADESH,"IMMORAL TRAFFIC (PREVENTION) ACT, 1956",16,187,6,19,178,810,988,0,893,95,74,21
254,UTTARAKHAND,"IMMORAL TRAFFIC (PREVENTION) ACT, 1956",0,61,0,16,45,117,162,0,147,15,15,0
255,WEST BENGAL,"IMMORAL TRAFFIC (PREVENTION) ACT, 1956",384,455,49,462,328,721,1049,5,912,132,43,89
256,TOTAL (STATES),"IMMORAL TRAFFIC (PREVENTION) ACT, 1956",2838,7875,103,3715,6895,37509,44404,31,40046,4327,1464,2863
257,A & N ISLANDS,"IMMORAL TRAFFIC (PREVENTION) ACT, 1956",30,16,0,19,27,11,38,0,38,0,0,0
258,CHANDIGARH,"IMMORAL TRAFFIC (PREVENTION) ACT, 1956",5,0,0,0,5,133,138,0,129,9,0,9
259,D & N HAVELI,"IMMORAL TRAFFIC (PREVENTION) ACT, 1956",0,12,0,0,12,44,56,0,56,0,0,0
260,DAMAN & DIU,"IMMORAL TRAFFIC (PREVENTION) ACT, 1956",52,24,0,47,29,132,161,0,153,8,0,8
261,DELHI,"IMMORAL TRAFFIC (PREVENTION) ACT, 1956",43,104,0,59,88,2399,2487,0,2357,130,85,45
262,LAKSHADWEEP,"IMMORAL TRAFFIC (PREVENTION) ACT, 1956",0,0,0,0,0,0,0,0,0,0,0,0
263,PUDUCHERRY,"IMMORAL TRAFFIC (PREVENTION) ACT, 1956",0,21,0,21,0,59,59,0,52,7,7,0
264,TOTAL (UTs),"IMMORAL TRAFFIC (PREVENTION) ACT, 1956",130,177,0,146,161,2778,2939,0,2785,154,92,62
265,TOTAL (ALL-INDIA),"IMMORAL TRAFFIC (PREVENTION) ACT, 1956",2968,8052,103,3861,7056,40287,47343,31,42831,4481,1556,2925
266,ANDHRA PRADESH,"INDIAN RAILWAYS ACT, 1989",42,33,0,43,32,108,140,41,35,64,31,33
267,ARUNACHAL PRADESH,"INDIAN RAILWAYS ACT, 1989",0,0,0,0,0,0,0,0,0,0,0,0
268,ASSAM,"INDIAN RAILWAYS ACT, 1989",27,2,1,28,0,27,27,0,27,0,0,0
269,BIHAR,"INDIAN RAILWAYS ACT, 1989",4,1,0,1,4,664,668,0,579,89,42,47
270,CHHATTISGARH,"INDIAN RAILWAYS ACT, 1989",0,6,0,0,6,0,6,0,0,6,2,4
271,GOA,"INDIAN RAILWAYS ACT, 1989",0,1,0,0,1,0,1,0,0,1,0,1
272,GUJARAT,"INDIAN RAILWAYS ACT, 1989",0,0,0,0,0,4236,4236,0,4199,37,25,12
273,HARYANA,"INDIAN RAILWAYS ACT, 1989",2,1,0,0,3,586,589,0,494,95,95,0
274,HIMACHAL PRADESH,"INDIAN RAILWAYS ACT, 1989",0,2,0,0,2,0,2,0,2,0,0,0
275,JAMMU & KASHMIR,"INDIAN RAILWAYS ACT, 1989",0,0,0,0,0,5,5,0,5,0,0,0
276,JHARKHAND,"INDIAN RAILWAYS ACT, 1989",0,0,0,0,0,9,9,0,9,0,0,0
277,KARNATAKA,"INDIAN RAILWAYS ACT, 1989",0,16,0,0,16,4,20,0,3,17,13,4
278,KERALA,"INDIAN RAILWAYS ACT, 1989",4,5,0,2,7,12,19,0,15,4,1,3
279,MADHYA PRADESH,"INDIAN RAILWAYS ACT, 1989",0,11,0,0,11,4,15,0,13,2,2,0
280,MAHARASHTRA,"INDIAN RAILWAYS ACT, 1989",1,3,0,1,3,3181,3184,4,3096,84,3,81
281,MANIPUR,"INDIAN RAILWAYS ACT, 1989",0,0,0,0,0,0,0,0,0,0,0,0
282,MEGHALAYA,"INDIAN RAILWAYS ACT, 1989",0,0,0,0,0,0,0,0,0,0,0,0
283,MIZORAM,"INDIAN RAILWAYS ACT, 1989",0,0,0,0,0,0,0,0,0,0,0,0
284,NAGALAND,"INDIAN RAILWAYS ACT, 1989",0,0,0,0,0,0,0,0,0,0,0,0
285,ODISHA,"INDIAN RAILWAYS ACT, 1989",0,0,0,0,0,121,121,0,120,1,0,1
286,PUNJAB,"INDIAN RAILWAYS ACT, 1989",20,10,0,12,18,116,134,0,97,37,26,11
287,RAJASTHAN,"INDIAN RAILWAYS ACT, 1989",0,0,0,0,0,299,299,18,184,97,84,13
288,SIKKIM,"INDIAN RAILWAYS ACT, 1989",0,0,0,0,0,0,0,0,0,0,0,0
289,TAMIL NADU,"INDIAN RAILWAYS ACT, 1989",2,7,0,2,7,38,45,0,45,0,0,0
290,TRIPURA,"INDIAN RAILWAYS ACT, 1989",0,0,0,0,0,0,0,0,0,0,0,0
291,UTTAR PRADESH,"INDIAN RAILWAYS ACT, 1989",14,49,0,1,62,714,776,0,642,134,126,8
292,UTTARAKHAND,"INDIAN RAILWAYS ACT, 1989",0,3,0,0,3,58,61,0,30,31,25,6
293,WEST BENGAL,"INDIAN RAILWAYS ACT, 1989",0,1,0,0,1,23,24,0,24,0,0,0
294,TOTAL (STATES),"INDIAN RAILWAYS ACT, 1989",116,151,1,90,176,10205,10381,63,9619,699,475,224
295,A & N ISLANDS,"INDIAN RAILWAYS ACT, 1989",0,0,0,0,0,0,0,0,0,0,0,0
296,CHANDIGARH,"INDIAN RAILWAYS ACT, 1989",0,0,0,0,0,0,0,0,0,0,0,0
297,D & N HAVELI,"INDIAN RAILWAYS ACT, 1989",0,0,0,0,0,0,0,0,0,0,0,0
298,DAMAN & DIU,"INDIAN RAILWAYS ACT, 1989",0,0,0,0,0,0,0,0,0,0,0,0
299,DELHI,"INDIAN RAILWAYS ACT, 1989",27,0,0,27,0,24,24,0,24,0,0,0
300,LAKSHADWEEP,"INDIAN RAILWAYS ACT, 1989",0,0,0,0,0,0,0,0,0,0,0,0
301,PUDUCHERRY,"INDIAN RAILWAYS ACT, 1989",0,0,0,0,0,0,0,0,0,0,0,0
302,TOTAL (UTs),"INDIAN RAILWAYS ACT, 1989",27,0,0,27,0,24,24,0,24,0,0,0
303,TOTAL (ALL-INDIA),"INDIAN RAILWAYS ACT, 1989",143,151,1,117,176,10229,10405,63,9643,699,475,224
304,ANDHRA PRADESH,"REGISTRATION OF FOREIGNERS ACT, 1930",26,19,0,7,38,55,93,0,40,53,13,40
305,ARUNACHAL PRADESH,"REGISTRATION OF FOREIGNERS ACT, 1930",0,1,0,0,1,39,40,0,40,0,0,0
306,ASSAM,"REGISTRATION OF FOREIGNERS ACT, 1930",16,29,0,24,21,27,48,0,29,19,18,1
307,BIHAR,"REGISTRATION OF FOREIGNERS ACT, 1930",2,1,0,0,3,80,83,0,72,11,0,11
308,CHHATTISGARH,"REGISTRATION OF FOREIGNERS ACT, 1930",0,0,0,0,0,1,1,0,0,1,0,1
309,GOA,"REGISTRATION OF FOREIGNERS ACT, 1930",0,43,0,0,43,71,114,0,72,42,40,2
310,GUJARAT,"REGISTRATION OF FOREIGNERS ACT, 1930",3,33,0,5,31,315,346,0,337,9,9,0
311,HARYANA,"REGISTRATION OF FOREIGNERS ACT, 1930",1,47,0,0,48,116,164,0,134,30,25,5
312,HIMACHAL PRADESH,"REGISTRATION OF FOREIGNERS ACT, 1930",0,6,0,0,6,8,14,0,13,1,0,1
313,JAMMU & KASHMIR,"REGISTRATION OF FOREIGNERS ACT, 1930",5,22,0,5,22,105,127,0,113,14,14,0
314,JHARKHAND,"REGISTRATION OF FOREIGNERS ACT, 1930",0,1,0,1,0,0,0,0,0,0,0,0
315,KARNATAKA,"REGISTRATION OF FOREIGNERS ACT, 1930",2,108,0,18,92,58,150,0,110,40,39,1
316,KERALA,"REGISTRATION OF FOREIGNERS ACT, 1930",22,42,0,32,32,117,149,1,132,16,10,6
317,MADHYA PRADESH,"REGISTRATION OF FOREIGNERS ACT, 1930",0,0,0,0,0,20,20,0,20,0,0,0
318,MAHARASHTRA,"REGISTRATION OF FOREIGNERS ACT, 1930",9,24,0,21,12,509,521,0,512,9,5,4
319,MANIPUR,"REGISTRATION OF FOREIGNERS ACT, 1930",200,61,5,211,45,31,76,0,74,2,2,0
320,MEGHALAYA,"REGISTRATION OF FOREIGNERS ACT, 1930",1,262,6,6,251,20,271,0,22,249,249,0
321,MIZORAM,"REGISTRATION OF FOREIGNERS ACT, 1930",0,43,0,5,38,53,91,0,3,88,88,0
322,NAGALAND,"REGISTRATION OF FOREIGNERS ACT, 1930",0,0,0,0,0,0,0,0,0,0,0,0
323,ODISHA,"REGISTRATION OF FOREIGNERS ACT, 1930",0,3,0,0,3,21,24,0,21,3,3,0
324,PUNJAB,"REGISTRATION OF FOREIGNERS ACT, 1930",1,1,0,2,0,5,5,0,4,1,1,0
325,RAJASTHAN,"REGISTRATION OF FOREIGNERS ACT, 1930",0,1,0,0,1,61,62,0,57,5,4,1
326,SIKKIM,"REGISTRATION OF FOREIGNERS ACT, 1930",6,3,0,0,9,9,18,0,2,16,6,10
327,TAMIL NADU,"REGISTRATION OF FOREIGNERS ACT, 1930",38,16,0,43,11,26,37,0,29,8,4,4
328,TRIPURA,"REGISTRATION OF FOREIGNERS ACT, 1930",2,1,0,0,3,20,23,0,1,22,0,22
329,UTTAR PRADESH,"REGISTRATION OF FOREIGNERS ACT, 1930",0,1,0,0,1,22,23,0,11,12,12,0
330,UTTARAKHAND,"REGISTRATION OF FOREIGNERS ACT, 1930",0,3,0,0,3,14,17,0,13,4,4,0
331,WEST BENGAL,"REGISTRATION OF FOREIGNERS ACT, 1930",960,1516,39,914,1523,9234,10757,4,9786,967,775,192
332,TOTAL (STATES),"REGISTRATION OF FOREIGNERS ACT, 1930",1294,2287,50,1294,2237,11037,13274,5,11647,1622,1321,301
333,A & N ISLANDS,"REGISTRATION OF FOREIGNERS ACT, 1930",148,86,0,77,157,472,629,0,501,128,128,0
334,CHANDIGARH,"REGISTRATION OF FOREIGNERS ACT, 1930",1,1,0,2,0,11,11,0,10,1,0,1
335,D & N HAVELI,"REGISTRATION OF FOREIGNERS ACT, 1930",0,0,0,0,0,0,0,0,0,0,0,0
336,DAMAN & DIU,"REGISTRATION OF FOREIGNERS ACT, 1930",0,3,0,0,3,0,3,0,3,0,0,0
337,DELHI,"REGISTRATION OF FOREIGNERS ACT, 1930",21,33,1,8,45,276,321,0,306,15,14,1
338,LAKSHADWEEP,"REGISTRATION OF FOREIGNERS ACT, 1930",0,0,0,0,0,23,23,5,18,0,0,0
339,PUDUCHERRY,"REGISTRATION OF FOREIGNERS ACT, 1930",3,0,0,0,3,2,5,0,2,3,0,3
340,TOTAL (UTs),"REGISTRATION OF FOREIGNERS ACT, 1930",173,123,1,87,208,784,992,5,840,147,142,5
341,TOTAL (ALL-INDIA),,1467,2410,51,1381,2445,11821,14266,10,12487,1769,1463,306
342,ANDHRA PRADESH,"PROTECTION OF CIVIL RIGHTS ACT, 1955",12,12,2,3,19,94,113,1,53,59,3,56
343,ARUNACHAL PRADESH,"PROTECTION OF CIVIL RIGHTS ACT, 1955",0,0,0,0,0,0,0,0,0,0,0,0
344,ASSAM,"PROTECTION OF CIVIL RIGHTS ACT, 1955",0,0,0,0,0,0,0,0,0,0,0,0
345,BIHAR,"PROTECTION OF CIVIL RIGHTS ACT, 1955",0,0,0,0,0,0,0,0,0,0,0,0
346,CHHATTISGARH,"PROTECTION OF CIVIL RIGHTS ACT, 1955",0,0,0,0,0,0,0,0,0,0,0,0
347,GOA,"PROTECTION OF CIVIL RIGHTS ACT, 1955",0,1,0,0,1,0,1,0,1,0,0,0
348,GUJARAT,"PROTECTION OF CIVIL RIGHTS ACT, 1955",0,2,0,2,0,401,401,0,329,72,5,67
349,HARYANA,"PROTECTION OF CIVIL RIGHTS ACT, 1955",0,0,0,0,0,0,0,0,0,0,0,0
350,HIMACHAL PRADESH,"PROTECTION OF CIVIL RIGHTS ACT, 1955",0,12,0,7,5,53,58,0,53,5,5,0
351,JAMMU & KASHMIR,"PROTECTION OF CIVIL RIGHTS ACT, 1955",1,2,0,1,2,13,15,0,15,0,0,0
352,JHARKHAND,"PROTECTION OF CIVIL RIGHTS ACT, 1955",0,0,0,0,0,0,0,0,0,0,0,0
353,KARNATAKA,"PROTECTION OF CIVIL RIGHTS ACT, 1955",20,43,0,19,44,266,310,0,173,137,0,137
354,KERALA,"PROTECTION OF CIVIL RIGHTS ACT, 1955",0,0,0,0,0,0,0,0,0,0,0,0
355,MADHYA PRADESH,"PROTECTION OF CIVIL RIGHTS ACT, 1955",0,0,0,0,0,27,27,0,27,0,0,0
356,MAHARASHTRA,"PROTECTION OF CIVIL RIGHTS ACT, 1955",1,7,0,3,5,1343,1348,1,1286,61,0,61
357,MANIPUR,"PROTECTION OF CIVIL RIGHTS ACT, 1955",0,0,0,0,0,0,0,0,0,0,0,0
358,MEGHALAYA,"PROTECTION OF CIVIL RIGHTS ACT, 1955",0,0,0,0,0,0,0,0,0,0,0,0
359,MIZORAM,"PROTECTION OF CIVIL RIGHTS ACT, 1955",0,0,0,0,0,0,0,0,0,0,0,0
360,NAGALAND,"PROTECTION OF CIVIL RIGHTS ACT, 1955",0,0,0,0,0,0,0,0,0,0,0,0
361,ODISHA,"PROTECTION OF CIVIL RIGHTS ACT, 1955",0,0,0,0,0,27,27,0,26,1,0,1
362,PUNJAB,"PROTECTION OF CIVIL RIGHTS ACT, 1955",0,0,0,0,0,0,0,0,0,0,0,0
363,RAJASTHAN,"PROTECTION OF CIVIL RIGHTS ACT, 1955",0,0,0,0,0,0,0,0,0,0,0,0
364,SIKKIM,"PROTECTION OF CIVIL RIGHTS ACT, 1955",0,0,0,0,0,1,1,0,1,0,0,0
365,TAMIL NADU,"PROTECTION OF CIVIL RIGHTS ACT, 1955",6,11,0,7,10,7,17,0,10,7,0,7
366,TRIPURA,"PROTECTION OF CIVIL RIGHTS ACT, 1955",0,0,0,0,0,0,0,0,0,0,0,0
367,UTTAR PRADESH,"PROTECTION OF CIVIL RIGHTS ACT, 1955",0,3,0,0,3,95,98,0,63,35,21,14
368,UTTARAKHAND,"PROTECTION OF CIVIL RIGHTS ACT, 1955",0,0,0,0,0,0,0,0,0,0,0,0
369,WEST BENGAL,"PROTECTION OF CIVIL RIGHTS ACT, 1955",0,0,0,0,0,0,0,0,0,0,0,0
370,TOTAL (STATES),"PROTECTION OF CIVIL RIGHTS ACT, 1955",40,93,2,42,89,2327,2416,2,2037,377,34,343
371,A & N ISLANDS,"PROTECTION OF CIVIL RIGHTS ACT, 1955",0,0,0,0,0,0,0,0,0,0,0,0
372,CHANDIGARH,"PROTECTION OF CIVIL RIGHTS ACT, 1955",0,0,0,0,0,0,0,0,0,0,0,0
373,D & N HAVELI,"PROTECTION OF CIVIL RIGHTS ACT, 1955",0,0,0,0,0,0,0,0,0,0,0,0
374,DAMAN & DIU,"PROTECTION OF CIVIL RIGHTS ACT, 1955",0,0,0,0,0,0,0,0,0,0,0,0
375,DELHI,"PROTECTION OF CIVIL RIGHTS ACT, 1955",0,0,0,0,0,40,40,0,40,0,0,0
376,LAKSHADWEEP,"PROTECTION OF CIVIL RIGHTS ACT, 1955",0,0,0,0,0,0,0,0,0,0,0,0
377,PUDUCHERRY,"PROTECTION OF CIVIL RIGHTS ACT, 1955",6,16,0,1,21,100,121,0,53,68,0,68
378,TOTAL (UTs),"PROTECTION OF CIVIL RIGHTS ACT, 1955",6,16,0,1,21,140,161,0,93,68,0,68
379,TOTAL (ALL-INDIA),"PROTECTION OF CIVIL RIGHTS ACT, 1955",46,109,2,43,110,2467,2577,2,2130,445,34,411
380,ANDHRA PRADESH,"PROTECTION OF CIVIL RIGHTS ACT,1955 FOR CRIMES COMMITTED AGAINST SCHEDULED CASTES",10,12,0,3,19,81,100,1,53,46,3,43
381,ARUNACHAL PRADESH,"PROTECTION OF CIVIL RIGHTS ACT,1955 FOR CRIMES COMMITTED AGAINST SCHEDULED CASTES",0,0,0,0,0,0,0,0,0,0,0,0
382,ASSAM,"PROTECTION OF CIVIL RIGHTS ACT,1955 FOR CRIMES COMMITTED AGAINST SCHEDULED CASTES",0,0,0,0,0,0,0,0,0,0,0,0
383,BIHAR,"PROTECTION OF CIVIL RIGHTS ACT,1955 FOR CRIMES COMMITTED AGAINST SCHEDULED CASTES",0,0,0,0,0,0,0,0,0,0,0,0
384,CHHATTISGARH,"PROTECTION OF CIVIL RIGHTS ACT,1955 FOR CRIMES COMMITTED AGAINST SCHEDULED CASTES",0,0,0,0,0,0,0,0,0,0,0,0
385,GOA,"PROTECTION OF CIVIL RIGHTS ACT,1955 FOR CRIMES COMMITTED AGAINST SCHEDULED CASTES",0,1,0,0,1,0,1,0,1,0,0,0
386,GUJARAT,"PROTECTION OF CIVIL RIGHTS ACT,1955 FOR CRIMES COMMITTED AGAINST SCHEDULED CASTES",0,2,0,2,0,384,384,0,315,69,5,64
387,HARYANA,"PROTECTION OF CIVIL RIGHTS ACT,1955 FOR CRIMES COMMITTED AGAINST SCHEDULED CASTES",0,0,0,0,0,0,0,0,0,0,0,0
388,HIMACHAL PRADESH,"PROTECTION OF CIVIL RIGHTS ACT,1955 FOR CRIMES COMMITTED AGAINST SCHEDULED CASTES",0,12,0,7,5,53,58,0,53,5,5,0
389,JAMMU & KASHMIR,"PROTECTION OF CIVIL RIGHTS ACT,1955 FOR CRIMES COMMITTED AGAINST SCHEDULED CASTES",1,2,0,1,2,13,15,0,15,0,0,0
390,JHARKHAND,"PROTECTION OF CIVIL RIGHTS ACT,1955 FOR CRIMES COMMITTED AGAINST SCHEDULED CASTES",0,0,0,0,0,0,0,0,0,0,0,0
391,KARNATAKA,"PROTECTION OF CIVIL RIGHTS ACT,1955 FOR CRIMES COMMITTED AGAINST SCHEDULED CASTES",20,43,0,19,44,266,310,0,173,137,0,137
392,KERALA,"PROTECTION OF CIVIL RIGHTS ACT,1955 FOR CRIMES COMMITTED AGAINST SCHEDULED CASTES",0,0,0,0,0,0,0,0,0,0,0,0
393,MADHYA PRADESH,"PROTECTION OF CIVIL RIGHTS ACT,1955 FOR CRIMES COMMITTED AGAINST SCHEDULED CASTES",0,0,0,0,0,27,27,0,27,0,0,0
394,MAHARASHTRA,"PROTECTION OF CIVIL RIGHTS ACT,1955 FOR CRIMES COMMITTED AGAINST SCHEDULED CASTES",1,7,0,3,5,1343,1348,1,1286,61,0,61
395,MANIPUR,"PROTECTION OF CIVIL RIGHTS ACT,1955 FOR CRIMES COMMITTED AGAINST SCHEDULED CASTES",0,0,0,0,0,0,0,0,0,0,0,0
396,MEGHALAYA,"PROTECTION OF CIVIL RIGHTS ACT,1955 FOR CRIMES COMMITTED AGAINST SCHEDULED CASTES",0,0,0,0,0,0,0,0,0,0,0,0
397,MIZORAM,"PROTECTION OF CIVIL RIGHTS ACT,1955 FOR CRIMES COMMITTED AGAINST SCHEDULED CASTES",0,0,0,0,0,0,0,0,0,0,0,0
398,NAGALAND,"PROTECTION OF CIVIL RIGHTS ACT,1955 FOR CRIMES COMMITTED AGAINST SCHEDULED CASTES",0,0,0,0,0,0,0,0,0,0,0,0
399,ODISHA,"PROTECTION OF CIVIL RIGHTS ACT,1955 FOR CRIMES COMMITTED AGAINST SCHEDULED CASTES",0,0,0,0,0,27,27,0,26,1,0,1
400,PUNJAB,"PROTECTION OF CIVIL RIGHTS ACT,1955 FOR CRIMES COMMITTED AGAINST SCHEDULED CASTES",0,0,0,0,0,0,0,0,0,0,0,0
401,RAJASTHAN,"PROTECTION OF CIVIL RIGHTS ACT,1955 FOR CRIMES COMMITTED AGAINST SCHEDULED CASTES",0,0,0,0,0,0,0,0,0,0,0,0
402,SIKKIM,"PROTECTION OF CIVIL RIGHTS ACT,1955 FOR CRIMES COMMITTED AGAINST SCHEDULED CASTES",0,0,0,0,0,0,0,0,0,0,0,0
403,TAMIL NADU,"PROTECTION OF CIVIL RIGHTS ACT,1955 FOR CRIMES COMMITTED AGAINST SCHEDULED CASTES",6,11,0,7,10,7,17,0,10,7,0,7
404,TRIPURA,"PROTECTION OF CIVIL RIGHTS ACT,1955 FOR CRIMES COMMITTED AGAINST SCHEDULED CASTES",0,0,0,0,0,0,0,0,0,0,0,0
405,UTTAR PRADESH,"PROTECTION OF CIVIL RIGHTS ACT,1955 FOR CRIMES COMMITTED AGAINST SCHEDULED CASTES",0,3,0,0,3,95,98,0,63,35,21,14
406,UTTARAKHAND,"PROTECTION OF CIVIL RIGHTS ACT,1955 FOR CRIMES COMMITTED AGAINST SCHEDULED CASTES",0,0,0,0,0,0,0,0,0,0,0,0
407,WEST BENGAL,"PROTECTION OF CIVIL RIGHTS ACT,1955 FOR CRIMES COMMITTED AGAINST SCHEDULED CASTES",0,0,0,0,0,0,0,0,0,0,0,0
408,TOTAL (STATES),"PROTECTION OF CIVIL RIGHTS ACT,1955 FOR CRIMES COMMITTED AGAINST SCHEDULED CASTES",38,93,0,42,89,2296,2385,2,2022,361,34,327
409,A & N ISLANDS,"PROTECTION OF CIVIL RIGHTS ACT,1955 FOR CRIMES COMMITTED AGAINST SCHEDULED CASTES",0,0,0,0,0,0,0,0,0,0,0,0
410,CHANDIGARH,"PROTECTION OF CIVIL RIGHTS ACT,1955 FOR CRIMES COMMITTED AGAINST SCHEDULED CASTES",0,0,0,0,0,0,0,0,0,0,0,0
411,D & N HAVELI,"PROTECTION OF CIVIL RIGHTS ACT,1955 FOR CRIMES COMMITTED AGAINST SCHEDULED CASTES",0,0,0,0,0,0,0,0,0,0,0,0
412,DAMAN & DIU,"PROTECTION OF CIVIL RIGHTS ACT,1955 FOR CRIMES COMMITTED AGAINST SCHEDULED CASTES",0,0,0,0,0,0,0,0,0,0,0,0
413,DELHI,"PROTECTION OF CIVIL RIGHTS ACT,1955 FOR CRIMES COMMITTED AGAINST SCHEDULED CASTES",0,0,0,0,0,40,40,0,40,0,0,0
414,LAKSHADWEEP,"PROTECTION OF CIVIL RIGHTS ACT,1955 FOR CRIMES COMMITTED AGAINST SCHEDULED CASTES",0,0,0,0,0,0,0,0,0,0,0,0
415,PUDUCHERRY,"PROTECTION OF CIVIL RIGHTS ACT,1955 FOR CRIMES COMMITTED AGAINST SCHEDULED CASTES",6,16,0,1,21,100,121,0,53,68,0,68
416,TOTAL (UTs),"PROTECTION OF CIVIL RIGHTS ACT,1955 FOR CRIMES COMMITTED AGAINST SCHEDULED CASTES",6,16,0,1,21,140,161,0,93,68,0,68
417,TOTAL (ALL-INDIA),"PROTECTION OF CIVIL RIGHTS ACT,1955 FOR CRIMES COMMITTED AGAINST SCHEDULED CASTES",44,109,0,43,110,2436,2546,2,2115,429,34,395
418,ANDHRA PRADESH,"PROTECTION OF CIVIL RIGHTS ACT,1955 FOR CRIMES COMMITTED AGAINST SCHEDULED TRIBES",2,0,2,0,0,13,13,0,0,13,0,13
419,ARUNACHAL PRADESH,"PROTECTION OF CIVIL RIGHTS ACT,1955 FOR CRIMES COMMITTED AGAINST SCHEDULED TRIBES",0,0,0,0,0,0,0,0,0,0,0,0
420,ASSAM,"PROTECTION OF CIVIL RIGHTS ACT,1955 FOR CRIMES COMMITTED AGAINST SCHEDULED TRIBES",0,0,0,0,0,0,0,0,0,0,0,0
421,BIHAR,"PROTECTION OF CIVIL RIGHTS ACT,1955 FOR CRIMES COMMITTED AGAINST SCHEDULED TRIBES",0,0,0,0,0,0,0,0,0,0,0,0
422,CHHATTISGARH,"PROTECTION OF CIVIL RIGHTS ACT,1955 FOR CRIMES COMMITTED AGAINST SCHEDULED TRIBES",0,0,0,0,0,0,0,0,0,0,0,0
423,GOA,"PROTECTION OF CIVIL RIGHTS ACT,1955 FOR CRIMES COMMITTED AGAINST SCHEDULED TRIBES",0,0,0,0,0,0,0,0,0,0,0,0
424,GUJARAT,"PROTECTION OF CIVIL RIGHTS ACT,1955 FOR CRIMES COMMITTED AGAINST SCHEDULED TRIBES",0,0,0,0,0,17,17,0,14,3,0,3
425,HARYANA,"PROTECTION OF CIVIL RIGHTS ACT,1955 FOR CRIMES COMMITTED AGAINST SCHEDULED TRIBES",0,0,0,0,0,0,0,0,0,0,0,0
426,HIMACHAL PRADESH,"PROTECTION OF CIVIL RIGHTS ACT,1955 FOR CRIMES COMMITTED AGAINST SCHEDULED TRIBES",0,0,0,0,0,0,0,0,0,0,0,0
427,JAMMU & KASHMIR,"PROTECTION OF CIVIL RIGHTS ACT,1955 FOR CRIMES COMMITTED AGAINST SCHEDULED TRIBES",0,0,0,0,0,0,0,0,0,0,0,0
428,JHARKHAND,"PROTECTION OF CIVIL RIGHTS ACT,1955 FOR CRIMES COMMITTED AGAINST SCHEDULED TRIBES",0,0,0,0,0,0,0,0,0,0,0,0
429,KARNATAKA,"PROTECTION OF CIVIL RIGHTS ACT,1955 FOR CRIMES COMMITTED AGAINST SCHEDULED TRIBES",0,0,0,0,0,0,0,0,0,0,0,0
430,KERALA,"PROTECTION OF CIVIL RIGHTS ACT,1955 FOR CRIMES COMMITTED AGAINST SCHEDULED TRIBES",0,0,0,0,0,0,0,0,0,0,0,0
431,MADHYA PRADESH,"PROTECTION OF CIVIL RIGHTS ACT,1955 FOR CRIMES COMMITTED AGAINST SCHEDULED TRIBES",0,0,0,0,0,0,0,0,0,0,0,0
432,MAHARASHTRA,"PROTECTION OF CIVIL RIGHTS ACT,1955 FOR CRIMES COMMITTED AGAINST SCHEDULED TRIBES",0,0,0,0,0,0,0,0,0,0,0,0
433,MANIPUR,"PROTECTION OF CIVIL RIGHTS ACT,1955 FOR CRIMES COMMITTED AGAINST SCHEDULED TRIBES",0,0,0,0,0,0,0,0,0,0,0,0
434,MEGHALAYA,"PROTECTION OF CIVIL RIGHTS ACT,1955 FOR CRIMES COMMITTED AGAINST SCHEDULED TRIBES",0,0,0,0,0,0,0,0,0,0,0,0
435,MIZORAM,"PROTECTION OF CIVIL RIGHTS ACT,1955 FOR CRIMES COMMITTED AGAINST SCHEDULED TRIBES",0,0,0,0,0,0,0,0,0,0,0,0
436,NAGALAND,"PROTECTION OF CIVIL RIGHTS ACT,1955 FOR CRIMES COMMITTED AGAINST SCHEDULED TRIBES",0,0,0,0,0,0,0,0,0,0,0,0
437,ODISHA,"PROTECTION OF CIVIL RIGHTS ACT,1955 FOR CRIMES COMMITTED AGAINST SCHEDULED TRIBES",0,0,0,0,0,0,0,0,0,0,0,0
438,PUNJAB,"PROTECTION OF CIVIL RIGHTS ACT,1955 FOR CRIMES COMMITTED AGAINST SCHEDULED TRIBES",0,0,0,0,0,0,0,0,0,0,0,0
439,RAJASTHAN,"PROTECTION OF CIVIL RIGHTS ACT,1955 FOR CRIMES COMMITTED AGAINST SCHEDULED TRIBES",0,0,0,0,0,0,0,0,0,0,0,0
440,SIKKIM,"PROTECTION OF CIVIL RIGHTS ACT,1955 FOR CRIMES COMMITTED AGAINST SCHEDULED TRIBES",0,0,0,0,0,1,1,0,1,0,0,0
441,TAMIL NADU,"PROTECTION OF CIVIL RIGHTS ACT,1955 FOR CRIMES COMMITTED AGAINST SCHEDULED TRIBES",0,0,0,0,0,0,0,0,0,0,0,0
442,TRIPURA,"PROTECTION OF CIVIL RIGHTS ACT,1955 FOR CRIMES COMMITTED AGAINST SCHEDULED TRIBES",0,0,0,0,0,0,0,0,0,0,0,0
443,UTTAR PRADESH,"PROTECTION OF CIVIL RIGHTS ACT,1955 FOR CRIMES COMMITTED AGAINST SCHEDULED TRIBES",0,0,0,0,0,0,0,0,0,0,0,0
444,UTTARAKHAND,"PROTECTION OF CIVIL RIGHTS ACT,1955 FOR CRIMES COMMITTED AGAINST SCHEDULED TRIBES",0,0,0,0,0,0,0,0,0,0,0,0
445,WEST BENGAL,"PROTECTION OF CIVIL RIGHTS ACT,1955 FOR CRIMES COMMITTED AGAINST SCHEDULED TRIBES",0,0,0,0,0,0,0,0,0,0,0,0
446,TOTAL (STATES),"PROTECTION OF CIVIL RIGHTS ACT,1955 FOR CRIMES COMMITTED AGAINST SCHEDULED TRIBES",2,0,2,0,0,31,31,0,15,16,0,16
447,A & N ISLANDS,"PROTECTION OF CIVIL RIGHTS ACT,1955 FOR CRIMES COMMITTED AGAINST SCHEDULED TRIBES",0,0,0,0,0,0,0,0,0,0,0,0
448,CHANDIGARH,"PROTECTION OF CIVIL RIGHTS ACT,1955 FOR CRIMES COMMITTED AGAINST SCHEDULED TRIBES",0,0,0,0,0,0,0,0,0,0,0,0
449,D & N HAVELI,"PROTECTION OF CIVIL RIGHTS ACT,1955 FOR CRIMES COMMITTED AGAINST SCHEDULED TRIBES",0,0,0,0,0,0,0,0,0,0,0,0
450,DAMAN & DIU,"PROTECTION OF CIVIL RIGHTS ACT,1955 FOR CRIMES COMMITTED AGAINST SCHEDULED TRIBES",0,0,0,0,0,0,0,0,0,0,0,0
451,DELHI,"PROTECTION OF CIVIL RIGHTS ACT,1955 FOR CRIMES COMMITTED AGAINST SCHEDULED TRIBES",0,0,0,0,0,0,0,0,0,0,0,0
452,LAKSHADWEEP,"PROTECTION OF CIVIL RIGHTS ACT,1955 FOR CRIMES COMMITTED AGAINST SCHEDULED TRIBES",0,0,0,0,0,0,0,0,0,0,0,0
453,PUDUCHERRY,"PROTECTION OF CIVIL RIGHTS ACT,1955 FOR CRIMES COMMITTED AGAINST SCHEDULED TRIBES",0,0,0,0,0,0,0,0,0,0,0,0
454,TOTAL (UTs),"PROTECTION OF CIVIL RIGHTS ACT,1955 FOR CRIMES COMMITTED AGAINST SCHEDULED TRIBES",0,0,0,0,0,0,0,0,0,0,0,0
455,TOTAL (ALL-INDIA),"PROTECTION OF CIVIL RIGHTS ACT,1955 FOR CRIMES COMMITTED AGAINST SCHEDULED TRIBES",2,0,2,0,0,31,31,0,15,16,0,16
456,ANDHRA PRADESH,"INDIAN PASSPORT ACT, 1967",1,30,0,13,18,508,526,0,250,276,17,259
457,ARUNACHAL PRADESH,"INDIAN PASSPORT ACT, 1967",0,0,0,0,0,2,2,0,2,0,0,0
458,ASSAM,"INDIAN PASSPORT ACT, 1967",13,1,1,12,1,42,43,0,35,8,0,8
459,BIHAR,"INDIAN PASSPORT ACT, 1967",5,0,0,0,5,25,30,0,25,5,0,5
460,CHHATTISGARH,"INDIAN PASSPORT ACT, 1967",0,1,0,0,1,0,1,0,1,0,0,0
461,GOA,"INDIAN PASSPORT ACT, 1967",0,0,0,0,0,0,0,0,0,0,0,0
462,GUJARAT,"INDIAN PASSPORT ACT, 1967",2,5,0,0,7,1189,1196,0,1160,36,19,17
463,HARYANA,"INDIAN PASSPORT ACT, 1967",1,0,0,0,1,11,12,0,11,1,1,0
464,HIMACHAL PRADESH,"INDIAN PASSPORT ACT, 1967",0,0,0,0,0,1,1,0,0,1,0,1
465,JAMMU & KASHMIR,"INDIAN PASSPORT ACT, 1967",0,0,0,0,0,29,29,0,29,0,0,0
466,JHARKHAND,"INDIAN PASSPORT ACT, 1967",0,0,0,0,0,1,1,0,1,0,0,0
467,KARNATAKA,"INDIAN PASSPORT ACT, 1967",17,59,0,38,38,356,394,0,358,36,27,9
468,KERALA,"INDIAN PASSPORT ACT, 1967",307,515,2,466,354,667,1021,0,984,37,14,23
469,MADHYA PRADESH,"INDIAN PASSPORT ACT, 1967",0,0,0,0,0,0,0,0,0,0,0,0
470,MAHARASHTRA,"INDIAN PASSPORT ACT, 1967",119,686,9,367,429,2087,2516,13,2208,295,293,2
471,MANIPUR,"INDIAN PASSPORT ACT, 1967",0,0,0,0,0,39,39,0,39,0,0,0
472,MEGHALAYA,"INDIAN PASSPORT ACT, 1967",1,9,3,0,7,7,14,0,14,0,0,0
473,MIZORAM,"INDIAN PASSPORT ACT, 1967",0,21,0,0,21,15,36,0,0,36,36,0
474,NAGALAND,"INDIAN PASSPORT ACT, 1967",0,0,0,0,0,0,0,0,0,0,0,0
475,ODISHA,"INDIAN PASSPORT ACT, 1967",0,0,0,0,0,0,0,0,0,0,0,0
476,PUNJAB,"INDIAN PASSPORT ACT, 1967",39,34,0,46,27,181,208,0,177,31,24,7
477,RAJASTHAN,"INDIAN PASSPORT ACT, 1967",0,3,2,0,1,36,37,0,32,5,2,3
478,SIKKIM,"INDIAN PASSPORT ACT, 1967",0,0,0,0,0,0,0,0,0,0,0,0
479,TAMIL NADU,"INDIAN PASSPORT ACT, 1967",505,209,0,527,187,1148,1335,0,1240,95,21,74
480,TRIPURA,"INDIAN PASSPORT ACT, 1967",2,122,0,0,124,22,146,0,18,128,62,66
481,UTTAR PRADESH,"INDIAN PASSPORT ACT, 1967",7,12,0,4,15,76,91,0,83,8,7,1
482,UTTARAKHAND,"INDIAN PASSPORT ACT, 1967",0,0,0,0,0,5,5,0,0,5,5,0
483,WEST BENGAL,"INDIAN PASSPORT ACT, 1967",136,98,4,76,154,559,713,3,675,35,11,24
484,TOTAL (STATES),"INDIAN PASSPORT ACT, 1967",1155,1805,21,1549,1390,7006,8396,16,7342,1038,539,499
485,A & N ISLANDS,"INDIAN PASSPORT ACT, 1967",0,0,0,0,0,0,0,0,0,0,0,0
486,CHANDIGARH,"INDIAN PASSPORT ACT, 1967",0,0,0,0,0,0,0,0,0,0,0,0
487,D & N HAVELI,"INDIAN PASSPORT ACT, 1967",0,0,0,0,0,0,0,0,0,0,0,0
488,DAMAN & DIU,"INDIAN PASSPORT ACT, 1967",0,0,0,0,0,0,0,0,0,0,0,0
489,DELHI,"INDIAN PASSPORT ACT, 1967",5,3,0,2,6,99,105,0,34,71,58,13
490,LAKSHADWEEP,"INDIAN PASSPORT ACT, 1967",0,0,0,0,0,0,0,0,0,0,0,0
491,PUDUCHERRY,"INDIAN PASSPORT ACT, 1967",0,2,0,2,0,7,7,0,1,6,6,0
492,TOTAL (UTs),"INDIAN PASSPORT ACT, 1967",5,5,0,4,6,106,112,0,35,77,64,13
493,TOTAL (ALL-INDIA),"INDIAN PASSPORT ACT, 1967",1160,1810,21,1553,1396,7112,8508,16,7377,1115,603,512
494,ANDHRA PRADESH,"ESSENTIAL COMMODITIES ACT, 1955",98,230,0,121,207,361,568,0,354,214,25,189
495,ARUNACHAL PRADESH,"ESSENTIAL COMMODITIES ACT, 1955",0,0,0,0,0,9,9,0,9,0,0,0
496,ASSAM,"ESSENTIAL COMMODITIES ACT, 1955",127,27,10,116,28,213,241,0,198,43,1,42
497,BIHAR,"ESSENTIAL COMMODITIES ACT, 1955",906,1009,4,859,1052,3920,4972,1,4462,509,55,454
498,CHHATTISGARH,"ESSENTIAL COMMODITIES ACT, 1955",30,142,0,41,131,721,852,55,639,158,57,101
499,GOA,"ESSENTIAL COMMODITIES ACT, 1955",1,1,0,1,1,10,11,0,11,0,0,0
500,GUJARAT,"ESSENTIAL COMMODITIES ACT, 1955",38,251,0,38,251,4118,4369,1,4165,203,24,179
501,HARYANA,"ESSENTIAL COMMODITIES ACT, 1955",84,281,0,50,315,1801,2116,0,1637,479,101,378
502,HIMACHAL PRADESH,"ESSENTIAL COMMODITIES ACT, 1955",17,46,0,23,40,318,358,0,337,21,3,18
503,JAMMU & KASHMIR,"ESSENTIAL COMMODITIES ACT, 1955",0,452,0,3,449,6004,6453,10,4963,1480,1041,439
504,JHARKHAND,"ESSENTIAL COMMODITIES ACT, 1955",98,173,0,116,155,302,457,1,271,185,69,116
505,KARNATAKA,"ESSENTIAL COMMODITIES ACT, 1955",183,461,23,172,449,2559,3008,0,2509,499,36,463
506,KERALA,"ESSENTIAL COMMODITIES ACT, 1955",66,275,0,80,261,1278,1539,4,1380,155,65,90
507,MADHYA PRADESH,"ESSENTIAL COMMODITIES ACT, 1955",19,394,0,6,407,2062,2469,2,1864,603,166,437
508,MAHARASHTRA,"ESSENTIAL COMMODITIES ACT, 1955",1733,2408,6,1240,2895,31201,34096,90,31679,2327,48,2279
509,MANIPUR,"ESSENTIAL COMMODITIES ACT, 1955",7,8,4,9,2,0,2,0,2,0,0,0
510,MEGHALAYA,"ESSENTIAL COMMODITIES ACT, 1955",3,9,2,0,10,4,14,0,13,1,1,0
511,MIZORAM,"ESSENTIAL COMMODITIES ACT, 1955",1,0,0,1,0,7,7,0,0,7,7,0
512,NAGALAND,"ESSENTIAL COMMODITIES ACT, 1955",3,0,0,0,3,8,11,0,2,9,9,0
513,ODISHA,"ESSENTIAL COMMODITIES ACT, 1955",13,176,0,18,171,1268,1439,0,1333,106,19,87
514,PUNJAB,"ESSENTIAL COMMODITIES ACT, 1955",241,168,2,264,143,714,857,2,678,177,40,137
515,RAJASTHAN,"ESSENTIAL COMMODITIES ACT, 1955",5,300,0,5,300,2733,3033,2,2739,292,145,147
516,SIKKIM,"ESSENTIAL COMMODITIES ACT, 1955",0,1,0,0,1,0,1,0,0,1,0,1
517,TAMIL NADU,"ESSENTIAL COMMODITIES ACT, 1955",137,126,7,165,91,293,384,0,210,174,120,54
518,TRIPURA,"ESSENTIAL COMMODITIES ACT, 1955",31,84,14,14,87,26,113,0,7,106,0,106
519,UTTAR PRADESH,"ESSENTIAL COMMODITIES ACT, 1955",1018,2541,294,970,2295,6282,8577,0,7284,1293,764,529
520,UTTARAKHAND,"ESSENTIAL COMMODITIES ACT, 1955",6,82,0,6,82,278,360,0,282,78,56,22
521,WEST BENGAL,"ESSENTIAL COMMODITIES ACT, 1955",469,279,30,468,250,3378,3628,0,3504,124,14,110
522,TOTAL (STATES),"ESSENTIAL COMMODITIES ACT, 1955",5334,9924,396,4786,10076,69868,79944,168,70532,9244,2866,6378
523,A & N ISLANDS,"ESSENTIAL COMMODITIES ACT, 1955",14,1,0,15,0,31,31,0,31,0,0,0
524,CHANDIGARH,"ESSENTIAL COMMODITIES ACT, 1955",2,16,0,13,5,65,70,0,68,2,1,1
525,D & N HAVELI,"ESSENTIAL COMMODITIES ACT, 1955",15,11,0,9,17,11,28,0,28,0,0,0
526,DAMAN & DIU,"ESSENTIAL COMMODITIES ACT, 1955",0,2,0,2,0,0,0,0,0,0,0,0
527,DELHI,"ESSENTIAL COMMODITIES ACT, 1955",8,20,0,7,21,832,853,0,830,23,14,9
528,LAKSHADWEEP,"ESSENTIAL COMMODITIES ACT, 1955",0,0,0,0,0,0,0,0,0,0,0,0
529,PUDUCHERRY,"ESSENTIAL COMMODITIES ACT, 1955",18,49,0,25,42,82,124,0,90,34,34,0
530,TOTAL (UTs),"ESSENTIAL COMMODITIES ACT, 1955",57,99,0,71,85,1021,1106,0,1047,59,49,10
531,TOTAL (ALL-INDIA),"ESSENTIAL COMMODITIES ACT, 1955",5391,10023,396,4857,10161,70889,81050,168,71579,9303,2915,6388
532,ANDHRA PRADESH,"TERRORIST AND DISRUPTIVE ACTIVITIES ACT, 1987",0,0,0,0,0,0,0,0,0,0,0,0
533,ARUNACHAL PRADESH,"TERRORIST AND DISRUPTIVE ACTIVITIES ACT, 1987",0,0,0,0,0,38,38,0,38,0,0,0
534,ASSAM,"TERRORIST AND DISRUPTIVE ACTIVITIES ACT, 1987",728,0,238,488,2,3592,3594,0,3077,517,0,517
535,BIHAR,"TERRORIST AND DISRUPTIVE ACTIVITIES ACT, 1987",0,0,0,0,0,0,0,0,0,0,0,0
536,CHHATTISGARH,"TERRORIST AND DISRUPTIVE ACTIVITIES ACT, 1987",0,0,0,0,0,0,0,0,0,0,0,0
537,GOA,"TERRORIST AND DISRUPTIVE ACTIVITIES ACT, 1987",0,0,0,0,0,0,0,0,0,0,0,0
538,GUJARAT,"TERRORIST AND DISRUPTIVE ACTIVITIES ACT, 1987",0,0,0,0,0,82,82,0,82,0,0,0
539,HARYANA,"TERRORIST AND DISRUPTIVE ACTIVITIES ACT, 1987",0,0,0,0,0,0,0,0,0,0,0,0
540,HIMACHAL PRADESH,"TERRORIST AND DISRUPTIVE ACTIVITIES ACT, 1987",0,0,0,0,0,0,0,0,0,0,0,0
541,JAMMU & KASHMIR,"TERRORIST AND DISRUPTIVE ACTIVITIES ACT, 1987",0,0,0,0,0,1386,1386,0,1380,6,0,6
542,JHARKHAND,"TERRORIST AND DISRUPTIVE ACTIVITIES ACT, 1987",0,0,0,0,0,0,0,0,0,0,0,0
543,KARNATAKA,"TERRORIST AND DISRUPTIVE ACTIVITIES ACT, 1987",0,0,0,0,0,0,0,0,0,0,0,0
544,KERALA,"TERRORIST AND DISRUPTIVE ACTIVITIES ACT, 1987",0,0,0,0,0,0,0,0,0,0,0,0
545,MADHYA PRADESH,"TERRORIST AND DISRUPTIVE ACTIVITIES ACT, 1987",0,0,0,0,0,0,0,0,0,0,0,0
546,MAHARASHTRA,"TERRORIST AND DISRUPTIVE ACTIVITIES ACT, 1987",0,0,0,0,0,1,1,0,1,0,0,0
547,MANIPUR,"TERRORIST AND DISRUPTIVE ACTIVITIES ACT, 1987",0,0,0,0,0,71,71,0,71,0,0,0
548,MEGHALAYA,"TERRORIST AND DISRUPTIVE ACTIVITIES ACT, 1987",0,0,0,0,0,0,0,0,0,0,0,0
549,MIZORAM,"TERRORIST AND DISRUPTIVE ACTIVITIES ACT, 1987",0,0,0,0,0,0,0,0,0,0,0,0
550,NAGALAND,"TERRORIST AND DISRUPTIVE ACTIVITIES ACT, 1987",0,0,0,0,0,0,0,0,0,0,0,0
551,ODISHA,"TERRORIST AND DISRUPTIVE ACTIVITIES ACT, 1987",0,0,0,0,0,0,0,0,0,0,0,0
552,PUNJAB,"TERRORIST AND DISRUPTIVE ACTIVITIES ACT, 1987",0,0,0,0,0,0,0,0,0,0,0,0
553,RAJASTHAN,"TERRORIST AND DISRUPTIVE ACTIVITIES ACT, 1987",0,0,0,0,0,20,20,0,19,1,0,1
554,SIKKIM,"TERRORIST AND DISRUPTIVE ACTIVITIES ACT, 1987",0,0,0,0,0,0,0,0,0,0,0,0
555,TAMIL NADU,"TERRORIST AND DISRUPTIVE ACTIVITIES ACT, 1987",0,0,0,0,0,0,0,0,0,0,0,0
556,TRIPURA,"TERRORIST AND DISRUPTIVE ACTIVITIES ACT, 1987",0,0,0,0,0,0,0,0,0,0,0,0
557,UTTAR PRADESH,"TERRORIST AND DISRUPTIVE ACTIVITIES ACT, 1987",0,0,0,0,0,0,0,0,0,0,0,0
558,UTTARAKHAND,"TERRORIST AND DISRUPTIVE ACTIVITIES ACT, 1987",0,0,0,0,0,0,0,0,0,0,0,0
559,WEST BENGAL,"TERRORIST AND DISRUPTIVE ACTIVITIES ACT, 1987",0,0,0,0,0,0,0,0,0,0,0,0
560,TOTAL (STATES),"TERRORIST AND DISRUPTIVE ACTIVITIES ACT, 1987",728,0,238,488,2,5190,5192,0,4668,524,0,524
561,A & N ISLANDS,"TERRORIST AND DISRUPTIVE ACTIVITIES ACT, 1987",0,0,0,0,0,0,0,0,0,0,0,0
562,CHANDIGARH,"TERRORIST AND DISRUPTIVE ACTIVITIES ACT, 1987",0,0,0,0,0,0,0,0,0,0,0,0
563,D & N HAVELI,"TERRORIST AND DISRUPTIVE ACTIVITIES ACT, 1987",0,0,0,0,0,0,0,0,0,0,0,0
564,DAMAN & DIU,"TERRORIST AND DISRUPTIVE ACTIVITIES ACT, 1987",0,0,0,0,0,0,0,0,0,0,0,0
565,DELHI,"TERRORIST AND DISRUPTIVE ACTIVITIES ACT, 1987",0,0,0,0,0,107,107,0,107,0,0,0
566,LAKSHADWEEP,"TERRORIST AND DISRUPTIVE ACTIVITIES ACT, 1987",0,0,0,0,0,0,0,0,0,0,0,0
567,PUDUCHERRY,"TERRORIST AND DISRUPTIVE ACTIVITIES ACT, 1987",0,0,0,0,0,0,0,0,0,0,0,0
568,TOTAL (UTs),"TERRORIST AND DISRUPTIVE ACTIVITIES ACT, 1987",0,0,0,0,0,107,107,0,107,0,0,0
569,TOTAL (ALL-INDIA),"TERRORIST AND DISRUPTIVE ACTIVITIES ACT, 1987",728,0,238,488,2,5297,5299,0,4775,524,0,524
570,ANDHRA PRADESH,"ANTIQUITIES AND ART REASURES ACT, 1972",33,53,1,11,74,85,159,0,123,36,1,35
571,ARUNACHAL PRADESH,"ANTIQUITIES AND ART REASURES ACT, 1972",0,0,0,0,0,0,0,0,0,0,0,0
572,ASSAM,"ANTIQUITIES AND ART REASURES ACT, 1972",0,0,0,0,0,1,1,0,0,1,0,1
573,BIHAR,"ANTIQUITIES AND ART REASURES ACT, 1972",7,2,0,4,5,36,41,0,18,23,0,23
574,CHHATTISGARH,"ANTIQUITIES AND ART REASURES ACT, 1972",0,0,0,0,0,0,0,0,0,0,0,0
575,GOA,"ANTIQUITIES AND ART REASURES ACT, 1972",0,0,0,0,0,0,0,0,0,0,0,0
576,GUJARAT,"ANTIQUITIES AND ART REASURES ACT, 1972",1,0,0,0,1,3,4,0,2,2,0,2
577,HARYANA,"ANTIQUITIES AND ART REASURES ACT, 1972",0,0,0,0,0,2,2,0,0,2,0,2
578,HIMACHAL PRADESH,"ANTIQUITIES AND ART REASURES ACT, 1972",0,0,0,0,0,1,1,0,1,0,0,0
579,JAMMU & KASHMIR,"ANTIQUITIES AND ART REASURES ACT, 1972",0,0,0,0,0,0,0,0,0,0,0,0
580,JHARKHAND,"ANTIQUITIES AND ART REASURES ACT, 1972",0,0,0,0,0,0,0,0,0,0,0,0
581,KARNATAKA,"ANTIQUITIES AND ART REASURES ACT, 1972",6,10,0,4,12,29,41,0,35,6,0,6
582,KERALA,"ANTIQUITIES AND ART REASURES ACT, 1972",2,0,0,2,0,0,0,0,0,0,0,0
583,MADHYA PRADESH,"ANTIQUITIES AND ART REASURES ACT, 1972",0,0,0,0,0,0,0,0,0,0,0,0
584,MAHARASHTRA,"ANTIQUITIES AND ART REASURES ACT, 1972",2,7,0,3,6,41,47,0,47,0,0,0
585,MANIPUR,"ANTIQUITIES AND ART REASURES ACT, 1972",0,0,0,0,0,0,0,0,0,0,0,0
586,MEGHALAYA,"ANTIQUITIES AND ART REASURES ACT, 1972",0,0,0,0,0,0,0,0,0,0,0,0
587,MIZORAM,"ANTIQUITIES AND ART REASURES ACT, 1972",0,0,0,0,0,0,0,0,0,0,0,0
588,NAGALAND,"ANTIQUITIES AND ART REASURES ACT, 1972",0,0,0,0,0,0,0,0,0,0,0,0
589,ODISHA,"ANTIQUITIES AND ART REASURES ACT, 1972",0,1,0,0,1,3,4,0,4,0,0,0
590,PUNJAB,"ANTIQUITIES AND ART REASURES ACT, 1972",0,0,0,0,0,13,13,0,13,0,0,0
591,RAJASTHAN,"ANTIQUITIES AND ART REASURES ACT, 1972",0,0,0,0,0,2,2,0,0,2,0,2
592,SIKKIM,"ANTIQUITIES AND ART REASURES ACT, 1972",0,0,0,0,0,0,0,0,0,0,0,0
593,TAMIL NADU,"ANTIQUITIES AND ART REASURES ACT, 1972",0,0,0,0,0,0,0,0,0,0,0,0
594,TRIPURA,"ANTIQUITIES AND ART REASURES ACT, 1972",0,0,0,0,0,0,0,0,0,0,0,0
595,UTTAR PRADESH,"ANTIQUITIES AND ART REASURES ACT, 1972",0,5,0,1,4,57,61,0,60,1,1,0
596,UTTARAKHAND,"ANTIQUITIES AND ART REASURES ACT, 1972",0,0,0,0,0,0,0,0,0,0,0,0
597,WEST BENGAL,"ANTIQUITIES AND ART REASURES ACT, 1972",6,0,0,6,0,47,47,0,47,0,0,0
598,TOTAL (STATES),"ANTIQUITIES AND ART REASURES ACT, 1972",57,78,1,31,103,320,423,0,350,73,2,71
599,A & N ISLANDS,"ANTIQUITIES AND ART REASURES ACT, 1972",0,0,0,0,0,0,0,0,0,0,0,0
600,CHANDIGARH,"ANTIQUITIES AND ART REASURES ACT, 1972",0,0,0,0,0,0,0,0,0,0,0,0
601,D & N HAVELI,"ANTIQUITIES AND ART REASURES ACT, 1972",0,0,0,0,0,0,0,0,0,0,0,0
602,DAMAN & DIU,"ANTIQUITIES AND ART REASURES ACT, 1972",0,0,0,0,0,0,0,0,0,0,0,0
603,DELHI,"ANTIQUITIES AND ART REASURES ACT, 1972",3,3,0,0,6,36,42,0,42,0,0,0
604,LAKSHADWEEP,"ANTIQUITIES AND ART REASURES ACT, 1972",0,0,0,0,0,0,0,0,0,0,0,0
605,PUDUCHERRY,"ANTIQUITIES AND ART REASURES ACT, 1972",0,0,0,0,0,0,0,0,0,0,0,0
606,TOTAL (UTs),"ANTIQUITIES AND ART REASURES ACT, 1972",3,3,0,0,6,36,42,0,42,0,0,0
607,TOTAL (ALL-INDIA),"ANTIQUITIES AND ART REASURES ACT, 1972",60,81,1,31,109,356,465,0,392,73,2,71
608,ANDHRA PRADESH,"DOWRY PROHIBITION ACT, 1961",1099,2780,25,1020,2834,2668,5502,537,3711,1254,81,1173
609,ARUNACHAL PRADESH,"DOWRY PROHIBITION ACT, 1961",0,0,0,0,0,0,0,0,0,0,0,0
610,ASSAM,"DOWRY PROHIBITION ACT, 1961",141,63,4,167,33,258,291,0,280,11,2,9
611,BIHAR,"DOWRY PROHIBITION ACT, 1961",2521,2778,33,2498,2768,12265,15033,344,13199,1490,313,1177
612,CHHATTISGARH,"DOWRY PROHIBITION ACT, 1961",0,40,0,0,40,66,106,0,86,20,10,10
613,GOA,"DOWRY PROHIBITION ACT, 1961",0,0,0,0,0,0,0,0,0,0,0,0
614,GUJARAT,"DOWRY PROHIBITION ACT, 1961",16,0,0,0,16,84,100,0,78,22,0,22
615,HARYANA,"DOWRY PROHIBITION ACT, 1961",2,8,0,0,10,63,73,0,43,30,17,13
616,HIMACHAL PRADESH,"DOWRY PROHIBITION ACT, 1961",0,0,0,0,0,46,46,0,46,0,0,0
617,JAMMU & KASHMIR,"DOWRY PROHIBITION ACT, 1961",0,1,0,0,1,22,23,0,23,0,0,0
618,JHARKHAND,"DOWRY PROHIBITION ACT, 1961",543,1689,0,866,1366,2444,3810,50,2721,1039,207,832
619,KARNATAKA,"DOWRY PROHIBITION ACT, 1961",406,2578,50,516,2418,5169,7587,67,6268,1252,65,1187
620,KERALA,"DOWRY PROHIBITION ACT, 1961",3,6,0,2,7,22,29,0,29,0,0,0
621,MADHYA PRADESH,"DOWRY PROHIBITION ACT, 1961",0,321,0,0,321,667,988,4,898,86,38,48
622,MAHARASHTRA,"DOWRY PROHIBITION ACT, 1961",9,106,0,17,98,959,1057,0,905,152,9,143
623,MANIPUR,"DOWRY PROHIBITION ACT, 1961",0,0,0,0,0,0,0,0,0,0,0,0
624,MEGHALAYA,"DOWRY PROHIBITION ACT, 1961",0,0,0,0,0,0,0,0,0,0,0,0
625,MIZORAM,"DOWRY PROHIBITION ACT, 1961",0,0,0,0,0,0,0,0,0,0,0,0
626,NAGALAND,"DOWRY PROHIBITION ACT, 1961",0,0,0,0,0,0,0,0,0,0,0,0
627,ODISHA,"DOWRY PROHIBITION ACT, 1961",186,2049,0,154,2081,7313,9394,0,7979,1415,171,1244
628,PUNJAB,"DOWRY PROHIBITION ACT, 1961",9,0,0,8,1,33,34,0,34,0,0,0
629,RAJASTHAN,"DOWRY PROHIBITION ACT, 1961",0,50,0,0,50,7,57,0,53,4,4,0
630,SIKKIM,"DOWRY PROHIBITION ACT, 1961",0,0,0,0,0,0,0,0,0,0,0,0
631,TAMIL NADU,"DOWRY PROHIBITION ACT, 1961",143,569,1,185,526,1405,1931,0,1300,631,386,245
632,TRIPURA,"DOWRY PROHIBITION ACT, 1961",0,0,0,0,0,3,3,0,0,3,0,3
633,UTTAR PRADESH,"DOWRY PROHIBITION ACT, 1961",59,2244,490,898,915,1857,2772,4,2391,377,216,161
634,UTTARAKHAND,"DOWRY PROHIBITION ACT, 1961",0,0,0,0,0,11,11,0,9,2,0,2
635,WEST BENGAL,"DOWRY PROHIBITION ACT, 1961",69,466,4,87,444,215,659,0,485,174,15,159
636,TOTAL (STATES),"DOWRY PROHIBITION ACT, 1961",5206,15748,607,6418,13929,35577,49506,1006,40538,7962,1534,6428
637,A & N ISLANDS,"DOWRY PROHIBITION ACT, 1961",0,0,0,0,0,4,4,0,4,0,0,0
638,CHANDIGARH,"DOWRY PROHIBITION ACT, 1961",1,0,0,1,0,0,0,0,0,0,0,0
639,D & N HAVELI,"DOWRY PROHIBITION ACT, 1961",0,0,0,0,0,1,1,0,1,0,0,0
640,DAMAN & DIU,"DOWRY PROHIBITION ACT, 1961",0,0,0,0,0,0,0,0,0,0,0,0
641,DELHI,"DOWRY PROHIBITION ACT, 1961",4,11,0,12,3,101,104,0,96,8,7,1
642,LAKSHADWEEP,"DOWRY PROHIBITION ACT, 1961",0,0,0,0,0,0,0,0,0,0,0,0
643,PUDUCHERRY,"DOWRY PROHIBITION ACT, 1961",22,27,0,27,22,83,105,0,98,7,0,7
644,TOTAL (UTs),"DOWRY PROHIBITION ACT, 1961",27,38,0,40,25,189,214,0,199,15,7,8
645,TOTAL (ALL-INDIA),"DOWRY PROHIBITION ACT, 1961",5233,15786,607,6458,13954,35766,49720,1006,40737,7977,1541,6436
646,ANDHRA PRADESH,PROHIBITION OF CHILD MARRIAGE ACT,37,61,0,30,68,19,87,0,63,24,4,20
647,ARUNACHAL PRADESH,PROHIBITION OF CHILD MARRIAGE ACT,0,0,0,0,0,0,0,0,0,0,0,0
648,ASSAM,PROHIBITION OF CHILD MARRIAGE ACT,0,0,0,0,0,3,3,0,2,1,0,1
649,BIHAR,PROHIBITION OF CHILD MARRIAGE ACT,3,17,3,12,5,18,23,0,14,9,0,9
650,CHHATTISGARH,PROHIBITION OF CHILD MARRIAGE ACT,0,2,0,0,2,22,24,0,24,0,0,0
651,GOA,PROHIBITION OF CHILD MARRIAGE ACT,0,0,0,0,0,4,4,0,4,0,0,0
652,GUJARAT,PROHIBITION OF CHILD MARRIAGE ACT,4,72,0,0,76,567,643,0,610,33,9,24
653,HARYANA,PROHIBITION OF CHILD MARRIAGE ACT,0,9,0,0,9,3,12,0,11,1,1,0
654,HIMACHAL PRADESH,PROHIBITION OF CHILD MARRIAGE ACT,0,0,0,0,0,21,21,0,21,0,0,0
655,JAMMU & KASHMIR,PROHIBITION OF CHILD MARRIAGE ACT,0,0,0,0,0,0,0,0,0,0,0,0
656,JHARKHAND,PROHIBITION OF CHILD MARRIAGE ACT,0,0,0,0,0,0,0,0,0,0,0,0
657,KARNATAKA,PROHIBITION OF CHILD MARRIAGE ACT,3,57,0,3,57,19,76,0,56,20,0,20
658,KERALA,PROHIBITION OF CHILD MARRIAGE ACT,0,6,0,0,6,18,24,0,19,5,0,5
659,MADHYA PRADESH,PROHIBITION OF CHILD MARRIAGE ACT,0,15,0,0,15,40,55,0,55,0,0,0
660,MAHARASHTRA,PROHIBITION OF CHILD MARRIAGE ACT,30,13,0,0,43,527,570,12,541,17,0,17
661,MANIPUR,PROHIBITION OF CHILD MARRIAGE ACT,0,0,0,0,0,0,0,0,0,0,0,0
662,MEGHALAYA,PROHIBITION OF CHILD MARRIAGE ACT,2,0,0,2,0,0,0,0,0,0,0,0
663,MIZORAM,PROHIBITION OF CHILD MARRIAGE ACT,0,0,0,0,0,0,0,0,0,0,0,0
664,NAGALAND,PROHIBITION OF CHILD MARRIAGE ACT,0,0,0,0,0,0,0,0,0,0,0,0
665,ODISHA,PROHIBITION OF CHILD MARRIAGE ACT,0,2,0,0,2,4,6,0,6,0,0,0
666,PUNJAB,PROHIBITION OF CHILD MARRIAGE ACT,1,0,0,1,0,21,21,0,14,7,0,7
667,RAJASTHAN,PROHIBITION OF CHILD MARRIAGE ACT,0,31,0,0,31,65,96,0,67,29,23,6
668,SIKKIM,PROHIBITION OF CHILD MARRIAGE ACT,0,0,0,0,0,0,0,0,0,0,0,0
669,TAMIL NADU,PROHIBITION OF CHILD MARRIAGE ACT,0,0,0,0,0,0,0,0,0,0,0,0
670,TRIPURA,PROHIBITION OF CHILD MARRIAGE ACT,0,0,0,0,0,1,1,0,1,0,0,0
671,UTTAR PRADESH,PROHIBITION OF CHILD MARRIAGE ACT,0,17,3,5,9,25,34,0,23,11,3,8
672,UTTARAKHAND,PROHIBITION OF CHILD MARRIAGE ACT,0,0,0,0,0,0,0,0,0,0,0,0
673,WEST BENGAL,PROHIBITION OF CHILD MARRIAGE ACT,16,88,3,43,58,44,102,0,97,5,0,5
674,TOTAL (STATES),PROHIBITION OF CHILD MARRIAGE ACT,96,390,9,96,381,1421,1802,12,1628,162,40,122
675,A & N ISLANDS,PROHIBITION OF CHILD MARRIAGE ACT,0,0,0,0,0,20,20,0,20,0,0,0
676,CHANDIGARH,PROHIBITION OF CHILD MARRIAGE ACT,0,0,0,0,0,8,8,0,8,0,0,0
677,D & N HAVELI,PROHIBITION OF CHILD MARRIAGE ACT,0,0,0,0,0,0,0,0,0,0,0,0
678,DAMAN & DIU,PROHIBITION OF CHILD MARRIAGE ACT,0,0,0,0,0,0,0,0,0,0,0,0
679,DELHI,PROHIBITION OF CHILD MARRIAGE ACT,0,3,0,3,0,4,4,0,4,0,0,0
680,LAKSHADWEEP,PROHIBITION OF CHILD MARRIAGE ACT,0,0,0,0,0,0,0,0,0,0,0,0
681,PUDUCHERRY,PROHIBITION OF CHILD MARRIAGE ACT,0,4,0,4,0,9,9,0,9,0,0,0
682,TOTAL (UTs),PROHIBITION OF CHILD MARRIAGE ACT,0,7,0,7,0,41,41,0,41,0,0,0
683,TOTAL (ALL-INDIA),PROHIBITION OF CHILD MARRIAGE ACT,96,397,9,103,381,1462,1843,12,1669,162,40,122
684,ANDHRA PRADESH,"INDECENT REPRESENTATION OF WOMEN (PROHIBITION) ACT, 1986",19,26,0,6,39,40,79,0,35,44,18,26
685,ARUNACHAL PRADESH,"INDECENT REPRESENTATION OF WOMEN (PROHIBITION) ACT, 1986",0,0,0,0,0,0,0,0,0,0,0,0
686,ASSAM,"INDECENT REPRESENTATION OF WOMEN (PROHIBITION) ACT, 1986",0,3,0,1,2,1,3,0,3,0,0,0
687,BIHAR,"INDECENT REPRESENTATION OF WOMEN (PROHIBITION) ACT, 1986",0,7,5,0,2,53,55,0,43,12,0,12
688,CHHATTISGARH,"INDECENT REPRESENTATION OF WOMEN (PROHIBITION) ACT, 1986",0,1,0,0,1,1,2,0,2,0,0,0
689,GOA,"INDECENT REPRESENTATION OF WOMEN (PROHIBITION) ACT, 1986",0,0,0,0,0,0,0,0,0,0,0,0
690,GUJARAT,"INDECENT REPRESENTATION OF WOMEN (PROHIBITION) ACT, 1986",0,0,0,0,0,93,93,0,84,9,4,5
691,HARYANA,"INDECENT REPRESENTATION OF WOMEN (PROHIBITION) ACT, 1986",0,10,0,0,10,0,10,0,10,0,0,0
692,HIMACHAL PRADESH,"INDECENT REPRESENTATION OF WOMEN (PROHIBITION) ACT, 1986",0,0,0,0,0,0,0,0,0,0,0,0
693,JAMMU & KASHMIR,"INDECENT REPRESENTATION OF WOMEN (PROHIBITION) ACT, 1986",0,0,0,0,0,2,2,0,2,0,0,0
694,JHARKHAND,"INDECENT REPRESENTATION OF WOMEN (PROHIBITION) ACT, 1986",17,0,0,17,0,3,3,0,3,0,0,0
695,KARNATAKA,"INDECENT REPRESENTATION OF WOMEN (PROHIBITION) ACT, 1986",0,0,0,0,0,0,0,0,0,0,0,0
696,KERALA,"INDECENT REPRESENTATION OF WOMEN (PROHIBITION) ACT, 1986",6,9,0,4,11,101,112,0,88,24,6,18
697,MADHYA PRADESH,"INDECENT REPRESENTATION OF WOMEN (PROHIBITION) ACT, 1986",0,0,0,0,0,0,0,0,0,0,0,0
698,MAHARASHTRA,"INDECENT REPRESENTATION OF WOMEN (PROHIBITION) ACT, 1986",0,2,0,0,2,433,435,0,433,2,0,2
699,MANIPUR,"INDECENT REPRESENTATION OF WOMEN (PROHIBITION) ACT, 1986",0,0,0,0,0,0,0,0,0,0,0,0
700,MEGHALAYA,"INDECENT REPRESENTATION OF WOMEN (PROHIBITION) ACT, 1986",0,0,0,0,0,0,0,0,0,0,0,0
701,MIZORAM,"INDECENT REPRESENTATION OF WOMEN (PROHIBITION) ACT, 1986",0,0,0,0,0,0,0,0,0,0,0,0
702,NAGALAND,"INDECENT REPRESENTATION OF WOMEN (PROHIBITION) ACT, 1986",0,0,0,0,0,0,0,0,0,0,0,0
703,ODISHA,"INDECENT REPRESENTATION OF WOMEN (PROHIBITION) ACT, 1986",0,1,0,0,1,0,1,0,1,0,0,0
704,PUNJAB,"INDECENT REPRESENTATION OF WOMEN (PROHIBITION) ACT, 1986",0,0,0,0,0,8,8,0,8,0,0,0
705,RAJASTHAN,"INDECENT REPRESENTATION OF WOMEN (PROHIBITION) ACT, 1986",0,66,0,0,66,625,691,0,603,88,67,21
706,SIKKIM,"INDECENT REPRESENTATION OF WOMEN (PROHIBITION) ACT, 1986",0,0,0,0,0,0,0,0,0,0,0,0
707,TAMIL NADU,"INDECENT REPRESENTATION OF WOMEN (PROHIBITION) ACT, 1986",7,40,0,19,28,12,40,0,22,18,10,8
708,TRIPURA,"INDECENT REPRESENTATION OF WOMEN (PROHIBITION) ACT, 1986",0,0,0,0,0,0,0,0,0,0,0,0
709,UTTAR PRADESH,"INDECENT REPRESENTATION OF WOMEN (PROHIBITION) ACT, 1986",1,0,1,0,0,6,6,0,3,3,3,0
710,UTTARAKHAND,"INDECENT REPRESENTATION OF WOMEN (PROHIBITION) ACT, 1986",0,0,0,0,0,0,0,0,0,0,0,0
711,WEST BENGAL,"INDECENT REPRESENTATION OF WOMEN (PROHIBITION) ACT, 1986",6,10,1,3,12,19,31,0,26,5,0,5
712,TOTAL (STATES),"INDECENT REPRESENTATION OF WOMEN (PROHIBITION) ACT, 1986",56,175,7,50,174,1397,1571,0,1366,205,108,97
713,A & N ISLANDS,"INDECENT REPRESENTATION OF WOMEN (PROHIBITION) ACT, 1986",0,0,0,0,0,0,0,0,0,0,0,0
714,CHANDIGARH,"INDECENT REPRESENTATION OF WOMEN (PROHIBITION) ACT, 1986",0,0,0,0,0,1,1,0,1,0,0,0
715,D & N HAVELI,"INDECENT REPRESENTATION OF WOMEN (PROHIBITION) ACT, 1986",0,0,0,0,0,0,0,0,0,0,0,0
716,DAMAN & DIU,"INDECENT REPRESENTATION OF WOMEN (PROHIBITION) ACT, 1986",0,0,0,0,0,0,0,0,0,0,0,0
717,DELHI,"INDECENT REPRESENTATION OF WOMEN (PROHIBITION) ACT, 1986",1,0,0,1,0,6,6,0,6,0,0,0
718,LAKSHADWEEP,"INDECENT REPRESENTATION OF WOMEN (PROHIBITION) ACT, 1986",0,0,0,0,0,1,1,0,0,1,0,1
719,PUDUCHERRY,"INDECENT REPRESENTATION OF WOMEN (PROHIBITION) ACT, 1986",0,0,0,0,0,0,0,0,0,0,0,0
720,TOTAL (UTs),"INDECENT REPRESENTATION OF WOMEN (PROHIBITION) ACT, 1986",1,0,0,1,0,8,8,0,7,1,0,1
721,TOTAL (ALL-INDIA),"INDECENT REPRESENTATION OF WOMEN (PROHIBITION) ACT, 1986",57,175,7,51,174,1405,1579,0,1373,206,108,98
722,ANDHRA PRADESH,"COPYRIGHT ACT, 1957",427,792,0,343,876,2475,3351,1,2620,730,71,659
723,ARUNACHAL PRADESH,"COPYRIGHT ACT, 1957",0,0,0,0,0,0,0,0,0,0,0,0
724,ASSAM,"COPYRIGHT ACT, 1957",49,4,1,41,11,88,99,0,93,6,0,6
725,BIHAR,"COPYRIGHT ACT, 1957",47,33,0,25,55,215,270,0,224,46,6,40
726,CHHATTISGARH,"COPYRIGHT ACT, 1957",0,17,0,0,17,106,123,0,97,26,3,23
727,GOA,"COPYRIGHT ACT, 1957",10,11,0,14,7,69,76,0,71,5,0,5
728,GUJARAT,"COPYRIGHT ACT, 1957",31,425,0,32,424,8311,8735,8,8462,265,42,223
729,HARYANA,"COPYRIGHT ACT, 1957",16,155,0,25,146,1033,1179,0,858,321,54,267
730,HIMACHAL PRADESH,"COPYRIGHT ACT, 1957",7,9,0,6,10,256,266,1,240,25,0,25
731,JAMMU & KASHMIR,"COPYRIGHT ACT, 1957",2,8,0,2,8,63,71,0,57,14,0,14
732,JHARKHAND,"COPYRIGHT ACT, 1957",21,43,0,28,36,62,98,0,71,27,11,16
733,KARNATAKA,"COPYRIGHT ACT, 1957",104,431,0,97,438,1544,1982,0,1712,270,14,256
734,KERALA,"COPYRIGHT ACT, 1957",78,264,0,40,302,2371,2673,6,2243,424,134,290
735,MADHYA PRADESH,"COPYRIGHT ACT, 1957",3,96,0,4,95,480,575,0,448,127,58,69
736,MAHARASHTRA,"COPYRIGHT ACT, 1957",564,557,1,376,744,11008,11752,113,10956,683,17,666
737,MANIPUR,"COPYRIGHT ACT, 1957",0,5,4,1,0,0,0,0,0,0,0,0
738,MEGHALAYA,"COPYRIGHT ACT, 1957",1,0,0,1,0,9,9,0,9,0,0,0
739,MIZORAM,"COPYRIGHT ACT, 1957",0,0,0,0,0,0,0,0,0,0,0,0
740,NAGALAND,"COPYRIGHT ACT, 1957",0,0,0,0,0,0,0,0,0,0,0,0
741,ODISHA,"COPYRIGHT ACT, 1957",0,0,0,0,0,82,82,0,75,7,2,5
742,PUNJAB,"COPYRIGHT ACT, 1957",308,441,1,347,401,1980,2381,0,2001,380,135,245
743,RAJASTHAN,"COPYRIGHT ACT, 1957",1,396,0,0,397,3378,3775,6,3346,423,290,133
744,SIKKIM,"COPYRIGHT ACT, 1957",0,0,0,0,0,0,0,0,0,0,0,0
745,TAMIL NADU,"COPYRIGHT ACT, 1957",590,2893,27,642,2814,2012,4826,1,3016,1809,1507,302
746,TRIPURA,"COPYRIGHT ACT, 1957",0,0,0,0,0,0,0,0,0,0,0,0
747,UTTAR PRADESH,"COPYRIGHT ACT, 1957",84,472,54,61,441,1385,1826,0,1534,292,186,106
748,UTTARAKHAND,"COPYRIGHT ACT, 1957",1,18,0,4,15,143,158,0,147,11,8,3
749,WEST BENGAL,"COPYRIGHT ACT, 1957",447,443,36,514,340,943,1283,14,1006,263,45,218
750,TOTAL (STATES),"COPYRIGHT ACT, 1957",2791,7513,124,2603,7577,38013,45590,150,39286,6154,2583,3571
751,A & N ISLANDS,"COPYRIGHT ACT, 1957",0,0,0,0,0,0,0,0,0,0,0,0
752,CHANDIGARH,"COPYRIGHT ACT, 1957",38,9,5,18,24,77,101,0,87,14,6,8
753,D & N HAVELI,"COPYRIGHT ACT, 1957",0,0,0,0,0,31,31,0,28,3,0,3
754,DAMAN & DIU,"COPYRIGHT ACT, 1957",2,0,0,2,0,3,3,0,3,0,0,0
755,DELHI,"COPYRIGHT ACT, 1957",215,155,5,205,160,849,1009,0,899,110,72,38
756,LAKSHADWEEP,"COPYRIGHT ACT, 1957",0,0,0,0,0,0,0,0,0,0,0,0
757,PUDUCHERRY,"COPYRIGHT ACT, 1957",2,11,0,7,6,68,74,0,51,23,3,20
758,TOTAL (UTs),"COPYRIGHT ACT, 1957",257,175,10,232,190,1028,1218,0,1068,150,81,69
759,TOTAL (ALL-INDIA),"COPYRIGHT ACT, 1957",3048,7688,134,2835,7767,39041,46808,150,40354,6304,2664,3640
760,ANDHRA PRADESH,"SATI PREVENTION ACT, 1987",0,0,0,0,0,0,0,0,0,0,0,0
761,ARUNACHAL PRADESH,"SATI PREVENTION ACT, 1987",0,0,0,0,0,0,0,0,0,0,0,0
762,ASSAM,"SATI PREVENTION ACT, 1987",0,0,0,0,0,0,0,0,0,0,0,0
763,BIHAR,"SATI PREVENTION ACT, 1987",0,0,0,0,0,0,0,0,0,0,0,0
764,CHHATTISGARH,"SATI PREVENTION ACT, 1987",0,0,0,0,0,0,0,0,0,0,0,0
765,GOA,"SATI PREVENTION ACT, 1987",0,0,0,0,0,0,0,0,0,0,0,0
766,GUJARAT,"SATI PREVENTION ACT, 1987",0,0,0,0,0,0,0,0,0,0,0,0
767,HARYANA,"SATI PREVENTION ACT, 1987",0,0,0,0,0,0,0,0,0,0,0,0
768,HIMACHAL PRADESH,"SATI PREVENTION ACT, 1987",0,0,0,0,0,0,0,0,0,0,0,0
769,JAMMU & KASHMIR,"SATI PREVENTION ACT, 1987",0,0,0,0,0,0,0,0,0,0,0,0
770,JHARKHAND,"SATI PREVENTION ACT, 1987",0,0,0,0,0,0,0,0,0,0,0,0
771,KARNATAKA,"SATI PREVENTION ACT, 1987",0,0,0,0,0,0,0,0,0,0,0,0
772,KERALA,"SATI PREVENTION ACT, 1987",0,0,0,0,0,0,0,0,0,0,0,0
773,MADHYA PRADESH,"SATI PREVENTION ACT, 1987",0,0,0,0,0,0,0,0,0,0,0,0
774,MAHARASHTRA,"SATI PREVENTION ACT, 1987",0,0,0,0,0,0,0,0,0,0,0,0
775,MANIPUR,"SATI PREVENTION ACT, 1987",0,0,0,0,0,0,0,0,0,0,0,0
776,MEGHALAYA,"SATI PREVENTION ACT, 1987",0,0,0,0,0,0,0,0,0,0,0,0
777,MIZORAM,"SATI PREVENTION ACT, 1987",0,0,0,0,0,0,0,0,0,0,0,0
778,NAGALAND,"SATI PREVENTION ACT, 1987",0,0,0,0,0,0,0,0,0,0,0,0
779,ODISHA,"SATI PREVENTION ACT, 1987",0,0,0,0,0,0,0,0,0,0,0,0
780,PUNJAB,"SATI PREVENTION ACT, 1987",0,0,0,0,0,0,0,0,0,0,0,0
781,RAJASTHAN,"SATI PREVENTION ACT, 1987",0,0,0,0,0,18,18,0,18,0,0,0
782,SIKKIM,"SATI PREVENTION ACT, 1987",0,0,0,0,0,0,0,0,0,0,0,0
783,TAMIL NADU,"SATI PREVENTION ACT, 1987",0,0,0,0,0,0,0,0,0,0,0,0
784,TRIPURA,"SATI PREVENTION ACT, 1987",0,0,0,0,0,0,0,0,0,0,0,0
785,UTTAR PRADESH,"SATI PREVENTION ACT, 1987",0,0,0,0,0,0,0,0,0,0,0,0
786,UTTARAKHAND,"SATI PREVENTION ACT, 1987",0,0,0,0,0,0,0,0,0,0,0,0
787,WEST BENGAL,"SATI PREVENTION ACT, 1987",0,0,0,0,0,0,0,0,0,0,0,0
788,TOTAL (STATES),"SATI PREVENTION ACT, 1987",0,0,0,0,0,18,18,0,18,0,0,0
789,A & N ISLANDS,"SATI PREVENTION ACT, 1987",0,0,0,0,0,0,0,0,0,0,0,0
790,CHANDIGARH,"SATI PREVENTION ACT, 1987",0,0,0,0,0,0,0,0,0,0,0,0
791,D & N HAVELI,"SATI PREVENTION ACT, 1987",0,0,0,0,0,0,0,0,0,0,0,0
792,DAMAN & DIU,"SATI PREVENTION ACT, 1987",0,0,0,0,0,0,0,0,0,0,0,0
793,DELHI,"SATI PREVENTION ACT, 1987",0,0,0,0,0,0,0,0,0,0,0,0
794,LAKSHADWEEP,"SATI PREVENTION ACT, 1987",0,0,0,0,0,0,0,0,0,0,0,0
795,PUDUCHERRY,"SATI PREVENTION ACT, 1987",0,0,0,0,0,0,0,0,0,0,0,0
796,TOTAL (UTs),"SATI PREVENTION ACT, 1987",0,0,0,0,0,0,0,0,0,0,0,0
797,TOTAL (ALL-INDIA),"SATI PREVENTION ACT, 1987",0,0,0,0,0,18,18,0,18,0,0,0
798,ANDHRA PRADESH,"SC/ST (PREVENTION OF ATROCITIES) ACT, 1989",1003,1921,0,1245,1679,3056,4735,2,3237,1496,83,1413
799,ARUNACHAL PRADESH,"SC/ST (PREVENTION OF ATROCITIES) ACT, 1989",0,0,0,0,0,0,0,0,0,0,0,0
800,ASSAM,"SC/ST (PREVENTION OF ATROCITIES) ACT, 1989",5,2,0,7,0,4,4,0,4,0,0,0
801,BIHAR,"SC/ST (PREVENTION OF ATROCITIES) ACT, 1989",3559,8021,156,4304,7120,13206,20326,166,18078,2082,198,1884
802,CHHATTISGARH,"SC/ST (PREVENTION OF ATROCITIES) ACT, 1989",0,0,0,0,0,1526,1526,0,1526,0,0,0
803,GOA,"SC/ST (PREVENTION OF ATROCITIES) ACT, 1989",2,2,0,2,2,3,5,0,5,0,0,0
804,GUJARAT,"SC/ST (PREVENTION OF ATROCITIES) ACT, 1989",29,552,0,9,572,8366,8938,9,8434,495,47,448
805,HARYANA,"SC/ST (PREVENTION OF ATROCITIES) ACT, 1989",24,29,0,3,50,356,406,0,257,149,16,133
806,HIMACHAL PRADESH,"SC/ST (PREVENTION OF ATROCITIES) ACT, 1989",62,111,11,13,149,365,514,4,468,42,11,31
807,JAMMU & KASHMIR,"SC/ST (PREVENTION OF ATROCITIES) ACT, 1989",0,0,0,0,0,0,0,0,0,0,0,0
808,JHARKHAND,"SC/ST (PREVENTION OF ATROCITIES) ACT, 1989",195,645,0,305,535,722,1257,6,761,490,84,406
809,KARNATAKA,"SC/ST (PREVENTION OF ATROCITIES) ACT, 1989",530,3412,99,736,3107,7605,10712,7,8222,2483,157,2326
810,KERALA,"SC/ST (PREVENTION OF ATROCITIES) ACT, 1989",24,35,7,30,22,260,282,0,258,24,0,24
811,MADHYA PRADESH,"SC/ST (PREVENTION OF ATROCITIES) ACT, 1989",0,2,0,0,2,522,524,0,293,231,73,158
812,MAHARASHTRA,"SC/ST (PREVENTION OF ATROCITIES) ACT, 1989",207,678,14,261,610,4501,5111,2,4682,427,11,416
813,MANIPUR,"SC/ST (PREVENTION OF ATROCITIES) ACT, 1989",0,0,0,0,0,0,0,0,0,0,0,0
814,MEGHALAYA,"SC/ST (PREVENTION OF ATROCITIES) ACT, 1989",0,0,0,0,0,0,0,0,0,0,0,0
815,MIZORAM,"SC/ST (PREVENTION OF ATROCITIES) ACT, 1989",0,0,0,0,0,0,0,0,0,0,0,0
816,NAGALAND,"SC/ST (PREVENTION OF ATROCITIES) ACT, 1989",0,0,0,0,0,0,0,0,0,0,0,0
817,ODISHA,"SC/ST (PREVENTION OF ATROCITIES) ACT, 1989",165,2515,0,346,2334,5981,8315,0,6862,1453,87,1366
818,PUNJAB,"SC/ST (PREVENTION OF ATROCITIES) ACT, 1989",23,20,10,11,22,184,206,0,157,49,4,45
819,RAJASTHAN,"SC/ST (PREVENTION OF ATROCITIES) ACT, 1989",1,46,0,0,47,4148,4195,20,3964,211,78,133
820,SIKKIM,"SC/ST (PREVENTION OF ATROCITIES) ACT, 1989",0,1,0,0,1,2,3,0,2,1,1,0
821,TAMIL NADU,"SC/ST (PREVENTION OF ATROCITIES) ACT, 1989",1382,2092,544,993,1937,4314,6251,0,5191,1060,173,887
822,TRIPURA,"SC/ST (PREVENTION OF ATROCITIES) ACT, 1989",0,0,0,0,0,1,1,0,1,0,0,0
823,UTTAR PRADESH,"SC/ST (PREVENTION OF ATROCITIES) ACT, 1989",660,5600,1341,784,4135,18562,22697,108,19578,3011,1441,1570
824,UTTARAKHAND,"SC/ST (PREVENTION OF ATROCITIES) ACT, 1989",6,11,4,2,11,121,132,0,73,59,20,39
825,WEST BENGAL,"SC/ST (PREVENTION OF ATROCITIES) ACT, 1989",40,160,3,34,163,65,228,0,207,21,1,20
826,TOTAL (STATES),"SC/ST (PREVENTION OF ATROCITIES) ACT, 1989",7917,25855,2189,9085,22498,73870,96368,324,82260,13784,2485,11299
827,A & N ISLANDS,"SC/ST (PREVENTION OF ATROCITIES) ACT, 1989",0,0,0,0,0,10,10,0,10,0,0,0
828,CHANDIGARH,"SC/ST (PREVENTION OF ATROCITIES) ACT, 1989",2,1,1,0,2,2,4,0,3,1,0,1
829,D & N HAVELI,"SC/ST (PREVENTION OF ATROCITIES) ACT, 1989",0,1,0,1,0,6,6,0,2,4,0,4
830,DAMAN & DIU,"SC/ST (PREVENTION OF ATROCITIES) ACT, 1989",0,0,0,0,0,0,0,0,0,0,0,0
831,DELHI,"SC/ST (PREVENTION OF ATROCITIES) ACT, 1989",7,28,0,11,24,19,43,0,29,14,5,9
832,LAKSHADWEEP,"SC/ST (PREVENTION OF ATROCITIES) ACT, 1989",0,0,0,0,0,0,0,0,0,0,0,0
833,PUDUCHERRY,"SC/ST (PREVENTION OF ATROCITIES) ACT, 1989",2,10,0,0,12,9,21,0,18,3,0,3
834,TOTAL (UTs),"SC/ST (PREVENTION OF ATROCITIES) ACT, 1989",11,40,1,12,38,46,84,0,62,22,5,17
835,TOTAL (ALL-INDIA),"SC/ST (PREVENTION OF ATROCITIES) ACT, 1989",7928,25895,2190,9097,22536,73916,96452,324,82322,13806,2490,11316
836,ANDHRA PRADESH,"SC/ST (PREVENTION OF ATROCITIES) ACT, 1989 FOR CRIMES COMMITTED AGAINST SCHEDULED CASTES",871,1639,0,1039,1471,2596,4067,0,2769,1298,67,1231
837,ARUNACHAL PRADESH,"SC/ST (PREVENTION OF ATROCITIES) ACT, 1989 FOR CRIMES COMMITTED AGAINST SCHEDULED CASTES",0,0,0,0,0,0,0,0,0,0,0,0
838,ASSAM,"SC/ST (PREVENTION OF ATROCITIES) ACT, 1989 FOR CRIMES COMMITTED AGAINST SCHEDULED CASTES",0,2,0,2,0,4,4,0,4,0,0,0
839,BIHAR,"SC/ST (PREVENTION OF ATROCITIES) ACT, 1989 FOR CRIMES COMMITTED AGAINST SCHEDULED CASTES",3482,7775,149,4200,6908,12960,19868,150,17715,2003,192,1811
840,CHHATTISGARH,"SC/ST (PREVENTION OF ATROCITIES) ACT, 1989 FOR CRIMES COMMITTED AGAINST SCHEDULED CASTES",0,0,0,0,0,579,579,0,579,0,0,0
841,GOA,"SC/ST (PREVENTION OF ATROCITIES) ACT, 1989 FOR CRIMES COMMITTED AGAINST SCHEDULED CASTES",2,2,0,2,2,3,5,0,5,0,0,0
842,GUJARAT,"SC/ST (PREVENTION OF ATROCITIES) ACT, 1989 FOR CRIMES COMMITTED AGAINST SCHEDULED CASTES",28,441,0,8,461,7066,7527,4,7099,424,41,383
843,HARYANA,"SC/ST (PREVENTION OF ATROCITIES) ACT, 1989 FOR CRIMES COMMITTED AGAINST SCHEDULED CASTES",24,29,0,3,50,356,406,0,257,149,16,133
844,HIMACHAL PRADESH,"SC/ST (PREVENTION OF ATROCITIES) ACT, 1989 FOR CRIMES COMMITTED AGAINST SCHEDULED CASTES",60,106,11,13,142,362,504,4,460,40,11,29
845,JAMMU & KASHMIR,"SC/ST (PREVENTION OF ATROCITIES) ACT, 1989 FOR CRIMES COMMITTED AGAINST SCHEDULED CASTES",0,0,0,0,0,0,0,0,0,0,0,0
846,JHARKHAND,"SC/ST (PREVENTION OF ATROCITIES) ACT, 1989 FOR CRIMES COMMITTED AGAINST SCHEDULED CASTES",110,472,0,163,419,570,989,3,569,417,59,358
847,KARNATAKA,"SC/ST (PREVENTION OF ATROCITIES) ACT, 1989 FOR CRIMES COMMITTED AGAINST SCHEDULED CASTES",357,2868,84,645,2496,6869,9365,3,7387,1975,133,1842
848,KERALA,"SC/ST (PREVENTION OF ATROCITIES) ACT, 1989 FOR CRIMES COMMITTED AGAINST SCHEDULED CASTES",21,28,6,25,18,248,266,0,251,15,0,15
849,MADHYA PRADESH,"SC/ST (PREVENTION OF ATROCITIES) ACT, 1989 FOR CRIMES COMMITTED AGAINST SCHEDULED CASTES",0,2,0,0,2,452,454,0,253,201,71,130
850,MAHARASHTRA,"SC/ST (PREVENTION OF ATROCITIES) ACT, 1989 FOR CRIMES COMMITTED AGAINST SCHEDULED CASTES",164,569,14,202,517,3653,4170,1,3821,348,9,339
851,MANIPUR,"SC/ST (PREVENTION OF ATROCITIES) ACT, 1989 FOR CRIMES COMMITTED AGAINST SCHEDULED CASTES",0,0,0,0,0,0,0,0,0,0,0,0
852,MEGHALAYA,"SC/ST (PREVENTION OF ATROCITIES) ACT, 1989 FOR CRIMES COMMITTED AGAINST SCHEDULED CASTES",0,0,0,0,0,0,0,0,0,0,0,0
853,MIZORAM,"SC/ST (PREVENTION OF ATROCITIES) ACT, 1989 FOR CRIMES COMMITTED AGAINST SCHEDULED CASTES",0,0,0,0,0,0,0,0,0,0,0,0
854,NAGALAND,"SC/ST (PREVENTION OF ATROCITIES) ACT, 1989 FOR CRIMES COMMITTED AGAINST SCHEDULED CASTES",0,0,0,0,0,0,0,0,0,0,0,0
855,ODISHA,"SC/ST (PREVENTION OF ATROCITIES) ACT, 1989 FOR CRIMES COMMITTED AGAINST SCHEDULED CASTES",129,1866,0,285,1710,4528,6238,0,5129,1109,63,1046
856,PUNJAB,"SC/ST (PREVENTION OF ATROCITIES) ACT, 1989 FOR CRIMES COMMITTED AGAINST SCHEDULED CASTES",23,20,10,11,22,184,206,0,157,49,4,45
857,RAJASTHAN,"SC/ST (PREVENTION OF ATROCITIES) ACT, 1989 FOR CRIMES COMMITTED AGAINST SCHEDULED CASTES",1,36,0,0,37,3408,3445,15,3288,142,51,91
858,SIKKIM,"SC/ST (PREVENTION OF ATROCITIES) ACT, 1989 FOR CRIMES COMMITTED AGAINST SCHEDULED CASTES",0,1,0,0,1,2,3,0,2,1,1,0
859,TAMIL NADU,"SC/ST (PREVENTION OF ATROCITIES) ACT, 1989 FOR CRIMES COMMITTED AGAINST SCHEDULED CASTES",1382,2089,544,991,1936,4229,6165,0,5130,1035,173,862
860,TRIPURA,"SC/ST (PREVENTION OF ATROCITIES) ACT, 1989 FOR CRIMES COMMITTED AGAINST SCHEDULED CASTES",0,0,0,0,0,1,1,0,1,0,0,0
861,UTTAR PRADESH,"SC/ST (PREVENTION OF ATROCITIES) ACT, 1989 FOR CRIMES COMMITTED AGAINST SCHEDULED CASTES",660,5496,1331,784,4041,18510,22551,108,19434,3009,1440,1569
862,UTTARAKHAND,"SC/ST (PREVENTION OF ATROCITIES) ACT, 1989 FOR CRIMES COMMITTED AGAINST SCHEDULED CASTES",6,9,4,2,9,121,130,0,72,58,20,38
863,WEST BENGAL,"SC/ST (PREVENTION OF ATROCITIES) ACT, 1989 FOR CRIMES COMMITTED AGAINST SCHEDULED CASTES",29,101,1,24,105,41,146,0,129,17,1,16
864,TOTAL (STATES),"SC/ST (PREVENTION OF ATROCITIES) ACT, 1989 FOR CRIMES COMMITTED AGAINST SCHEDULED CASTES",7349,23551,2154,8399,20347,66742,87089,288,74511,12290,2352,9938
865,A & N ISLANDS,"SC/ST (PREVENTION OF ATROCITIES) ACT, 1989 FOR CRIMES COMMITTED AGAINST SCHEDULED CASTES",0,0,0,0,0,0,0,0,0,0,0,0
866,CHANDIGARH,"SC/ST (PREVENTION OF ATROCITIES) ACT, 1989 FOR CRIMES COMMITTED AGAINST SCHEDULED CASTES",2,1,1,0,2,2,4,0,3,1,0,1
867,D & N HAVELI,"SC/ST (PREVENTION OF ATROCITIES) ACT, 1989 FOR CRIMES COMMITTED AGAINST SCHEDULED CASTES",0,0,0,0,0,0,0,0,0,0,0,0
868,DAMAN & DIU,"SC/ST (PREVENTION OF ATROCITIES) ACT, 1989 FOR CRIMES COMMITTED AGAINST SCHEDULED CASTES",0,0,0,0,0,0,0,0,0,0,0,0
869,DELHI,"SC/ST (PREVENTION OF ATROCITIES) ACT, 1989 FOR CRIMES COMMITTED AGAINST SCHEDULED CASTES",7,28,0,11,24,19,43,0,29,14,5,9
870,LAKSHADWEEP,"SC/ST (PREVENTION OF ATROCITIES) ACT, 1989 FOR CRIMES COMMITTED AGAINST SCHEDULED CASTES",0,0,0,0,0,0,0,0,0,0,0,0
871,PUDUCHERRY,"SC/ST (PREVENTION OF ATROCITIES) ACT, 1989 FOR CRIMES COMMITTED AGAINST SCHEDULED CASTES",2,10,0,0,12,9,21,0,18,3,0,3
872,TOTAL (UTs),"SC/ST (PREVENTION OF ATROCITIES) ACT, 1989 FOR CRIMES COMMITTED AGAINST SCHEDULED CASTES",11,39,1,11,38,30,68,0,50,18,5,13
873,TOTAL (ALL-INDIA),"SC/ST (PREVENTION OF ATROCITIES) ACT, 1989 FOR CRIMES COMMITTED AGAINST SCHEDULED CASTES",7360,23590,2155,8410,20385,66772,87157,288,74561,12308,2357,9951
874,ANDHRA PRADESH,"SC/ST (PREVENTION OF ATROCITIES) ACT, 1989 FOR CRIMES COMMITTED AGAINST SCHEDULED TRIBES",132,282,0,206,208,460,668,2,468,198,16,182
875,ARUNACHAL PRADESH,"SC/ST (PREVENTION OF ATROCITIES) ACT, 1989 FOR CRIMES COMMITTED AGAINST SCHEDULED TRIBES",0,0,0,0,0,0,0,0,0,0,0,0
876,ASSAM,"SC/ST (PREVENTION OF ATROCITIES) ACT, 1989 FOR CRIMES COMMITTED AGAINST SCHEDULED TRIBES",5,0,0,5,0,0,0,0,0,0,0,0
877,BIHAR,"SC/ST (PREVENTION OF ATROCITIES) ACT, 1989 FOR CRIMES COMMITTED AGAINST SCHEDULED TRIBES",77,246,7,104,212,246,458,16,363,79,6,73
878,CHHATTISGARH,"SC/ST (PREVENTION OF ATROCITIES) ACT, 1989 FOR CRIMES COMMITTED AGAINST SCHEDULED TRIBES",0,0,0,0,0,947,947,0,947,0,0,0
879,GOA,"SC/ST (PREVENTION OF ATROCITIES) ACT, 1989 FOR CRIMES COMMITTED AGAINST SCHEDULED TRIBES",0,0,0,0,0,0,0,0,0,0,0,0
880,GUJARAT,"SC/ST (PREVENTION OF ATROCITIES) ACT, 1989 FOR CRIMES COMMITTED AGAINST SCHEDULED TRIBES",1,111,0,1,111,1300,1411,5,1335,71,6,65
881,HARYANA,"SC/ST (PREVENTION OF ATROCITIES) ACT, 1989 FOR CRIMES COMMITTED AGAINST SCHEDULED TRIBES",0,0,0,0,0,0,0,0,0,0,0,0
882,HIMACHAL PRADESH,"SC/ST (PREVENTION OF ATROCITIES) ACT, 1989 FOR CRIMES COMMITTED AGAINST SCHEDULED TRIBES",2,5,0,0,7,3,10,0,8,2,0,2
883,JAMMU & KASHMIR,"SC/ST (PREVENTION OF ATROCITIES) ACT, 1989 FOR CRIMES COMMITTED AGAINST SCHEDULED TRIBES",0,0,0,0,0,0,0,0,0,0,0,0
884,JHARKHAND,"SC/ST (PREVENTION OF ATROCITIES) ACT, 1989 FOR CRIMES COMMITTED AGAINST SCHEDULED TRIBES",85,173,0,142,116,152,268,3,192,73,25,48
885,KARNATAKA,"SC/ST (PREVENTION OF ATROCITIES) ACT, 1989 FOR CRIMES COMMITTED AGAINST SCHEDULED TRIBES",173,544,15,91,611,736,1347,4,835,508,24,484
886,KERALA,"SC/ST (PREVENTION OF ATROCITIES) ACT, 1989 FOR CRIMES COMMITTED AGAINST SCHEDULED TRIBES",3,7,1,5,4,12,16,0,7,9,0,9
887,MADHYA PRADESH,"SC/ST (PREVENTION OF ATROCITIES) ACT, 1989 FOR CRIMES COMMITTED AGAINST SCHEDULED TRIBES",0,0,0,0,0,70,70,0,40,30,2,28
888,MAHARASHTRA,"SC/ST (PREVENTION OF ATROCITIES) ACT, 1989 FOR CRIMES COMMITTED AGAINST SCHEDULED TRIBES",43,109,0,59,93,848,941,1,861,79,2,77
889,MANIPUR,"SC/ST (PREVENTION OF ATROCITIES) ACT, 1989 FOR CRIMES COMMITTED AGAINST SCHEDULED TRIBES",0,0,0,0,0,0,0,0,0,0,0,0
890,MEGHALAYA,"SC/ST (PREVENTION OF ATROCITIES) ACT, 1989 FOR CRIMES COMMITTED AGAINST SCHEDULED TRIBES",0,0,0,0,0,0,0,0,0,0,0,0
891,MIZORAM,"SC/ST (PREVENTION OF ATROCITIES) ACT, 1989 FOR CRIMES COMMITTED AGAINST SCHEDULED TRIBES",0,0,0,0,0,0,0,0,0,0,0,0
892,NAGALAND,"SC/ST (PREVENTION OF ATROCITIES) ACT, 1989 FOR CRIMES COMMITTED AGAINST SCHEDULED TRIBES",0,0,0,0,0,0,0,0,0,0,0,0
893,ODISHA,"SC/ST (PREVENTION OF ATROCITIES) ACT, 1989 FOR CRIMES COMMITTED AGAINST SCHEDULED TRIBES",36,649,0,61,624,1453,2077,0,1733,344,24,320
894,PUNJAB,"SC/ST (PREVENTION OF ATROCITIES) ACT, 1989 FOR CRIMES COMMITTED AGAINST SCHEDULED TRIBES",0,0,0,0,0,0,0,0,0,0,0,0
895,RAJASTHAN,"SC/ST (PREVENTION OF ATROCITIES) ACT, 1989 FOR CRIMES COMMITTED AGAINST SCHEDULED TRIBES",0,10,0,0,10,740,750,5,676,69,27,42
896,SIKKIM,"SC/ST (PREVENTION OF ATROCITIES) ACT, 1989 FOR CRIMES COMMITTED AGAINST SCHEDULED TRIBES",0,0,0,0,0,0,0,0,0,0,0,0
897,TAMIL NADU,"SC/ST (PREVENTION OF ATROCITIES) ACT, 1989 FOR CRIMES COMMITTED AGAINST SCHEDULED TRIBES",0,3,0,2,1,85,86,0,61,25,0,25
898,TRIPURA,"SC/ST (PREVENTION OF ATROCITIES) ACT, 1989 FOR CRIMES COMMITTED AGAINST SCHEDULED TRIBES",0,0,0,0,0,0,0,0,0,0,0,0
899,UTTAR PRADESH,"SC/ST (PREVENTION OF ATROCITIES) ACT, 1989 FOR CRIMES COMMITTED AGAINST SCHEDULED TRIBES",0,104,10,0,94,52,146,0,144,2,1,1
900,UTTARAKHAND,"SC/ST (PREVENTION OF ATROCITIES) ACT, 1989 FOR CRIMES COMMITTED AGAINST SCHEDULED TRIBES",0,2,0,0,2,0,2,0,1,1,0,1
901,WEST BENGAL,"SC/ST (PREVENTION OF ATROCITIES) ACT, 1989 FOR CRIMES COMMITTED AGAINST SCHEDULED TRIBES",11,59,2,10,58,24,82,0,78,4,0,4
902,TOTAL (STATES),"SC/ST (PREVENTION OF ATROCITIES) ACT, 1989 FOR CRIMES COMMITTED AGAINST SCHEDULED TRIBES",568,2304,35,686,2151,7128,9279,36,7749,1494,133,1361
903,A & N ISLANDS,"SC/ST (PREVENTION OF ATROCITIES) ACT, 1989 FOR CRIMES COMMITTED AGAINST SCHEDULED TRIBES",0,0,0,0,0,10,10,0,10,0,0,0
904,CHANDIGARH,"SC/ST (PREVENTION OF ATROCITIES) ACT, 1989 FOR CRIMES COMMITTED AGAINST SCHEDULED TRIBES",0,0,0,0,0,0,0,0,0,0,0,0
905,D & N HAVELI,"SC/ST (PREVENTION OF ATROCITIES) ACT, 1989 FOR CRIMES COMMITTED AGAINST SCHEDULED TRIBES",0,1,0,1,0,6,6,0,2,4,0,4
906,DAMAN & DIU,"SC/ST (PREVENTION OF ATROCITIES) ACT, 1989 FOR CRIMES COMMITTED AGAINST SCHEDULED TRIBES",0,0,0,0,0,0,0,0,0,0,0,0
907,DELHI,"SC/ST (PREVENTION OF ATROCITIES) ACT, 1989 FOR CRIMES COMMITTED AGAINST SCHEDULED TRIBES",0,0,0,0,0,0,0,0,0,0,0,0
908,LAKSHADWEEP,"SC/ST (PREVENTION OF ATROCITIES) ACT, 1989 FOR CRIMES COMMITTED AGAINST SCHEDULED TRIBES",0,0,0,0,0,0,0,0,0,0,0,0
909,PUDUCHERRY,"SC/ST (PREVENTION OF ATROCITIES) ACT, 1989 FOR CRIMES COMMITTED AGAINST SCHEDULED TRIBES",0,0,0,0,0,0,0,0,0,0,0,0
910,TOTAL (UTs),"SC/ST (PREVENTION OF ATROCITIES) ACT, 1989 FOR CRIMES COMMITTED AGAINST SCHEDULED TRIBES",0,1,0,1,0,16,16,0,12,4,0,4
911,TOTAL (ALL-INDIA),"SC/ST (PREVENTION OF ATROCITIES) ACT, 1989 FOR CRIMES COMMITTED AGAINST SCHEDULED TRIBES",568,2305,35,687,2151,7144,9295,36,7761,1498,133,1365
912,ANDHRA PRADESH,"FOREST ACT, 1927",17,125,0,79,63,113,176,0,130,46,0,46
913,ARUNACHAL PRADESH,"FOREST ACT, 1927",0,0,0,0,0,0,0,0,0,0,0,0
914,ASSAM,"FOREST ACT, 1927",31,21,5,32,15,89,104,0,84,20,2,18
915,BIHAR,"FOREST ACT, 1927",58,72,3,46,81,795,876,0,795,81,21,60
916,CHHATTISGARH,"FOREST ACT, 1927",0,23,0,0,23,28,51,0,41,10,6,4
917,GOA,"FOREST ACT, 1927",0,0,0,0,0,8,8,0,8,0,0,0
918,GUJARAT,"FOREST ACT, 1927",2,9,0,8,3,49,52,0,49,3,3,0
919,HARYANA,"FOREST ACT, 1927",0,4,0,0,4,22,26,0,25,1,0,1
920,HIMACHAL PRADESH,"FOREST ACT, 1927",201,736,7,79,851,3489,4340,7,3905,428,38,390
921,JAMMU & KASHMIR,"FOREST ACT, 1927",2,12,0,2,12,122,134,0,118,16,0,16
922,JHARKHAND,"FOREST ACT, 1927",213,299,0,199,313,401,714,1,539,174,69,105
923,KARNATAKA,"FOREST ACT, 1927",67,157,14,45,165,935,1100,0,888,212,20,192
924,KERALA,"FOREST ACT, 1927",58,8,5,3,58,0,58,0,58,0,0,0
925,MADHYA PRADESH,"FOREST ACT, 1927",0,33,0,0,33,200,233,0,193,40,17,23
926,MAHARASHTRA,"FOREST ACT, 1927",23,67,0,15,75,946,1021,34,905,82,7,75
927,MANIPUR,"FOREST ACT, 1927",0,0,0,0,0,0,0,0,0,0,0,0
928,MEGHALAYA,"FOREST ACT, 1927",0,0,0,0,0,0,0,0,0,0,0,0
929,MIZORAM,"FOREST ACT, 1927",0,0,0,0,0,0,0,0,0,0,0,0
930,NAGALAND,"FOREST ACT, 1927",0,0,0,0,0,1,1,0,1,0,0,0
931,ODISHA,"FOREST ACT, 1927",0,1,0,0,1,4,5,0,5,0,0,0
932,PUNJAB,"FOREST ACT, 1927",4,0,0,4,0,25,25,0,16,9,2,7
933,RAJASTHAN,"FOREST ACT, 1927",10,4037,0,23,4024,7424,11448,12,7864,3572,3328,244
934,SIKKIM,"FOREST ACT, 1927",0,0,0,0,0,0,0,0,0,0,0,0
935,TAMIL NADU,"FOREST ACT, 1927",18,53,47,23,1,3,4,0,4,0,0,0
936,TRIPURA,"FOREST ACT, 1927",0,0,0,0,0,0,0,0,0,0,0,0
937,UTTAR PRADESH,"FOREST ACT, 1927",148,4248,247,126,4023,10455,14478,0,12362,2116,1389,727
938,UTTARAKHAND,"FOREST ACT, 1927",0,83,0,15,68,281,349,0,228,121,96,25
939,WEST BENGAL,"FOREST ACT, 1927",0,11,1,0,10,49,59,0,54,5,0,5
940,TOTAL (STATES),"FOREST ACT, 1927",852,9999,329,699,9823,25439,35262,54,28272,6936,4998,1938
941,A & N ISLANDS,"FOREST ACT, 1927",4,0,0,2,2,9,11,0,11,0,0,0
942,CHANDIGARH,"FOREST ACT, 1927",0,0,0,0,0,0,0,0,0,0,0,0
943,D & N HAVELI,"FOREST ACT, 1927",0,0,0,0,0,0,0,0,0,0,0,0
944,DAMAN & DIU,"FOREST ACT, 1927",0,0,0,0,0,0,0,0,0,0,0,0
945,DELHI,"FOREST ACT, 1927",2,0,0,2,0,7,7,0,7,0,0,0
946,LAKSHADWEEP,"FOREST ACT, 1927",0,0,0,0,0,0,0,0,0,0,0,0
947,PUDUCHERRY,"FOREST ACT, 1927",0,0,0,0,0,0,0,0,0,0,0,0
948,TOTAL (UTs),"FOREST ACT, 1927",6,0,0,4,2,16,18,0,18,0,0,0
949,TOTAL (ALL-INDIA),"FOREST ACT, 1927",858,9999,329,703,9825,25455,35280,54,28290,6936,4998,1938
950,ANDHRA PRADESH,OTHER SLL CRIMES,63010,11192,0,3986,70216,10775,80991,201,66022,14768,8679,6089
951,ARUNACHAL PRADESH,OTHER SLL CRIMES,74,25,17,62,20,203,223,0,215,8,2,6
952,ASSAM,OTHER SLL CRIMES,2705,548,439,2447,367,2760,3127,0,2452,675,54,621
953,BIHAR,OTHER SLL CRIMES,1763,3447,76,1923,3211,9768,12979,17,10912,2050,622,1428
954,CHHATTISGARH,OTHER SLL CRIMES,63,224109,0,17,224155,6347,230502,1,5360,225141,223536,1605
955,GOA,OTHER SLL CRIMES,79,1677,16,164,1576,765,2341,0,684,1657,1585,72
956,GUJARAT,OTHER SLL CRIMES,1310,31275,0,1225,31360,279752,311112,882,280092,30138,18148,11990
957,HARYANA,OTHER SLL CRIMES,921,7492,0,491,7922,16987,24909,0,19237,5672,2907,2765
958,HIMACHAL PRADESH,OTHER SLL CRIMES,108,322,4,103,323,1594,1917,1,1703,213,83,130
959,JAMMU & KASHMIR,OTHER SLL CRIMES,13,326,0,15,324,5749,6073,0,5852,221,32,189
960,JHARKHAND,OTHER SLL CRIMES,790,2560,0,958,2392,2899,5291,66,3139,2086,723,1363
961,KARNATAKA,OTHER SLL CRIMES,1018,5574,225,816,5551,13023,18574,23,13165,5386,2402,2984
962,KERALA,OTHER SLL CRIMES,6555,299426,252,7188,298541,265689,564230,1351,370246,192633,182829,9804
963,MADHYA PRADESH,OTHER SLL CRIMES,28,24523,0,20,24531,12070,36601,148,19330,17123,15407,1716
964,MAHARASHTRA,OTHER SLL CRIMES,14030,45330,63,13282,46015,344395,390410,9962,345715,34733,16738,17995
965,MANIPUR,OTHER SLL CRIMES,1774,1410,1226,1695,263,403,666,4,627,35,2,33
966,MEGHALAYA,OTHER SLL CRIMES,45,44,2,54,33,126,159,0,156,3,0,3
967,MIZORAM,OTHER SLL CRIMES,9,447,0,31,425,581,1006,0,170,836,822,14
968,NAGALAND,OTHER SLL CRIMES,39,110,21,40,88,88,176,4,81,91,78,13
969,ODISHA,OTHER SLL CRIMES,23,890,0,27,886,3313,4199,0,3222,977,81,896
970,PUNJAB,OTHER SLL CRIMES,751,2019,95,1311,1364,3391,4755,1,3545,1209,754,455
971,RAJASTHAN,OTHER SLL CRIMES,88,17069,1,105,17051,33794,50845,113,39268,11464,10484,980
972,SIKKIM,OTHER SLL CRIMES,54,101,0,0,155,2,157,45,69,43,25,18
973,TAMIL NADU,OTHER SLL CRIMES,30695,577524,232525,57009,318685,51905,370590,2167,75460,292963,239158,53805
974,TRIPURA,OTHER SLL CRIMES,0,11,0,1,10,7,17,0,10,7,2,5
975,UTTAR PRADESH,OTHER SLL CRIMES,13939,1592086,24758,17200,1564067,773318,2337385,93,1019480,1317812,1275569,42243
976,UTTARAKHAND,OTHER SLL CRIMES,189,122267,111,304,122041,16148,138189,18,13184,124987,124815,172
977,WEST BENGAL,OTHER SLL CRIMES,2737,4430,274,2679,4214,21757,25971,80,24462,1429,493,936
978,TOTAL (STATES),OTHER SLL CRIMES,142810,2976234,260105,113153,2745786,1877609,4623395,15177,2323858,2284360,2126030,158330
979,A & N ISLANDS,OTHER SLL CRIMES,93,58,0,49,102,3187,3289,0,3069,220,127,93
980,CHANDIGARH,OTHER SLL CRIMES,49,90,1,20,118,103,221,0,140,81,72,9
981,D & N HAVELI,OTHER SLL CRIMES,0,0,0,0,0,30,30,0,25,5,2,3
982,DAMAN & DIU,OTHER SLL CRIMES,0,0,0,0,0,0,0,0,0,0,0,0
983,DELHI,OTHER SLL CRIMES,235,1743,20,323,1635,3751,5386,0,4387,999,627,372
984,LAKSHADWEEP,OTHER SLL CRIMES,6,5,0,10,1,15,16,0,12,4,0,4
985,PUDUCHERRY,OTHER SLL CRIMES,29,966,0,34,961,341,1302,5,467,830,587,243
986,TOTAL (UTs),OTHER SLL CRIMES,412,2862,21,436,2817,7427,10244,5,8100,2139,1415,724
987,TOTAL (ALL-INDIA),OTHER SLL CRIMES,143222,2979096,260126,113589,2748603,1885036,4633639,15182,2331958,2286499,2127445,159054
988,ANDHRA PRADESH,TOTAL COGNIZABLE SLL CRIMES,71549,72104,31,13301,130321,40380,170701,2621,98081,69999,52001,17998
989,ARUNACHAL PRADESH,TOTAL COGNIZABLE SLL CRIMES,108,90,24,114,60,922,982,0,961,21,7,14
990,ASSAM,TOTAL COGNIZABLE SLL CRIMES,7030,1855,1021,6764,1100,12963,14063,0,11981,2082,152,1930
991,BIHAR,TOTAL COGNIZABLE SLL CRIMES,13746,23539,332,14456,22497,88503,111000,529,99324,11147,2551,8596
992,CHHATTISGARH,TOTAL COGNIZABLE SLL CRIMES,1567,267802,0,1433,267936,46973,314909,4369,47469,263071,257318,5753
993,GOA,TOTAL COGNIZABLE SLL CRIMES,298,2639,23,613,2301,6316,8617,0,5805,2812,1633,1179
994,GUJARAT,TOTAL COGNIZABLE SLL CRIMES,19994,278270,0,23372,274892,1799449,2074341,1120,1878562,194659,122276,72383
995,HARYANA,TOTAL COGNIZABLE SLL CRIMES,2287,37504,0,1592,38199,90775,128974,0,73831,55143,41663,13480
996,HIMACHAL PRADESH,TOTAL COGNIZABLE SLL CRIMES,1350,4780,22,1090,5018,27426,32444,34,27889,4521,1799,2722
997,JAMMU & KASHMIR,TOTAL COGNIZABLE SLL CRIMES,83,3009,0,92,3000,24927,27927,17,24043,3867,1821,2046
998,JHARKHAND,TOTAL COGNIZABLE SLL CRIMES,3334,7911,0,3831,7414,13642,21056,146,14443,6467,2029,4438
999,KARNATAKA,TOTAL COGNIZABLE SLL CRIMES,5597,49367,1264,4612,49088,85346,134434,117,87916,46401,27462,18939
1000,KERALA,TOTAL COGNIZABLE SLL CRIMES,11458,386864,266,11363,386693,404935,791628,3872,529150,258606,243494,15112
1001,MADHYA PRADESH,TOTAL COGNIZABLE SLL CRIMES,316,146524,1,192,146647,104322,250969,871,109416,140682,125252,15430
1002,MAHARASHTRA,TOTAL COGNIZABLE SLL CRIMES,63973,180896,118,66371,178380,1624091,1802471,39159,1601288,162024,25570,136454
1003,MANIPUR,TOTAL COGNIZABLE SLL CRIMES,2204,1613,1267,2170,380,1800,2180,16,2094,70,35,35
1004,MEGHALAYA,TOTAL COGNIZABLE SLL CRIMES,448,421,25,498,346,1208,1554,8,1276,270,263,7
1005,MIZORAM,TOTAL COGNIZABLE SLL CRIMES,46,858,2,143,759,918,1677,0,393,1284,1258,26
1006,NAGALAND,TOTAL COGNIZABLE SLL CRIMES,216,476,76,150,466,272,738,6,229,503,410,93
1007,ODISHA,TOTAL COGNIZABLE SLL CRIMES,1067,21014,0,1434,20647,106955,127602,0,115409,12193,2008,10185
1008,PUNJAB,TOTAL COGNIZABLE SLL CRIMES,11273,28462,167,17082,22486,65297,87783,5,67361,20417,15255,5162
1009,RAJASTHAN,TOTAL COGNIZABLE SLL CRIMES,262,72310,3,282,72287,162505,234792,339,167718,66735,62994,3741
1010,SIKKIM,TOTAL COGNIZABLE SLL CRIMES,73,217,0,0,290,80,370,89,163,118,57,61
1011,TAMIL NADU,TOTAL COGNIZABLE SLL CRIMES,68995,703425,234372,90601,447447,113712,561159,17170,130106,413883,345524,68359
1012,TRIPURA,TOTAL COGNIZABLE SLL CRIMES,106,331,31,50,356,384,740,0,104,636,75,561
1013,UTTAR PRADESH,TOTAL COGNIZABLE SLL CRIMES,17956,1701298,27437,22099,1669718,1185645,2855363,205,1445026,1410132,1350923,59209
1014,UTTARAKHAND,TOTAL COGNIZABLE SLL CRIMES,366,126525,115,519,126257,34903,161160,23,29120,132017,130977,1040
1015,WEST BENGAL,TOTAL COGNIZABLE SLL CRIMES,13915,15379,988,15277,13029,72448,85477,173,80338,4966,1610,3356
1016,TOTAL (STATES),TOTAL COGNIZABLE SLL CRIMES,319617,4135483,267585,299501,3888014,6117097,10005111,70889,6649496,3284726,2816417,468309
1017,A & N ISLANDS,TOTAL COGNIZABLE SLL CRIMES,659,2801,0,325,3135,15572,18707,0,15487,3220,3107,113
1018,CHANDIGARH,TOTAL COGNIZABLE SLL CRIMES,537,1728,26,427,1812,1494,3306,0,1692,1614,1534,80
1019,D & N HAVELI,TOTAL COGNIZABLE SLL CRIMES,24,143,0,32,135,305,440,0,391,49,5,44
1020,DAMAN & DIU,TOTAL COGNIZABLE SLL CRIMES,143,138,0,158,123,234,357,0,321,36,0,36
1021,DELHI,TOTAL COGNIZABLE SLL CRIMES,6891,8206,29,6872,8196,127407,135603,0,123211,12392,8124,4268
1022,LAKSHADWEEP,TOTAL COGNIZABLE SLL CRIMES,11,45,0,44,12,72,84,5,70,9,4,5
1023,PUDUCHERRY,TOTAL COGNIZABLE SLL CRIMES,117,1531,0,164,1484,1321,2805,5,1198,1602,845,757
1024,TOTAL (UTs),TOTAL COGNIZABLE SLL CRIMES,8382,14592,55,8022,14897,146405,161302,10,142370,18922,13619,5303
1025,TOTAL (ALL-INDIA),TOTAL COGNIZABLE SLL CRIMES,327999,4150075,267640,307523,3902911,6263502,10166413,70899,6791866,3303648,2830036,473612
