index,STATE/UT,CRIME HEAD,Persons in custody or on bail during the stage of investigation at the beginning of the year,Persons arrested during the year,Persons released or freed by Police or Magistrate before trial for want of evidence or any other reason,Persons in custody or on bail during the stage of investigation at the end of the year,Persons in whose cases charge sheets were laid during the year,Persons under trial at the beginning of the year,Total number of persons under trial during the year,Persons against whom cases were compounded or withdrawn,Persons in custody or on bail during the stage of trial at the end of the year,Persons in whose cases trials were completed during the year,Persons convicted,Persons acquitted
0,Andhra Pradesh,Arson,411,820,13,404,814,1878,2692,87,1815,790,63,727
1,Arunachal Pradesh,Arson,9,17,3,12,11,124,135,0,135,0,0,0
2,Assam,Arson,1214,771,405,1205,375,1674,2049,0,1795,254,29,225
3,Bihar,Arson,807,1342,89,653,1407,5821,7228,188,6033,1007,100,907
4,Chhattisgarh,Arson,0,252,0,0,252,1036,1288,17,979,292,49,243
5,Goa,Arson,39,25,5,37,22,197,219,0,129,90,2,88
6,Gujarat,Arson,55,663,0,172,546,9654,10200,28,9755,417,14,403
7,Haryana,Arson,22,209,0,14,217,1427,1644,0,1446,198,25,173
8,Himachal Pradesh,Arson,19,96,0,9,106,698,804,5,734,65,1,64
9,Jammu & Kashmir,Arson,7,239,0,7,239,2107,2346,7,2155,184,12,172
10,Jharkhand,Arson,178,202,2,162,216,294,510,1,339,170,36,134
11,Karnataka,Arson,41,359,4,52,344,824,1168,9,889,270,25,245
12,Kerala,Arson,196,372,0,236,332,1648,1980,6,1747,227,10,217
13,Madhya Pradesh,Arson,24,961,0,13,972,4873,5845,103,4650,1092,285,807
14,Maharashtra,Arson,639,1572,22,705,1484,15807,17291,87,15857,1347,26,1321
15,Manipur,Arson,20,3,0,23,0,4,4,0,3,1,0,1
16,Meghalaya,Arson,72,155,58,80,89,146,235,0,233,2,1,1
17,Mizoram,Arson,0,18,0,9,9,18,27,0,12,15,13,2
18,Nagaland,Arson,2,8,2,7,1,3,4,0,2,2,1,1
19,Odisha,Arson,74,514,7,70,511,3372,3883,0,3483,400,37,363
20,Punjab,Arson,147,93,0,177,63,366,429,0,349,80,26,54
21,Rajasthan,Arson,8,579,0,8,579,4292,4871,43,4317,511,225,286
22,Sikkim,Arson,4,19,0,5,18,3,21,0,5,16,5,11
23,Tamil Nadu,Arson,663,791,48,725,681,1666,2347,1,1907,439,77,362
24,Tripura,Arson,3,84,8,12,67,36,103,0,77,26,2,24
25,Uttar Pradesh,Arson,42,967,270,288,451,3322,3773,7,3290,476,263,213
26,Uttarakhand,Arson,0,9,0,1,8,81,89,0,61,28,15,13
27,West Bengal,Arson,303,501,39,303,462,1810,2272,0,2159,113,2,111
28,Total (State),Arson,4999,11641,975,5389,10276,63181,73457,589,64356,8512,1344,7168
29,A&N Islands,Arson,9,1,0,5,5,59,64,0,59,5,0,5
30,Chandigarh,Arson,6,4,0,4,6,21,27,0,22,5,0,5
31,D&N Haveli,Arson,2,0,0,0,2,18,20,0,18,2,0,2
32,Daman & Diu,Arson,0,0,0,0,0,14,14,0,14,0,0,0
33,Delhi UT,Arson,36,44,0,44,36,130,166,0,157,9,6,3
34,Lakshadweep,Arson,8,0,0,8,0,0,0,0,0,0,0,0
35,Puducherry,Arson,34,9,6,11,26,23,49,0,44,5,1,4
36,Total (UTs),Arson,95,58,6,72,75,265,340,0,314,26,7,19
37,Total (All-India),Arson,5094,11699,981,5461,10351,63446,73797,589,64670,8538,1351,7187
38,Andhra Pradesh,Assault on Women wih intent to outrage her Modesty,1471,6806,44,1959,6274,8192,14466,707,10054,3705,387,3318
39,Arunachal Pradesh,Assault on Women wih intent to outrage her Modesty,53,81,34,37,63,478,541,2,522,17,8,9
40,Assam,Assault on Women wih intent to outrage her Modesty,1497,2538,943,1273,1819,2753,4572,0,3456,1116,58,1058
41,Bihar,Assault on Women wih intent to outrage her Modesty,189,509,10,163,525,3489,4014,79,3363,572,81,491
42,Chhattisgarh,Assault on Women wih intent to outrage her Modesty,73,2551,0,132,2492,8609,11101,274,8452,2375,811,1564
43,Goa,Assault on Women wih intent to outrage her Modesty,31,170,2,90,109,120,229,1,200,28,3,25
44,Gujarat,Assault on Women wih intent to outrage her Modesty,78,1756,0,149,1685,10673,12358,13,11565,780,38,742
45,Haryana,Assault on Women wih intent to outrage her Modesty,30,1785,0,51,1764,2402,4166,0,3271,895,243,652
46,Himachal Pradesh,Assault on Women wih intent to outrage her Modesty,35,565,1,61,538,1995,2533,41,2243,249,60,189
47,Jammu & Kashmir,Assault on Women wih intent to outrage her Modesty,10,2812,0,12,2810,12386,15196,701,11689,2806,150,2656
48,Jharkhand,Assault on Women wih intent to outrage her Modesty,109,552,0,165,496,721,1217,3,842,372,119,253
49,Karnataka,Assault on Women wih intent to outrage her Modesty,608,5909,110,905,5502,8350,13852,389,10204,3259,125,3134
50,Kerala,Assault on Women wih intent to outrage her Modesty,509,4406,0,547,4368,16466,20834,114,18662,2058,307,1751
51,Madhya Pradesh,Assault on Women wih intent to outrage her Modesty,34,9699,0,60,9673,28080,37753,3291,29253,5209,1894,3315
52,Maharashtra,Assault on Women wih intent to outrage her Modesty,1475,10084,22,3231,8306,35042,43348,630,39520,3198,359,2839
53,Manipur,Assault on Women wih intent to outrage her Modesty,50,51,35,60,6,17,23,0,23,0,0,0
54,Meghalaya,Assault on Women wih intent to outrage her Modesty,32,116,51,26,71,244,315,2,304,9,4,5
55,Mizoram,Assault on Women wih intent to outrage her Modesty,9,90,4,22,73,80,153,0,71,82,59,23
56,Nagaland,Assault on Women wih intent to outrage her Modesty,4,14,11,6,1,13,14,0,6,8,7,1
57,Odisha,Assault on Women wih intent to outrage her Modesty,438,6117,1,435,6119,28413,34532,0,31674,2858,204,2654
58,Punjab,Assault on Women wih intent to outrage her Modesty,443,1132,54,796,725,1222,1947,0,1525,422,173,249
59,Rajasthan,Assault on Women wih intent to outrage her Modesty,6,4786,0,10,4782,14173,18955,771,15641,2543,1328,1215
60,Sikkim,Assault on Women wih intent to outrage her Modesty,8,29,0,8,29,29,58,5,13,40,24,16
61,Tamil Nadu,Assault on Women wih intent to outrage her Modesty,1069,1823,99,850,1943,5483,7426,1,5439,1986,536,1450
62,Tripura,Assault on Women wih intent to outrage her Modesty,86,460,29,78,439,247,686,14,391,281,45,236
63,Uttar Pradesh,Assault on Women wih intent to outrage her Modesty,347,12214,1512,1408,9641,11854,21495,302,18437,2756,1660,1096
64,Uttarakhand,Assault on Women wih intent to outrage her Modesty,8,394,5,6,391,590,981,0,801,180,119,61
65,West Bengal,Assault on Women wih intent to outrage her Modesty,420,5426,195,579,5072,14268,19340,5,18152,1183,98,1085
66,Total (State),Assault on Women wih intent to outrage her Modesty,9122,82875,3162,13119,75716,216389,292105,7345,245773,38987,8900,30087
67,A&N Islands,Assault on Women wih intent to outrage her Modesty,22,48,0,17,53,265,318,0,298,20,9,11
68,Chandigarh,Assault on Women wih intent to outrage her Modesty,33,166,4,45,150,107,257,0,182,75,15,60
69,D&N Haveli,Assault on Women wih intent to outrage her Modesty,1,1,0,0,2,30,32,0,32,0,0,0
70,Daman & Diu,Assault on Women wih intent to outrage her Modesty,5,0,0,5,0,0,0,0,0,0,0,0
71,Delhi UT,Assault on Women wih intent to outrage her Modesty,698,4129,10,1476,3341,4867,8208,8,7077,1123,446,677
72,Lakshadweep,Assault on Women wih intent to outrage her Modesty,0,1,0,1,0,0,0,0,0,0,0,0
73,Puducherry,Assault on Women wih intent to outrage her Modesty,15,9,0,0,24,262,286,12,244,30,11,19
74,Total (UTs),Assault on Women wih intent to outrage her Modesty,774,4354,14,1544,3570,5531,9101,20,7833,1248,481,767
75,Total (All-India),Assault on Women wih intent to outrage her Modesty,9896,87229,3176,14663,79286,221920,301206,7365,253606,40235,9381,30854
76,Andhra Pradesh,Attempt to Commit Murder,2124,3838,25,2454,3483,8490,11973,109,9417,2447,302,2145
77,Arunachal Pradesh,Attempt to Commit Murder,44,44,8,54,26,563,589,0,588,1,0,1
78,Assam,Attempt to Commit Murder,918,687,224,883,498,2061,2559,0,2281,278,29,249
79,Bihar,Attempt to Commit Murder,5856,8356,184,4532,9496,58669,68165,39,61965,6161,929,5232
80,Chhattisgarh,Attempt to Commit Murder,104,1178,0,118,1164,6290,7454,7,6186,1261,504,757
81,Goa,Attempt to Commit Murder,169,134,0,212,91,288,379,0,358,21,6,15
82,Gujarat,Attempt to Commit Murder,271,2271,4,432,2106,33007,35113,0,34229,884,56,828
83,Haryana,Attempt to Commit Murder,202,1876,0,181,1897,5677,7574,1,5739,1834,512,1322
84,Himachal Pradesh,Attempt to Commit Murder,44,159,0,29,174,921,1095,3,856,236,48,188
85,Jammu & Kashmir,Attempt to Commit Murder,39,1142,0,44,1137,10638,11775,129,10546,1100,35,1065
86,Jharkhand,Attempt to Commit Murder,1150,1330,0,1274,1206,3539,4745,11,3540,1194,301,893
87,Karnataka,Attempt to Commit Murder,1144,5201,136,1120,5089,14244,19333,89,16132,3112,156,2956
88,Kerala,Attempt to Commit Murder,1386,1627,0,1299,1714,18095,19809,19,19148,642,114,528
89,Madhya Pradesh,Attempt to Commit Murder,246,6527,0,186,6587,34033,40620,63,33512,7045,2268,4777
90,Maharashtra,Attempt to Commit Murder,3488,8119,43,3587,7977,74811,82788,35,79050,3703,351,3352
91,Manipur,Attempt to Commit Murder,209,72,76,199,6,72,78,0,72,6,1,5
92,Meghalaya,Attempt to Commit Murder,175,137,64,187,61,202,263,0,251,12,2,10
93,Mizoram,Attempt to Commit Murder,6,19,0,5,20,21,41,0,32,9,6,3
94,Nagaland,Attempt to Commit Murder,8,53,3,25,33,32,65,5,32,28,22,6
95,Odisha,Attempt to Commit Murder,524,3485,0,501,3508,15003,18511,0,16708,1803,226,1577
96,Punjab,Attempt to Commit Murder,2413,2276,122,3064,1503,5715,7218,0,5446,1772,702,1070
97,Rajasthan,Attempt to Commit Murder,55,3631,0,80,3606,22042,25648,268,22948,2432,1182,1250
98,Sikkim,Attempt to Commit Murder,7,10,0,5,12,22,34,0,14,20,15,5
99,Tamil Nadu,Attempt to Commit Murder,5984,7093,47,6498,6532,19508,26040,26,20687,5327,1154,4173
100,Tripura,Attempt to Commit Murder,28,90,18,18,82,141,223,1,150,72,9,63
101,Uttar Pradesh,Attempt to Commit Murder,2038,14162,2675,2821,10704,48295,58999,70,52122,6807,3222,3585
102,Uttarakhand,Attempt to Commit Murder,65,275,0,104,236,1621,1857,0,1423,434,185,249
103,West Bengal,Attempt to Commit Murder,1252,3850,129,1198,3775,9546,13321,0,11846,1475,127,1348
104,Total (State),Attempt to Commit Murder,29949,77642,3758,31110,72723,393546,466269,875,415278,50116,12464,37652
105,A&N Islands,Attempt to Commit Murder,17,4,0,4,17,142,159,0,153,6,0,6
106,Chandigarh,Attempt to Commit Murder,26,101,2,47,78,302,380,0,236,144,42,102
107,D&N Haveli,Attempt to Commit Murder,6,1,0,6,1,34,35,0,30,5,1,4
108,Daman & Diu,Attempt to Commit Murder,1,1,0,1,1,34,35,0,35,0,0,0
109,Delhi UT,Attempt to Commit Murder,863,1092,2,998,955,9000,9955,0,9159,796,355,441
110,Lakshadweep,Attempt to Commit Murder,22,0,0,0,22,0,22,0,22,0,0,0
111,Puducherry,Attempt to Commit Murder,96,36,0,53,79,653,732,0,704,28,4,24
112,Total (UTs),Attempt to Commit Murder,1031,1235,4,1109,1153,10165,11318,0,10339,979,402,577
113,Total (All-India),Attempt to Commit Murder,30980,78877,3762,32219,73876,403711,477587,875,425617,51095,12866,38229
114,Andhra Pradesh,Auto Theft,1651,5967,18,1775,5825,8407,14232,1006,9559,3667,1498,2169
115,Arunachal Pradesh,Auto Theft,101,104,108,44,53,396,449,5,444,0,0,0
116,Assam,Auto Theft,1663,1717,776,1974,630,1548,2178,0,1824,354,35,319
117,Bihar,Auto Theft,2714,3992,184,2985,3537,10532,14069,16,12912,1141,145,996
118,Chhattisgarh,Auto Theft,50,1041,0,31,1060,3772,4832,111,3692,1029,254,775
119,Goa,Auto Theft,35,78,9,39,65,384,449,19,367,63,14,49
120,Gujarat,Auto Theft,225,2803,0,268,2760,30636,33396,14,32042,1340,135,1205
121,Haryana,Auto Theft,653,3810,0,338,4125,11752,15877,0,11970,3907,1645,2262
122,Himachal Pradesh,Auto Theft,56,125,8,36,137,864,1001,0,928,73,18,55
123,Jammu & Kashmir,Auto Theft,28,162,0,36,154,2645,2799,4,2623,172,4,168
124,Jharkhand,Auto Theft,440,858,0,525,773,1098,1871,3,940,928,262,666
125,Karnataka,Auto Theft,280,2747,68,363,2596,8056,10652,566,8030,2056,191,1865
126,Kerala,Auto Theft,510,987,0,513,984,6381,7365,23,6711,631,270,361
127,Madhya Pradesh,Auto Theft,27,4238,0,48,4217,15451,19668,440,16782,2446,868,1578
128,Maharashtra,Auto Theft,2470,6122,244,2758,5590,58140,63730,1606,58839,3285,381,2904
129,Manipur,Auto Theft,63,138,113,79,9,37,46,0,41,5,1,4
130,Meghalaya,Auto Theft,52,47,20,54,25,197,222,0,208,14,6,8
131,Mizoram,Auto Theft,11,75,9,33,44,8,52,0,32,20,19,1
132,Nagaland,Auto Theft,20,113,23,61,49,18,67,0,31,36,33,3
133,Odisha,Auto Theft,199,2011,0,243,1967,7971,9938,0,9112,826,127,699
134,Punjab,Auto Theft,924,1249,17,910,1246,5871,7117,0,5674,1443,715,728
135,Rajasthan,Auto Theft,32,3031,0,46,3017,16217,19234,112,17273,1849,931,918
136,Sikkim,Auto Theft,11,21,4,9,19,4,23,2,3,18,9,9
137,Tamil Nadu,Auto Theft,1021,4054,33,1407,3635,8027,11662,4,8288,3370,1752,1618
138,Tripura,Auto Theft,5,99,6,33,65,91,156,0,104,52,9,43
139,Uttar Pradesh,Auto Theft,549,5568,165,568,5384,13612,18996,6,15848,3142,1791,1351
140,Uttarakhand,Auto Theft,82,358,33,20,387,980,1367,2,910,455,382,73
141,West Bengal,Auto Theft,3761,2529,1505,3377,1408,7554,8962,6,8663,293,25,268
142,Total (State),Auto Theft,17633,54044,3343,18573,49761,220649,270410,3945,233850,32615,11520,21095
143,A&N Islands,Auto Theft,6,1,0,7,0,29,29,0,25,4,0,4
144,Chandigarh,Auto Theft,35,531,9,67,490,672,1162,0,894,268,210,58
145,D&N Haveli,Auto Theft,4,15,0,1,18,97,115,0,97,18,4,14
146,Daman & Diu,Auto Theft,13,10,0,16,7,47,54,12,33,9,0,9
147,Delhi UT,Auto Theft,1121,3199,435,1399,2486,18922,21408,56,18355,2997,1175,1822
148,Lakshadweep,Auto Theft,0,0,0,0,0,0,0,0,0,0,0,0
149,Puducherry,Auto Theft,25,56,0,7,74,271,345,0,283,62,28,34
150,Total (UTs),Auto Theft,1204,3812,444,1497,3075,20038,23113,68,19687,3358,1417,1941
151,Total (All-India),Auto Theft,18837,57856,3787,20070,52836,240687,293523,4013,253537,35973,12937,23036
152,Andhra Pradesh,Burglary,2866,7458,32,3737,6555,13047,19602,401,13611,5590,1915,3675
153,Arunachal Pradesh,Burglary,59,125,70,50,64,1381,1445,3,1420,22,11,11
154,Assam,Burglary,4732,3281,2180,4577,1256,4446,5702,0,4352,1350,109,1241
155,Bihar,Burglary,2582,3211,842,2358,2593,16308,18901,0,17196,1705,317,1388
156,Chhattisgarh,Burglary,69,2039,0,91,2017,16224,18241,58,15821,2362,584,1778
157,Goa,Burglary,204,190,55,182,157,886,1043,0,913,130,29,101
158,Gujarat,Burglary,294,3572,0,309,3557,43934,47491,54,45580,1857,139,1718
159,Haryana,Burglary,619,3466,0,391,3694,13132,16826,0,13617,3209,1079,2130
160,Himachal Pradesh,Burglary,91,507,3,91,504,3060,3564,63,3160,341,58,283
161,Jammu & Kashmir,Burglary,19,587,0,27,579,7164,7743,5,6680,1058,47,1011
162,Jharkhand,Burglary,398,485,0,426,457,1226,1683,0,1092,591,169,422
163,Karnataka,Burglary,417,3326,77,636,3030,11533,14563,19,11643,2901,385,2516
164,Kerala,Burglary,643,1891,0,612,1922,11827,13749,3,12527,1219,545,674
165,Madhya Pradesh,Burglary,146,6513,4,135,6520,41473,47993,496,42235,5262,1392,3870
166,Maharashtra,Burglary,4759,14578,733,5719,12885,135482,148367,833,138305,9229,1005,8224
167,Manipur,Burglary,51,22,7,64,2,179,181,0,176,5,4,1
168,Meghalaya,Burglary,195,94,35,205,49,568,617,1,591,25,18,7
169,Mizoram,Burglary,43,396,34,99,306,216,522,0,227,295,262,33
170,Nagaland,Burglary,10,26,11,6,19,35,54,0,26,28,22,6
171,Odisha,Burglary,467,2975,0,474,2968,22359,25327,0,23848,1479,143,1336
172,Punjab,Burglary,1510,2139,39,1584,2026,7840,9866,0,8288,1578,788,790
173,Rajasthan,Burglary,16,2946,0,31,2931,24485,27416,46,24486,2884,1137,1747
174,Sikkim,Burglary,17,110,2,8,117,22,139,0,4,135,23,112
175,Tamil Nadu,Burglary,1572,4763,33,1984,4318,10909,15227,0,12095,3132,1535,1597
176,Tripura,Burglary,57,217,37,53,184,97,281,0,177,104,20,84
177,Uttar Pradesh,Burglary,603,5643,705,690,4851,20654,25505,18,22316,3171,1695,1476
178,Uttarakhand,Burglary,72,300,37,18,317,1178,1495,0,1067,428,381,47
179,West Bengal,Burglary,838,493,161,754,416,3982,4398,0,4310,88,7,81
180,Total (State),Burglary,23349,71353,5097,25311,64294,413647,477941,2000,425763,50178,13819,36359
181,A&N Islands,Burglary,37,32,0,23,46,413,459,0,435,24,13,11
182,Chandigarh,Burglary,32,247,17,33,229,409,638,0,427,211,177,34
183,D&N Haveli,Burglary,29,30,0,8,51,250,301,0,275,26,4,22
184,Daman & Diu,Burglary,15,44,0,42,17,99,116,3,100,13,0,13
185,Delhi UT,Burglary,375,1430,180,561,1064,10985,12049,15,11100,934,473,461
186,Lakshadweep,Burglary,4,1,0,4,1,5,6,0,6,0,0,0
187,Puducherry,Burglary,26,123,0,6,143,230,373,0,347,26,7,19
188,Total (UTs),Burglary,518,1907,197,677,1551,12391,13942,18,12690,1234,674,560
189,Total (All-India),Burglary,23867,73260,5294,25988,65845,426038,491883,2018,438453,51412,14493,36919
190,Andhra Pradesh,C H Not amounting to Murder,125,280,10,175,220,677,897,1,708,188,27,161
191,Arunachal Pradesh,C H Not amounting to Murder,0,3,0,2,1,61,62,0,62,0,0,0
192,Assam,C H Not amounting to Murder,123,51,19,120,35,145,180,0,159,21,2,19
193,Bihar,C H Not amounting to Murder,500,505,23,481,501,2633,3134,2,2640,492,74,418
194,Chhattisgarh,C H Not amounting to Murder,2,50,0,3,49,132,181,0,145,36,14,22
195,Goa,C H Not amounting to Murder,5,0,0,3,2,39,41,0,41,0,0,0
196,Gujarat,C H Not amounting to Murder,6,74,0,9,71,798,869,0,838,31,1,30
197,Haryana,C H Not amounting to Murder,9,74,0,4,79,444,523,0,413,110,26,84
198,Himachal Pradesh,C H Not amounting to Murder,3,19,0,2,20,124,144,0,129,15,3,12
199,Jammu & Kashmir,C H Not amounting to Murder,2,20,0,1,21,166,187,0,160,27,1,26
200,Jharkhand,C H Not amounting to Murder,42,99,0,40,101,369,470,0,390,80,15,65
201,Karnataka,C H Not amounting to Murder,21,98,1,23,95,231,326,3,263,60,1,59
202,Kerala,C H Not amounting to Murder,107,147,0,118,136,1007,1143,0,1082,61,6,55
203,Madhya Pradesh,C H Not amounting to Murder,9,209,0,2,216,672,888,1,729,158,57,101
204,Maharashtra,C H Not amounting to Murder,167,447,4,235,375,2529,2904,4,2721,179,15,164
205,Manipur,C H Not amounting to Murder,5,3,1,3,4,20,24,0,24,0,0,0
206,Meghalaya,C H Not amounting to Murder,26,19,6,26,13,44,57,2,54,1,0,1
207,Mizoram,C H Not amounting to Murder,14,2,7,0,9,4,13,0,6,7,4,3
208,Nagaland,C H Not amounting to Murder,2,11,3,7,3,4,7,0,6,1,1,0
209,Odisha,C H Not amounting to Murder,15,67,0,14,68,343,411,0,346,65,8,57
210,Punjab,C H Not amounting to Murder,264,140,6,265,133,547,680,0,520,160,73,87
211,Rajasthan,C H Not amounting to Murder,0,99,0,0,99,454,553,4,486,63,25,38
212,Sikkim,C H Not amounting to Murder,0,0,0,0,0,4,4,0,0,4,2,2
213,Tamil Nadu,C H Not amounting to Murder,34,37,0,28,43,93,136,0,91,45,10,35
214,Tripura,C H Not amounting to Murder,0,1,0,1,0,10,10,0,9,1,0,1
215,Uttar Pradesh,C H Not amounting to Murder,524,3462,681,626,2679,13166,15845,14,13705,2126,1090,1036
216,Uttarakhand,C H Not amounting to Murder,14,51,1,2,62,364,426,0,325,101,60,41
217,West Bengal,C H Not amounting to Murder,759,465,38,678,508,5689,6197,0,5688,509,73,436
218,Total (State),C H Not amounting to Murder,2778,6433,800,2868,5543,30769,36312,31,31740,4541,1588,2953
219,A&N Islands,C H Not amounting to Murder,0,1,0,1,0,48,48,0,46,2,1,1
220,Chandigarh,C H Not amounting to Murder,10,9,0,11,8,29,37,0,21,16,4,12
221,D&N Haveli,C H Not amounting to Murder,0,1,0,0,1,6,7,0,3,4,0,4
222,Daman & Diu,C H Not amounting to Murder,0,3,0,0,3,1,4,0,4,0,0,0
223,Delhi UT,C H Not amounting to Murder,83,66,0,93,56,1554,1610,0,1524,86,35,51
224,Lakshadweep,C H Not amounting to Murder,0,0,0,0,0,0,0,0,0,0,0,0
225,Puducherry,C H Not amounting to Murder,16,5,0,8,13,108,121,0,120,1,1,0
226,Total (UTs),C H Not amounting to Murder,109,85,0,113,81,1746,1827,0,1718,109,41,68
227,Total (All-India),C H Not amounting to Murder,2887,6518,800,2981,5624,32515,38139,31,33458,4650,1629,3021
228,Andhra Pradesh,Causing death by negligence,3077,11599,57,3278,11341,28516,39857,570,31474,7813,673,7140
229,Arunachal Pradesh,Causing death by negligence,38,105,41,39,63,266,329,0,313,16,7,9
230,Assam,Causing death by negligence,2824,2936,765,2916,2079,5831,7910,0,5873,2037,139,1898
231,Bihar,Causing death by negligence,2276,3792,365,1636,4067,18952,23019,377,20775,1867,285,1582
232,Chhattisgarh,Causing death by negligence,209,2163,0,213,2159,6888,9047,52,6829,2166,527,1639
233,Goa,Causing death by negligence,126,160,6,150,130,856,986,0,817,169,20,149
234,Gujarat,Causing death by negligence,525,4337,0,502,4360,31252,35612,133,33192,2287,259,2028
235,Haryana,Causing death by negligence,172,3017,0,241,2948,4168,7116,0,5707,1409,261,1148
236,Himachal Pradesh,Causing death by negligence,56,314,0,40,330,1966,2296,4,2059,233,35,198
237,Jammu & Kashmir,Causing death by negligence,5,300,0,3,302,1300,1602,15,1002,585,141,444
238,Jharkhand,Causing death by negligence,535,1117,0,573,1079,1279,2358,0,1348,1010,314,696
239,Karnataka,Causing death by negligence,157,786,22,178,743,1893,2636,3,1953,680,27,653
240,Kerala,Causing death by negligence,21,40,0,20,41,301,342,1,290,51,1,50
241,Madhya Pradesh,Causing death by negligence,74,7246,0,40,7280,21139,28419,505,23155,4759,1713,3046
242,Maharashtra,Causing death by negligence,3283,9421,20,3221,9463,90096,99559,785,92187,6587,370,6217
243,Manipur,Causing death by negligence,9,1,3,7,0,1,1,0,1,0,0,0
244,Meghalaya,Causing death by negligence,18,74,7,18,67,175,242,0,212,30,10,20
245,Mizoram,Causing death by negligence,10,47,1,8,48,19,67,1,37,29,18,11
246,Nagaland,Causing death by negligence,8,18,6,12,8,7,15,0,5,10,9,1
247,Odisha,Causing death by negligence,260,3948,0,265,3943,19748,23691,0,21808,1883,249,1634
248,Punjab,Causing death by negligence,2084,2646,124,2331,2275,9209,11484,0,9034,2450,882,1568
249,Rajasthan,Causing death by negligence,9,7038,0,19,7028,36565,43593,217,38017,5359,2313,3046
250,Sikkim,Causing death by negligence,10,56,3,7,56,58,114,7,10,97,43,54
251,Tamil Nadu,Causing death by negligence,7049,13230,601,7425,12253,34617,46870,269,37263,9338,2252,7086
252,Tripura,Causing death by negligence,23,167,9,7,174,87,261,0,158,103,8,95
253,Uttar Pradesh,Causing death by negligence,509,11884,892,678,10823,30280,41103,476,34637,5990,3354,2636
254,Uttarakhand,Causing death by negligence,18,437,7,18,430,1773,2203,9,1860,334,237,97
255,West Bengal,Causing death by negligence,870,3111,325,454,3202,14712,17914,6,16703,1205,94,1111
256,Total (State),Causing death by negligence,24255,89990,3254,24299,86692,361954,448646,3430,386719,58497,14241,44256
257,A&N Islands,Causing death by negligence,3,6,0,0,9,37,46,0,44,2,1,1
258,Chandigarh,Causing death by negligence,3,6,0,0,9,53,62,0,38,24,0,24
259,D&N Haveli,Causing death by negligence,7,21,0,5,23,131,154,0,140,14,0,14
260,Daman & Diu,Causing death by negligence,8,21,0,9,20,106,126,0,107,19,0,19
261,Delhi UT,Causing death by negligence,178,647,1,284,540,1059,1599,3,1138,458,193,265
262,Lakshadweep,Causing death by negligence,0,0,0,0,0,0,0,0,0,0,0,0
263,Puducherry,Causing death by negligence,167,213,0,97,283,680,963,0,622,341,328,13
264,Total (UTs),Causing death by negligence,366,914,1,395,884,2066,2950,3,2089,858,522,336
265,Total (All-India),Causing death by negligence,24621,90904,3255,24694,87576,364020,451596,3433,388808,59355,14763,44592
266,Andhra Pradesh,Cheating,4413,10673,140,5745,9201,24037,33238,2126,26273,4839,791,4048
267,Arunachal Pradesh,Cheating,83,64,10,109,28,309,337,0,332,5,3,2
268,Assam,Cheating,1524,1863,888,1732,767,2328,3095,0,2197,898,44,854
269,Bihar,Cheating,4685,5133,418,3635,5765,23321,29086,164,26496,2426,334,2092
270,Chhattisgarh,Cheating,314,1400,46,271,1397,4968,6365,125,5562,678,374,304
271,Goa,Cheating,337,132,6,403,60,596,656,3,631,22,5,17
272,Gujarat,Cheating,452,2239,4,669,2018,32849,34867,31,33974,862,51,811
273,Haryana,Cheating,339,1688,0,228,1799,7107,8906,0,7245,1661,395,1266
274,Himachal Pradesh,Cheating,122,345,9,164,294,1608,1902,15,1762,125,35,90
275,Jammu & Kashmir,Cheating,18,751,0,21,748,4709,5457,123,4532,802,41,761
276,Jharkhand,Cheating,699,2010,0,1111,1598,1918,3516,34,2289,1193,302,891
277,Karnataka,Cheating,1517,4865,114,1927,4341,14398,18739,240,16571,1928,147,1781
278,Kerala,Cheating,1268,4169,0,1489,3948,16944,20892,117,19092,1683,227,1456
279,Madhya Pradesh,Cheating,257,2438,0,267,2428,16214,18642,226,16646,1770,707,1063
280,Maharashtra,Cheating,6444,12899,184,8013,11146,92481,103627,451,98987,4189,326,3863
281,Manipur,Cheating,128,71,50,142,7,62,69,0,67,2,2,0
282,Meghalaya,Cheating,200,158,74,190,94,331,425,8,409,8,4,4
283,Mizoram,Cheating,17,44,0,23,38,32,70,6,29,35,27,8
284,Nagaland,Cheating,33,54,18,44,25,36,61,0,17,44,32,12
285,Odisha,Cheating,183,2148,0,188,2143,8698,10841,0,10024,817,97,720
286,Punjab,Cheating,2738,4389,203,3415,3509,21743,25252,6,22235,3011,821,2190
287,Rajasthan,Cheating,174,5584,0,177,5581,31551,37132,751,34272,2109,790,1319
288,Sikkim,Cheating,27,31,0,21,37,64,101,0,14,87,59,28
289,Tamil Nadu,Cheating,5546,4630,149,5885,4142,8411,12553,5,9908,2640,338,2302
290,Tripura,Cheating,10,194,2,81,121,78,199,0,125,74,9,65
291,Uttar Pradesh,Cheating,10558,34281,15119,14293,15427,41900,57327,487,50075,6765,3441,3324
292,Uttarakhand,Cheating,293,378,240,38,393,2847,3240,15,2823,402,228,174
293,West Bengal,Cheating,3201,6204,1593,3284,4528,11752,16280,14,15263,1003,24,979
294,Total (State),Cheating,45580,108835,19267,53565,81583,371292,452875,4947,407850,40078,9654,30424
295,A&N Islands,Cheating,37,19,0,21,35,219,254,0,218,36,28,8
296,Chandigarh,Cheating,162,270,19,158,255,1359,1614,0,1385,229,23,206
297,D&N Haveli,Cheating,14,9,0,9,14,157,171,0,166,5,1,4
298,Daman & Diu,Cheating,6,22,0,15,13,69,82,5,67,10,0,10
299,Delhi UT,Cheating,661,1418,60,436,1583,14384,15967,37,14973,957,430,527
300,Lakshadweep,Cheating,0,0,0,0,0,0,0,0,0,0,0,0
301,Puducherry,Cheating,110,46,4,79,73,239,312,8,298,6,0,6
302,Total (UTs),Cheating,990,1784,83,718,1973,16427,18400,50,17107,1243,482,761
303,Total (All-India),Cheating,46570,110619,19350,54283,83556,387719,471275,4997,424957,41321,10136,31185
304,Andhra Pradesh,Counterfeiting,273,312,0,342,243,781,1024,0,899,125,2,123
305,Arunachal Pradesh,Counterfeiting,0,0,0,0,0,47,47,0,47,0,0,0
306,Assam,Counterfeiting,228,84,35,209,68,504,572,0,527,45,6,39
307,Bihar,Counterfeiting,78,304,0,186,196,821,1017,0,921,96,15,81
308,Chhattisgarh,Counterfeiting,6,43,0,7,42,208,250,0,199,51,23,28
309,Goa,Counterfeiting,5,2,0,4,3,20,23,0,11,12,0,12
310,Gujarat,Counterfeiting,9,77,0,7,79,1091,1170,0,1133,37,4,33
311,Haryana,Counterfeiting,0,37,0,1,36,177,213,0,153,60,26,34
312,Himachal Pradesh,Counterfeiting,0,28,0,4,24,24,48,0,47,1,0,1
313,Jammu & Kashmir,Counterfeiting,4,42,0,4,42,315,357,0,336,21,0,21
314,Jharkhand,Counterfeiting,10,13,0,2,21,118,139,0,125,14,4,10
315,Karnataka,Counterfeiting,10,89,0,17,82,569,651,1,583,67,3,64
316,Kerala,Counterfeiting,360,61,2,330,89,978,1067,0,1055,12,2,10
317,Madhya Pradesh,Counterfeiting,0,50,0,1,49,297,346,3,315,28,17,11
318,Maharashtra,Counterfeiting,206,221,8,160,259,1945,2204,1,2129,74,18,56
319,Manipur,Counterfeiting,26,2,4,22,2,137,139,0,137,2,1,1
320,Meghalaya,Counterfeiting,46,19,9,46,10,75,85,0,82,3,1,2
321,Mizoram,Counterfeiting,1,9,1,4,5,4,9,0,4,5,4,1
322,Nagaland,Counterfeiting,5,7,3,4,5,8,13,0,5,8,7,1
323,Odisha,Counterfeiting,0,35,0,1,34,449,483,0,465,18,3,15
324,Punjab,Counterfeiting,108,71,0,127,52,435,487,0,359,128,79,49
325,Rajasthan,Counterfeiting,2,40,0,0,42,569,611,0,567,44,7,37
326,Sikkim,Counterfeiting,4,1,0,2,3,2,5,0,5,0,0,0
327,Tamil Nadu,Counterfeiting,266,104,11,253,106,307,413,0,327,86,8,78
328,Tripura,Counterfeiting,8,27,1,7,27,47,74,0,69,5,0,5
329,Uttar Pradesh,Counterfeiting,60,190,11,81,158,1391,1549,0,1384,165,105,60
330,Uttarakhand,Counterfeiting,5,41,0,3,43,116,159,0,112,47,38,9
331,West Bengal,Counterfeiting,429,490,55,436,428,1460,1888,0,1732,156,86,70
332,Total (State),Counterfeiting,2149,2399,140,2260,2148,12895,15043,5,13728,1310,459,851
333,A&N Islands,Counterfeiting,0,0,0,0,0,3,3,0,3,0,0,0
334,Chandigarh,Counterfeiting,0,4,2,0,2,7,9,0,7,2,2,0
335,D&N Haveli,Counterfeiting,0,0,0,0,0,0,0,0,0,0,0,0
336,Daman & Diu,Counterfeiting,0,2,0,2,0,0,0,0,0,0,0,0
337,Delhi UT,Counterfeiting,55,50,0,46,59,487,546,0,531,15,9,6
338,Lakshadweep,Counterfeiting,0,0,0,0,0,0,0,0,0,0,0,0
339,Puducherry,Counterfeiting,6,1,0,7,0,6,6,0,6,0,0,0
340,Total (UTs),Counterfeiting,61,57,2,55,61,503,564,0,547,17,11,6
341,Total (All-India),Counterfeiting,2210,2456,142,2315,2209,13398,15607,5,14275,1327,470,857
342,Andhra Pradesh,Criminal Breach of Trust,796,1281,11,930,1136,3629,4765,174,3549,1042,127,915
343,Arunachal Pradesh,Criminal Breach of Trust,40,18,6,35,17,365,382,0,378,4,0,4
344,Assam,Criminal Breach of Trust,1343,1126,651,1260,558,1673,2231,0,1776,455,20,435
345,Bihar,Criminal Breach of Trust,2163,2497,335,1869,2456,14677,17133,94,15761,1278,123,1155
346,Chhattisgarh,Criminal Breach of Trust,14,202,0,18,198,1374,1572,18,1380,174,58,116
347,Goa,Criminal Breach of Trust,96,54,15,109,26,243,269,0,262,7,3,4
348,Gujarat,Criminal Breach of Trust,532,2149,0,430,2251,27933,30184,39,29125,1020,46,974
349,Haryana,Criminal Breach of Trust,84,679,0,49,714,2775,3489,0,2930,559,130,429
350,Himachal Pradesh,Criminal Breach of Trust,56,95,13,35,103,799,902,6,819,77,15,62
351,Jammu & Kashmir,Criminal Breach of Trust,12,294,0,16,290,1686,1976,0,1755,221,4,217
352,Jharkhand,Criminal Breach of Trust,325,653,0,334,644,1258,1902,12,1274,616,128,488
353,Karnataka,Criminal Breach of Trust,230,580,18,292,500,2599,3099,24,2721,354,11,343
354,Kerala,Criminal Breach of Trust,172,213,5,149,231,2177,2408,4,2272,132,13,119
355,Madhya Pradesh,Criminal Breach of Trust,50,645,0,51,644,4699,5343,71,4607,665,304,361
356,Maharashtra,Criminal Breach of Trust,1794,2864,41,1888,2729,35106,37835,241,36068,1526,95,1431
357,Manipur,Criminal Breach of Trust,38,9,10,36,1,53,54,0,54,0,0,0
358,Meghalaya,Criminal Breach of Trust,33,61,22,34,38,170,208,1,207,0,0,0
359,Mizoram,Criminal Breach of Trust,5,29,0,13,21,9,30,0,18,12,10,2
360,Nagaland,Criminal Breach of Trust,9,10,9,5,5,14,19,3,7,9,7,2
361,Odisha,Criminal Breach of Trust,69,555,3,73,548,3057,3605,0,3277,328,38,290
362,Punjab,Criminal Breach of Trust,356,327,14,430,239,1902,2141,1,1874,266,93,173
363,Rajasthan,Criminal Breach of Trust,8,263,0,3,268,2984,3252,31,3046,175,72,103
364,Sikkim,Criminal Breach of Trust,8,6,0,8,6,8,14,0,5,9,6,3
365,Tamil Nadu,Criminal Breach of Trust,411,356,0,502,265,754,1019,0,807,212,29,183
366,Tripura,Criminal Breach of Trust,3,59,0,23,39,137,176,2,141,33,6,27
367,Uttar Pradesh,Criminal Breach of Trust,2040,7840,3141,2752,3987,16343,20330,201,17723,2406,1185,1221
368,Uttarakhand,Criminal Breach of Trust,33,75,28,10,70,525,595,0,494,101,68,33
369,West Bengal,Criminal Breach of Trust,846,1435,306,725,1250,5946,7196,17,6743,436,14,422
370,Total (State),Criminal Breach of Trust,11566,24375,4628,12079,19234,132895,152129,939,139073,12117,2605,9512
371,A&N Islands,Criminal Breach of Trust,11,2,0,7,6,36,42,0,36,6,0,6
372,Chandigarh,Criminal Breach of Trust,11,32,6,6,31,165,196,0,182,14,2,12
373,D&N Haveli,Criminal Breach of Trust,23,0,1,19,3,176,179,0,179,0,0,0
374,Daman & Diu,Criminal Breach of Trust,1,7,0,2,6,34,40,5,23,12,0,12
375,Delhi UT,Criminal Breach of Trust,68,241,5,80,224,1504,1728,3,1513,212,88,124
376,Lakshadweep,Criminal Breach of Trust,0,0,0,0,0,0,0,0,0,0,0,0
377,Puducherry,Criminal Breach of Trust,4,11,0,10,5,69,74,0,74,0,0,0
378,Total (UTs),Criminal Breach of Trust,118,293,12,124,275,1984,2259,8,2007,244,90,154
379,Total (All-India),Criminal Breach of Trust,11684,24668,4640,12203,19509,134879,154388,947,141080,12361,2695,9666
380,Andhra Pradesh,Cruelty by Husband or his Relatives,5377,22265,119,6678,20845,39554,60399,4864,43204,12331,1487,10844
381,Arunachal Pradesh,Cruelty by Husband or his Relatives,11,32,6,17,20,91,111,5,102,4,3,1
382,Assam,Cruelty by Husband or his Relatives,3588,7806,2062,4055,5277,8152,13429,189,9399,3841,168,3673
383,Bihar,Cruelty by Husband or his Relatives,5318,7923,236,4531,8474,17857,26331,521,22353,3457,425,3032
384,Chhattisgarh,Cruelty by Husband or his Relatives,111,2892,0,158,2845,9745,12590,303,10203,2084,490,1594
385,Goa,Cruelty by Husband or his Relatives,59,84,11,65,67,147,214,4,183,27,0,27
386,Gujarat,Cruelty by Husband or his Relatives,1407,24611,0,1524,24494,131733,156227,520,145958,9749,284,9465
387,Haryana,Cruelty by Husband or his Relatives,636,4803,0,289,5150,14197,19347,46,15064,4237,535,3702
388,Himachal Pradesh,Cruelty by Husband or his Relatives,91,765,0,104,752,3050,3802,192,3336,274,14,260
389,Jammu & Kashmir,Cruelty by Husband or his Relatives,11,898,0,15,894,1813,2707,366,2009,332,4,328
390,Jharkhand,Cruelty by Husband or his Relatives,1095,3020,4,1716,2395,2836,5231,95,3371,1765,359,1406
391,Karnataka,Cruelty by Husband or his Relatives,1261,5771,93,1088,5851,14745,20596,429,15095,5072,179,4893
392,Kerala,Cruelty by Husband or his Relatives,1203,6330,0,1254,6279,28944,35223,97,30394,4732,268,4464
393,Madhya Pradesh,Cruelty by Husband or his Relatives,69,13127,1,55,13140,38448,51588,5603,38243,7742,2275,5467
394,Maharashtra,Cruelty by Husband or his Relatives,7563,31492,32,9350,29673,190956,220629,3385,196116,21128,498,20630
395,Manipur,Cruelty by Husband or his Relatives,36,18,13,39,2,10,12,0,12,0,0,0
396,Meghalaya,Cruelty by Husband or his Relatives,22,25,9,23,15,58,73,0,68,5,0,5
397,Mizoram,Cruelty by Husband or his Relatives,0,5,0,0,5,0,5,0,1,4,3,1
398,Nagaland,Cruelty by Husband or his Relatives,0,6,0,5,1,1,2,0,1,1,1,0
399,Odisha,Cruelty by Husband or his Relatives,435,4673,10,435,4663,18636,23299,0,20634,2665,164,2501
400,Punjab,Cruelty by Husband or his Relatives,2183,2785,113,3073,1782,9029,10811,0,9583,1228,432,796
401,Rajasthan,Cruelty by Husband or his Relatives,131,10944,0,135,10940,44849,55789,1862,47128,6799,2375,4424
402,Sikkim,Cruelty by Husband or his Relatives,4,5,0,2,7,10,17,1,6,10,7,3
403,Tamil Nadu,Cruelty by Husband or his Relatives,2235,4475,302,2518,3890,7841,11731,9,8668,3054,540,2514
404,Tripura,Cruelty by Husband or his Relatives,282,1491,252,366,1155,1686,2841,16,1675,1150,93,1057
405,Uttar Pradesh,Cruelty by Husband or his Relatives,11076,42676,15018,13944,24790,62614,87404,1490,74156,11758,6237,5521
406,Uttarakhand,Cruelty by Husband or his Relatives,120,491,85,44,482,2577,3059,31,2592,436,246,190
407,West Bengal,Cruelty by Husband or his Relatives,4262,21400,886,4582,20194,109132,129326,35,119594,9697,101,9596
408,Total (State),Cruelty by Husband or his Relatives,48586,220813,19252,56065,194082,758711,952793,20063,819148,113582,17188,96394
409,A&N Islands,Cruelty by Husband or his Relatives,4,10,0,5,9,140,149,0,127,22,3,19
410,Chandigarh,Cruelty by Husband or his Relatives,26,112,4,43,91,474,565,0,418,147,13,134
411,D&N Haveli,Cruelty by Husband or his Relatives,0,0,0,0,0,44,44,0,44,0,0,0
412,Daman & Diu,Cruelty by Husband or his Relatives,3,3,0,1,5,31,36,0,18,18,0,18
413,Delhi UT,Cruelty by Husband or his Relatives,438,1137,10,482,1083,13989,15072,47,13638,1387,338,1049
414,Lakshadweep,Cruelty by Husband or his Relatives,1,0,0,0,1,0,1,0,1,0,0,0
415,Puducherry,Cruelty by Husband or his Relatives,6,16,0,10,12,56,68,0,60,8,0,8
416,Total (UTs),Cruelty by Husband or his Relatives,478,1278,14,541,1201,14734,15935,47,14306,1582,354,1228
417,Total (All-India),Cruelty by Husband or his Relatives,49064,222091,19266,56606,195283,773445,968728,20110,833454,115164,17542,97622
418,Andhra Pradesh,Custodial Rape,0,0,0,0,0,0,0,0,0,0,0,0
419,Arunachal Pradesh,Custodial Rape,0,0,0,0,0,0,0,0,0,0,0,0
420,Assam,Custodial Rape,0,0,0,0,0,3,3,0,0,3,0,3
421,Bihar,Custodial Rape,0,0,0,0,0,1,1,0,1,0,0,0
422,Chhattisgarh,Custodial Rape,0,0,0,0,0,0,0,0,0,0,0,0
423,Goa,Custodial Rape,0,0,0,0,0,0,0,0,0,0,0,0
424,Gujarat,Custodial Rape,0,0,0,0,0,0,0,0,0,0,0,0
425,Haryana,Custodial Rape,0,0,0,0,0,0,0,0,0,0,0,0
426,Himachal Pradesh,Custodial Rape,0,0,0,0,0,0,0,0,0,0,0,0
427,Jammu & Kashmir,Custodial Rape,0,0,0,0,0,0,0,0,0,0,0,0
428,Jharkhand,Custodial Rape,0,0,0,0,0,0,0,0,0,0,0,0
429,Karnataka,Custodial Rape,0,5,5,0,0,0,0,0,0,0,0,0
430,Kerala,Custodial Rape,0,0,0,0,0,0,0,0,0,0,0,0
431,Madhya Pradesh,Custodial Rape,0,0,0,0,0,6,6,0,6,0,0,0
432,Maharashtra,Custodial Rape,0,0,0,0,0,0,0,0,0,0,0,0
433,Manipur,Custodial Rape,0,0,0,0,0,0,0,0,0,0,0,0
434,Meghalaya,Custodial Rape,0,0,0,0,0,0,0,0,0,0,0,0
435,Mizoram,Custodial Rape,0,0,0,0,0,1,1,0,0,1,0,1
436,Nagaland,Custodial Rape,0,0,0,0,0,0,0,0,0,0,0,0
437,Odisha,Custodial Rape,0,0,0,0,0,0,0,0,0,0,0,0
438,Punjab,Custodial Rape,0,0,0,0,0,0,0,0,0,0,0,0
439,Rajasthan,Custodial Rape,0,0,0,0,0,0,0,0,0,0,0,0
440,Sikkim,Custodial Rape,0,0,0,0,0,0,0,0,0,0,0,0
441,Tamil Nadu,Custodial Rape,0,0,0,0,0,0,0,0,0,0,0,0
442,Tripura,Custodial Rape,0,0,0,0,0,0,0,0,0,0,0,0
443,Uttar Pradesh,Custodial Rape,0,0,0,0,0,0,0,0,0,0,0,0
444,Uttarakhand,Custodial Rape,0,0,0,0,0,0,0,0,0,0,0,0
445,West Bengal,Custodial Rape,0,0,0,0,0,0,0,0,0,0,0,0
446,Total (State),Custodial Rape,0,5,5,0,0,11,11,0,7,4,0,4
447,A&N Islands,Custodial Rape,0,0,0,0,0,0,0,0,0,0,0,0
448,Chandigarh,Custodial Rape,0,0,0,0,0,0,0,0,0,0,0,0
449,D&N Haveli,Custodial Rape,0,0,0,0,0,0,0,0,0,0,0,0
450,Daman & Diu,Custodial Rape,0,0,0,0,0,0,0,0,0,0,0,0
451,Delhi UT,Custodial Rape,0,0,0,0,0,0,0,0,0,0,0,0
452,Lakshadweep,Custodial Rape,0,0,0,0,0,0,0,0,0,0,0,0
453,Puducherry,Custodial Rape,0,0,0,0,0,0,0,0,0,0,0,0
454,Total (UTs),Custodial Rape,0,0,0,0,0,0,0,0,0,0,0,0
455,Total (All-India),Custodial Rape,0,5,5,0,0,11,11,0,7,4,0,4
456,Andhra Pradesh,Dacoity,275,542,0,380,437,2364,2801,0,2404,397,35,362
457,Arunachal Pradesh,Dacoity,22,31,8,23,22,898,920,1,918,1,1,0
458,Assam,Dacoity,2302,540,242,2164,436,4163,4599,0,4082,517,24,493
459,Bihar,Dacoity,2459,2047,203,2529,1774,27816,29590,3,27861,1726,154,1572
460,Chhattisgarh,Dacoity,100,254,0,72,282,1081,1363,0,1090,273,92,181
461,Goa,Dacoity,21,48,0,57,12,127,139,0,128,11,1,10
462,Gujarat,Dacoity,342,1275,7,184,1426,16567,17993,16,17584,393,1,392
463,Haryana,Dacoity,63,632,0,22,673,1140,1813,0,1213,600,143,457
464,Himachal Pradesh,Dacoity,1,59,0,30,30,77,107,0,85,22,7,15
465,Jammu & Kashmir,Dacoity,0,15,0,0,15,366,381,0,343,38,0,38
466,Jharkhand,Dacoity,803,551,0,769,585,3322,3907,3,3225,679,278,401
467,Karnataka,Dacoity,138,824,3,203,756,3623,4379,4,3887,488,80,408
468,Kerala,Dacoity,385,262,11,400,236,5251,5487,6,5286,195,30,165
469,Madhya Pradesh,Dacoity,43,607,0,14,636,2287,2923,0,2342,581,217,364
470,Maharashtra,Dacoity,1846,3944,97,2090,3603,44008,47611,9,45117,2485,92,2393
471,Manipur,Dacoity,7,0,0,7,0,88,88,0,87,1,0,1
472,Meghalaya,Dacoity,500,96,42,521,33,1194,1227,0,1218,9,0,9
473,Mizoram,Dacoity,1,10,0,10,1,6,7,0,7,0,0,0
474,Nagaland,Dacoity,2,1,0,1,2,14,16,0,2,14,13,1
475,Odisha,Dacoity,269,1892,0,252,1909,8593,10502,0,9329,1173,136,1037
476,Punjab,Dacoity,104,71,5,108,62,366,428,0,342,86,26,60
477,Rajasthan,Dacoity,20,193,0,25,188,1499,1687,5,1562,120,51,69
478,Sikkim,Dacoity,0,0,0,0,0,9,9,0,3,6,2,4
479,Tamil Nadu,Dacoity,358,476,18,362,454,3211,3665,0,3389,276,58,218
480,Tripura,Dacoity,7,9,2,8,6,93,99,0,68,31,4,27
481,Uttar Pradesh,Dacoity,353,6101,976,4041,1437,10433,11870,11,10552,1307,668,639
482,Uttarakhand,Dacoity,20,68,18,0,70,249,319,0,237,82,57,25
483,West Bengal,Dacoity,1524,695,123,1349,747,12792,13539,0,12978,561,54,507
484,Total (State),Dacoity,11965,21243,1755,15621,15832,151637,167469,58,155339,12072,2224,9848
485,A&N Islands,Dacoity,5,0,0,0,5,8,13,0,9,4,0,4
486,Chandigarh,Dacoity,0,34,0,22,12,38,50,0,24,26,0,26
487,D&N Haveli,Dacoity,19,9,1,12,15,93,108,0,102,6,0,6
488,Daman & Diu,Dacoity,5,28,0,0,33,52,85,0,85,0,0,0
489,Delhi UT,Dacoity,101,132,0,148,85,1331,1416,0,1276,140,55,85
490,Lakshadweep,Dacoity,0,0,0,0,0,0,0,0,0,0,0,0
491,Puducherry,Dacoity,16,6,0,0,22,182,204,0,204,0,0,0
492,Total (UTs),Dacoity,146,209,1,182,172,1704,1876,0,1700,176,55,121
493,Total (All-India),Dacoity,12111,21452,1756,15803,16004,153341,169345,58,157039,12248,2279,9969
494,Andhra Pradesh,Dowry Deaths,543,1184,7,616,1104,2875,3979,4,2681,1294,126,1168
495,Arunachal Pradesh,Dowry Deaths,2,0,1,0,1,0,1,0,1,0,0,0
496,Assam,Dowry Deaths,340,205,26,355,164,718,882,0,802,80,25,55
497,Bihar,Dowry Deaths,3483,2893,32,2908,3436,15130,18566,288,16007,2271,308,1963
498,Chhattisgarh,Dowry Deaths,1,256,0,14,243,889,1132,0,919,213,66,147
499,Goa,Dowry Deaths,0,1,0,0,1,28,29,0,26,3,2,1
500,Gujarat,Dowry Deaths,4,67,0,0,71,1628,1699,0,1637,62,2,60
501,Haryana,Dowry Deaths,66,455,0,27,494,1171,1665,0,1069,596,162,434
502,Himachal Pradesh,Dowry Deaths,0,0,0,0,0,74,74,0,67,7,0,7
503,Jammu & Kashmir,Dowry Deaths,5,14,0,7,12,153,165,0,141,24,1,23
504,Jharkhand,Dowry Deaths,429,595,0,590,434,1003,1437,1,974,462,148,314
505,Karnataka,Dowry Deaths,113,770,8,141,734,1942,2676,7,2209,460,54,406
506,Kerala,Dowry Deaths,24,29,0,24,29,331,360,0,352,8,1,7
507,Madhya Pradesh,Dowry Deaths,38,2162,0,65,2135,7007,9142,44,7226,1872,590,1282
508,Maharashtra,Dowry Deaths,515,1179,0,448,1246,11242,12488,11,11871,606,47,559
509,Manipur,Dowry Deaths,5,0,0,5,0,0,0,0,0,0,0,0
510,Meghalaya,Dowry Deaths,7,1,1,6,1,13,14,0,14,0,0,0
511,Mizoram,Dowry Deaths,0,0,0,0,0,0,0,0,0,0,0,0
512,Nagaland,Dowry Deaths,0,1,0,1,0,0,0,0,0,0,0,0
513,Odisha,Dowry Deaths,209,785,0,186,808,2943,3751,0,3281,470,79,391
514,Punjab,Dowry Deaths,437,314,2,520,229,820,1049,0,808,241,130,111
515,Rajasthan,Dowry Deaths,22,581,0,26,577,3106,3683,23,3292,368,144,224
516,Sikkim,Dowry Deaths,5,0,0,0,5,4,9,0,0,9,6,3
517,Tamil Nadu,Dowry Deaths,280,262,4,275,263,1040,1303,0,995,308,83,225
518,Tripura,Dowry Deaths,39,77,10,19,87,104,191,0,149,42,3,39
519,Uttar Pradesh,Dowry Deaths,1803,10405,3302,2580,6326,24143,30469,128,26358,3983,1967,2016
520,Uttarakhand,Dowry Deaths,13,70,9,6,68,468,536,1,392,143,70,73
521,West Bengal,Dowry Deaths,578,1284,72,646,1144,3854,4998,0,4214,784,69,715
522,Total (State),Dowry Deaths,8961,23590,3474,9465,19612,80686,100298,507,85485,14306,4083,10223
523,A&N Islands,Dowry Deaths,0,2,0,1,1,8,9,0,9,0,0,0
524,Chandigarh,Dowry Deaths,2,4,0,1,5,8,13,0,2,11,6,5
525,D&N Haveli,Dowry Deaths,0,0,0,0,0,4,4,0,4,0,0,0
526,Daman & Diu,Dowry Deaths,0,0,0,0,0,0,0,0,0,0,0,0
527,Delhi UT,Dowry Deaths,176,268,0,183,261,2134,2395,0,2149,246,93,153
528,Lakshadweep,Dowry Deaths,0,0,0,0,0,0,0,0,0,0,0,0
529,Puducherry,Dowry Deaths,3,0,0,0,3,21,24,0,24,0,0,0
530,Total (UTs),Dowry Deaths,181,274,0,185,270,2175,2445,0,2188,257,99,158
531,Total (All-India),Dowry Deaths,9142,23864,3474,9650,19882,82861,102743,507,87673,14563,4182,10381
532,Andhra Pradesh,Hurt/Grevious Hurt,17095,78531,330,21007,74289,117596,191885,14470,124209,53206,20981,32225
533,Arunachal Pradesh,Hurt/Grevious Hurt,578,645,193,653,377,3183,3560,43,3429,88,40,48
534,Assam,Hurt/Grevious Hurt,6597,8673,3431,6414,5425,13796,19221,8,14055,5158,474,4684
535,Bihar,Hurt/Grevious Hurt,11357,59613,650,10688,59632,168567,228199,6981,183267,37951,3114,34837
536,Chhattisgarh,Hurt/Grevious Hurt,350,18056,0,757,17649,50651,68300,4622,51537,12141,5180,6961
537,Goa,Hurt/Grevious Hurt,301,458,22,355,382,1446,1828,7,1537,284,32,252
538,Gujarat,Hurt/Grevious Hurt,1940,21958,0,1779,22119,271074,293193,920,276203,16070,1326,14744
539,Haryana,Hurt/Grevious Hurt,612,7137,0,418,7331,46735,54066,81,43976,10009,1898,8111
540,Himachal Pradesh,Hurt/Grevious Hurt,339,1465,1,220,1583,9636,11219,283,9581,1355,175,1180
541,Jammu & Kashmir,Hurt/Grevious Hurt,6,670,0,4,672,1995,2667,464,1840,363,15,348
542,Jharkhand,Hurt/Grevious Hurt,4867,8884,3,5642,8106,8594,16700,706,9582,6412,1536,4876
543,Karnataka,Hurt/Grevious Hurt,4233,33661,1032,3706,33156,60085,93241,3088,62622,27531,1062,26469
544,Kerala,Hurt/Grevious Hurt,5227,26691,0,5277,26641,124340,150981,1664,133454,15863,1799,14064
545,Madhya Pradesh,Hurt/Grevious Hurt,187,72809,0,210,72786,239407,312193,38486,220939,52768,25557,27211
546,Maharashtra,Hurt/Grevious Hurt,16335,59961,73,19905,56318,543366,599684,13143,538594,47947,2273,45674
547,Manipur,Hurt/Grevious Hurt,179,88,103,160,4,57,61,0,54,7,4,3
548,Meghalaya,Hurt/Grevious Hurt,137,323,137,148,175,934,1109,28,1029,52,16,36
549,Mizoram,Hurt/Grevious Hurt,38,120,5,33,120,135,255,0,143,112,85,27
550,Nagaland,Hurt/Grevious Hurt,14,74,8,25,55,23,78,4,40,34,25,9
551,Odisha,Hurt/Grevious Hurt,633,16647,18,735,16527,66067,82594,0,75053,7541,403,7138
552,Punjab,Hurt/Grevious Hurt,6780,7952,325,7730,6677,25390,32067,0,24579,7488,2178,5310
553,Rajasthan,Hurt/Grevious Hurt,6,33235,0,7,33234,124370,157604,10403,125473,21728,14983,6745
554,Sikkim,Hurt/Grevious Hurt,53,122,19,50,106,65,171,44,43,84,29,55
555,Tamil Nadu,Hurt/Grevious Hurt,16774,32031,979,17344,30482,72828,103310,90,74222,28998,13575,15423
556,Tripura,Hurt/Grevious Hurt,348,2482,337,394,2099,2257,4356,94,2726,1536,189,1347
557,Uttar Pradesh,Hurt/Grevious Hurt,1168,33515,1343,1594,31746,105583,137329,9081,113625,14623,7204,7419
558,Uttarakhand,Hurt/Grevious Hurt,90,1055,34,24,1087,3330,4417,210,3269,938,543,395
559,West Bengal,Hurt/Grevious Hurt,3174,20476,1052,3472,19126,60178,79304,111,72109,7084,633,6451
560,Total (State),Hurt/Grevious Hurt,99418,547332,10095,108751,527904,2121688,2649592,105031,2167190,377371,105329,272042
561,A&N Islands,Hurt/Grevious Hurt,67,63,0,30,100,1133,1233,0,1129,104,32,72
562,Chandigarh,Hurt/Grevious Hurt,16,136,2,37,113,336,449,0,318,131,46,85
563,D&N Haveli,Hurt/Grevious Hurt,14,37,0,3,48,372,420,0,387,33,0,33
564,Daman & Diu,Hurt/Grevious Hurt,6,16,0,6,16,58,74,12,40,22,0,22
565,Delhi UT,Hurt/Grevious Hurt,1719,2783,45,2025,2432,28849,31281,50,28445,2786,1167,1619
566,Lakshadweep,Hurt/Grevious Hurt,78,0,0,30,48,3,51,0,51,0,0,0
567,Puducherry,Hurt/Grevious Hurt,204,1641,0,114,1731,2945,4676,9,3791,876,408,468
568,Total (UTs),Hurt/Grevious Hurt,2104,4676,47,2245,4488,33696,38184,71,34161,3952,1653,2299
569,Total (All-India),Hurt/Grevious Hurt,101522,552008,10142,110996,532392,2155384,2687776,105102,2201351,381323,106982,274341
570,Andhra Pradesh,Importation of girls from Foreign Countries,0,0,0,0,0,2,2,0,2,0,0,0
571,Arunachal Pradesh,Importation of girls from Foreign Countries,0,0,0,0,0,0,0,0,0,0,0,0
572,Assam,Importation of girls from Foreign Countries,2,7,0,9,0,2,2,0,2,0,0,0
573,Bihar,Importation of girls from Foreign Countries,15,7,3,9,10,354,364,0,342,22,3,19
574,Chhattisgarh,Importation of girls from Foreign Countries,0,3,0,3,0,11,11,0,4,7,0,7
575,Goa,Importation of girls from Foreign Countries,0,0,0,0,0,0,0,0,0,0,0,0
576,Gujarat,Importation of girls from Foreign Countries,0,0,0,0,0,0,0,0,0,0,0,0
577,Haryana,Importation of girls from Foreign Countries,0,1,0,0,1,0,1,0,1,0,0,0
578,Himachal Pradesh,Importation of girls from Foreign Countries,0,0,0,0,0,0,0,0,0,0,0,0
579,Jammu & Kashmir,Importation of girls from Foreign Countries,0,0,0,0,0,0,0,0,0,0,0,0
580,Jharkhand,Importation of girls from Foreign Countries,10,0,0,0,10,19,29,0,6,23,0,23
581,Karnataka,Importation of girls from Foreign Countries,0,0,0,0,0,2,2,0,0,2,0,2
582,Kerala,Importation of girls from Foreign Countries,0,0,0,0,0,0,0,0,0,0,0,0
583,Madhya Pradesh,Importation of girls from Foreign Countries,0,17,0,0,17,180,197,17,171,9,7,2
584,Maharashtra,Importation of girls from Foreign Countries,0,0,0,0,0,0,0,0,0,0,0,0
585,Manipur,Importation of girls from Foreign Countries,0,0,0,0,0,0,0,0,0,0,0,0
586,Meghalaya,Importation of girls from Foreign Countries,0,0,0,0,0,2,2,0,2,0,0,0
587,Mizoram,Importation of girls from Foreign Countries,0,0,0,0,0,0,0,0,0,0,0,0
588,Nagaland,Importation of girls from Foreign Countries,0,0,0,0,0,0,0,0,0,0,0,0
589,Odisha,Importation of girls from Foreign Countries,0,0,0,0,0,8,8,0,8,0,0,0
590,Punjab,Importation of girls from Foreign Countries,0,0,0,0,0,0,0,0,0,0,0,0
591,Rajasthan,Importation of girls from Foreign Countries,0,4,0,0,4,1,5,0,5,0,0,0
592,Sikkim,Importation of girls from Foreign Countries,0,0,0,0,0,0,0,0,0,0,0,0
593,Tamil Nadu,Importation of girls from Foreign Countries,0,0,0,0,0,0,0,0,0,0,0,0
594,Tripura,Importation of girls from Foreign Countries,0,0,0,0,0,0,0,0,0,0,0,0
595,Uttar Pradesh,Importation of girls from Foreign Countries,0,0,0,0,0,0,0,0,0,0,0,0
596,Uttarakhand,Importation of girls from Foreign Countries,0,0,0,0,0,0,0,0,0,0,0,0
597,West Bengal,Importation of girls from Foreign Countries,5,19,5,1,18,17,35,0,24,11,0,11
598,Total (State),Importation of girls from Foreign Countries,32,58,8,22,60,598,658,17,567,74,10,64
599,A&N Islands,Importation of girls from Foreign Countries,0,0,0,0,0,0,0,0,0,0,0,0
600,Chandigarh,Importation of girls from Foreign Countries,0,0,0,0,0,0,0,0,0,0,0,0
601,D&N Haveli,Importation of girls from Foreign Countries,0,0,0,0,0,0,0,0,0,0,0,0
602,Daman & Diu,Importation of girls from Foreign Countries,0,0,0,0,0,0,0,0,0,0,0,0
603,Delhi UT,Importation of girls from Foreign Countries,0,0,0,0,0,0,0,0,0,0,0,0
604,Lakshadweep,Importation of girls from Foreign Countries,0,0,0,0,0,0,0,0,0,0,0,0
605,Puducherry,Importation of girls from Foreign Countries,0,0,0,0,0,0,0,0,0,0,0,0
606,Total (UTs),Importation of girls from Foreign Countries,0,0,0,0,0,0,0,0,0,0,0,0
607,Total (All-India),Importation of girls from Foreign Countries,32,58,8,22,60,598,658,17,567,74,10,64
608,Andhra Pradesh,Insult to Modesty of Women,862,5327,8,1060,5121,5427,10548,1404,6260,2884,820,2064
609,Arunachal Pradesh,Insult to Modesty of Women,0,3,1,0,2,17,19,0,19,0,0,0
610,Assam,Insult to Modesty of Women,27,14,3,27,11,16,27,0,21,6,0,6
611,Bihar,Insult to Modesty of Women,0,54,0,10,44,77,121,6,102,13,1,12
612,Chhattisgarh,Insult to Modesty of Women,0,304,0,0,304,899,1203,36,943,224,122,102
613,Goa,Insult to Modesty of Women,21,43,0,22,42,41,83,0,70,13,3,10
614,Gujarat,Insult to Modesty of Women,3,115,0,6,112,1445,1557,1,1456,100,13,87
615,Haryana,Insult to Modesty of Women,24,776,0,11,789,1503,2292,0,1610,682,278,404
616,Himachal Pradesh,Insult to Modesty of Women,15,121,0,23,113,333,446,9,419,18,0,18
617,Jammu & Kashmir,Insult to Modesty of Women,3,432,0,9,426,2026,2452,27,1834,591,152,439
618,Jharkhand,Insult to Modesty of Women,30,27,0,44,13,80,93,0,67,26,10,16
619,Karnataka,Insult to Modesty of Women,11,170,3,13,165,124,289,6,167,116,6,110
620,Kerala,Insult to Modesty of Women,77,430,0,42,465,1707,2172,4,1872,296,99,197
621,Madhya Pradesh,Insult to Modesty of Women,2,966,0,1,967,2829,3796,243,2650,903,332,571
622,Maharashtra,Insult to Modesty of Women,416,3188,6,742,2856,11404,14260,200,13162,898,94,804
623,Manipur,Insult to Modesty of Women,1,0,0,1,0,1,1,0,1,0,0,0
624,Meghalaya,Insult to Modesty of Women,0,0,0,0,0,1,1,0,1,0,0,0
625,Mizoram,Insult to Modesty of Women,0,0,0,0,0,0,0,0,0,0,0,0
626,Nagaland,Insult to Modesty of Women,0,1,0,0,1,2,3,0,1,2,2,0
627,Odisha,Insult to Modesty of Women,43,516,0,45,514,1899,2413,0,2138,275,22,253
628,Punjab,Insult to Modesty of Women,66,86,6,92,54,86,140,0,116,24,10,14
629,Rajasthan,Insult to Modesty of Women,0,28,0,0,28,97,125,1,98,26,19,7
630,Sikkim,Insult to Modesty of Women,0,0,0,0,0,0,0,0,0,0,0,0
631,Tamil Nadu,Insult to Modesty of Women,217,332,5,178,366,1363,1729,0,1076,653,206,447
632,Tripura,Insult to Modesty of Women,0,16,0,7,9,18,27,0,21,6,4,2
633,Uttar Pradesh,Insult to Modesty of Women,0,39,3,10,26,320,346,0,38,308,174,134
634,Uttarakhand,Insult to Modesty of Women,7,90,6,1,90,784,874,0,747,127,107,20
635,West Bengal,Insult to Modesty of Women,244,571,90,184,541,317,858,9,464,385,194,191
636,Total (State),Insult to Modesty of Women,2069,13649,131,2528,13059,32816,45875,1946,35353,8576,2668,5908
637,A&N Islands,Insult to Modesty of Women,7,11,0,2,16,49,65,0,63,2,1,1
638,Chandigarh,Insult to Modesty of Women,11,26,0,5,32,51,83,0,62,21,5,16
639,D&N Haveli,Insult to Modesty of Women,0,1,0,0,1,2,3,0,3,0,0,0
640,Daman & Diu,Insult to Modesty of Women,0,0,0,0,0,0,0,0,0,0,0,0
641,Delhi UT,Insult to Modesty of Women,145,1046,2,285,904,549,1453,5,1212,236,103,133
642,Lakshadweep,Insult to Modesty of Women,0,0,0,0,0,0,0,0,0,0,0,0
643,Puducherry,Insult to Modesty of Women,2,6,0,0,8,120,128,2,122,4,1,3
644,Total (UTs),Insult to Modesty of Women,165,1090,2,292,961,771,1732,7,1462,263,110,153
645,Total (All-India),Insult to Modesty of Women,2234,14739,133,2820,14020,33587,47607,1953,36815,8839,2778,6061
646,Andhra Pradesh,K & A of others,354,791,1,438,706,1938,2644,10,2036,598,43,555
647,Arunachal Pradesh,K & A of others,21,29,12,22,16,219,235,0,233,2,1,1
648,Assam,K & A of others,685,716,250,877,274,1188,1462,0,1096,366,10,356
649,Bihar,K & A of others,2541,2361,178,2210,2514,16358,18872,6,17383,1483,140,1343
650,Chhattisgarh,K & A of others,7,144,0,35,116,402,518,0,367,151,43,108
651,Goa,K & A of others,29,28,9,29,19,68,87,0,72,15,0,15
652,Gujarat,K & A of others,43,511,1,46,507,5450,5957,0,5717,240,7,233
653,Haryana,K & A of others,101,499,0,46,554,1647,2201,0,1865,336,59,277
654,Himachal Pradesh,K & A of others,16,7,2,11,10,226,236,2,222,12,2,10
655,Jammu & Kashmir,K & A of others,3,75,0,3,75,338,413,7,353,53,1,52
656,Jharkhand,K & A of others,305,409,0,238,476,958,1434,5,978,451,99,352
657,Karnataka,K & A of others,165,523,22,167,499,1224,1723,9,1447,267,12,255
658,Kerala,K & A of others,85,166,1,90,160,1194,1354,0,1294,60,5,55
659,Madhya Pradesh,K & A of others,10,450,0,13,447,1916,2363,5,1950,408,111,297
660,Maharashtra,K & A of others,578,835,21,618,774,8250,9024,14,8659,351,12,339
661,Manipur,K & A of others,64,32,31,63,2,14,16,0,16,0,0,0
662,Meghalaya,K & A of others,311,112,52,318,53,259,312,0,304,8,1,7
663,Mizoram,K & A of others,7,7,0,3,11,8,19,0,8,11,9,2
664,Nagaland,K & A of others,16,29,3,25,17,18,35,0,17,18,12,6
665,Odisha,K & A of others,64,273,0,59,278,984,1262,0,1126,136,17,119
666,Punjab,K & A of others,494,276,14,513,243,1002,1245,0,992,253,94,159
667,Rajasthan,K & A of others,20,668,0,27,661,3623,4284,66,3768,450,176,274
668,Sikkim,K & A of others,0,0,0,0,0,0,0,0,0,0,0,0
669,Tamil Nadu,K & A of others,401,472,55,389,429,1069,1498,0,1027,471,79,392
670,Tripura,K & A of others,2,35,8,17,12,23,35,0,9,26,4,22
671,Uttar Pradesh,K & A of others,783,2582,1114,944,1307,7230,8537,26,7374,1137,577,560
672,Uttarakhand,K & A of others,7,33,6,1,33,229,262,0,185,77,47,30
673,West Bengal,K & A of others,343,745,73,444,571,2523,3094,3,2890,201,7,194
674,Total (State),K & A of others,7455,12808,1853,7646,10764,58358,69122,153,61388,7581,1568,6013
675,A&N Islands,K & A of others,9,0,0,1,8,18,26,0,24,2,0,2
676,Chandigarh,K & A of others,5,27,1,7,24,57,81,0,64,17,9,8
677,D&N Haveli,K & A of others,0,0,0,0,0,78,78,0,63,15,1,14
678,Daman & Diu,K & A of others,1,4,0,4,1,3,4,0,4,0,0,0
679,Delhi UT,K & A of others,117,203,0,145,175,1536,1711,7,1537,167,68,99
680,Lakshadweep,K & A of others,0,0,0,0,0,0,0,0,0,0,0,0
681,Puducherry,K & A of others,0,5,0,5,0,73,73,0,73,0,0,0
682,Total (UTs),K & A of others,132,239,1,162,208,1765,1973,7,1765,201,78,123
683,Total (All-India),K & A of others,7587,13047,1854,7808,10972,60123,71095,160,63153,7782,1646,6136
684,Andhra Pradesh,K & A of Women and Girls,786,1811,50,895,1652,3785,5437,149,3759,1529,163,1366
685,Arunachal Pradesh,K & A of Women and Girls,40,110,13,75,62,498,560,2,553,5,2,3
686,Assam,K & A of Women and Girls,3265,3531,1644,3290,1862,3475,5337,0,3871,1466,61,1405
687,Bihar,K & A of Women and Girls,3491,4925,180,3676,4560,14147,18707,12,16750,1945,146,1799
688,Chhattisgarh,K & A of Women and Girls,84,498,0,98,484,1775,2259,20,1812,427,78,349
689,Goa,K & A of Women and Girls,14,29,1,22,20,70,90,0,81,9,4,5
690,Gujarat,K & A of Women and Girls,316,2646,6,448,2508,15082,17590,11,16713,866,70,796
691,Haryana,K & A of Women and Girls,56,1067,1,56,1066,1760,2826,0,2191,635,183,452
692,Himachal Pradesh,K & A of Women and Girls,49,131,9,32,139,461,600,4,463,133,23,110
693,Jammu & Kashmir,K & A of Women and Girls,10,686,0,16,680,6791,7471,32,6106,1333,17,1316
694,Jharkhand,K & A of Women and Girls,330,1111,0,536,905,1576,2481,15,1773,693,149,544
695,Karnataka,K & A of Women and Girls,231,902,49,254,830,2176,3006,19,2546,441,27,414
696,Kerala,K & A of Women and Girls,106,243,0,128,221,1328,1549,2,1469,78,4,74
697,Madhya Pradesh,K & A of Women and Girls,104,1860,0,88,1876,5376,7252,11,5904,1337,323,1014
698,Maharashtra,K & A of Women and Girls,959,2373,68,1169,2095,13984,16079,36,15089,954,50,904
699,Manipur,K & A of Women and Girls,101,115,105,106,5,54,59,0,55,4,2,2
700,Meghalaya,K & A of Women and Girls,66,32,13,70,15,114,129,0,126,3,0,3
701,Mizoram,K & A of Women and Girls,0,6,0,5,1,1,2,0,1,1,1,0
702,Nagaland,K & A of Women and Girls,3,22,4,10,11,5,16,1,3,12,10,2
703,Odisha,K & A of Women and Girls,168,1661,1,185,1643,4685,6328,0,5625,703,84,619
704,Punjab,K & A of Women and Girls,868,920,114,1056,618,1726,2344,0,1928,416,127,289
705,Rajasthan,K & A of Women and Girls,66,1736,0,65,1737,9685,11422,55,10372,995,273,722
706,Sikkim,K & A of Women and Girls,4,25,3,5,21,18,39,0,4,35,20,15
707,Tamil Nadu,K & A of Women and Girls,1656,1490,158,1623,1365,3199,4564,0,3279,1285,184,1101
708,Tripura,K & A of Women and Girls,6,192,10,49,139,244,383,0,308,75,3,72
709,Uttar Pradesh,K & A of Women and Girls,4389,23405,11305,5195,11294,21929,33223,225,28442,4556,2215,2341
710,Uttarakhand,K & A of Women and Girls,44,283,17,64,246,1026,1272,0,954,318,173,145
711,West Bengal,K & A of Women and Girls,1253,4222,294,1528,3653,14294,17947,8,16487,1452,52,1400
712,Total (State),K & A of Women and Girls,18465,56032,14045,20744,39708,129264,168972,602,146664,21706,4444,17262
713,A&N Islands,K & A of Women and Girls,1,9,0,3,7,72,79,0,75,4,0,4
714,Chandigarh,K & A of Women and Girls,9,95,6,24,74,83,157,0,90,67,10,57
715,D&N Haveli,K & A of Women and Girls,1,4,1,0,4,54,58,0,52,6,0,6
716,Daman & Diu,K & A of Women and Girls,0,4,0,0,4,6,10,0,10,0,0,0
717,Delhi UT,K & A of Women and Girls,120,614,12,159,563,1675,2238,13,1778,447,154,293
718,Lakshadweep,K & A of Women and Girls,0,0,0,0,0,0,0,0,0,0,0,0
719,Puducherry,K & A of Women and Girls,4,6,0,1,9,72,81,0,78,3,0,3
720,Total (UTs),K & A of Women and Girls,135,732,19,187,661,1962,2623,13,2083,527,164,363
721,Total (All-India),K & A of Women and Girls,18600,56764,14064,20931,40369,131226,171595,615,148747,22233,4608,17625
722,Andhra Pradesh,Kidnapping & Abduction,1140,2602,51,1333,2358,5723,8081,159,5795,2127,206,1921
723,Arunachal Pradesh,Kidnapping & Abduction,61,139,25,97,78,717,795,2,786,7,3,4
724,Assam,Kidnapping & Abduction,3950,4247,1894,4167,2136,4663,6799,0,4967,1832,71,1761
725,Bihar,Kidnapping & Abduction,6032,7286,358,5886,7074,30505,37579,18,34133,3428,286,3142
726,Chhattisgarh,Kidnapping & Abduction,91,642,0,133,600,2177,2777,20,2179,578,121,457
727,Goa,Kidnapping & Abduction,43,57,10,51,39,138,177,0,153,24,4,20
728,Gujarat,Kidnapping & Abduction,359,3157,7,494,3015,20532,23547,11,22430,1106,77,1029
729,Haryana,Kidnapping & Abduction,157,1566,1,102,1620,3407,5027,0,4056,971,242,729
730,Himachal Pradesh,Kidnapping & Abduction,65,138,11,43,149,687,836,6,685,145,25,120
731,Jammu & Kashmir,Kidnapping & Abduction,13,761,0,19,755,7129,7884,39,6459,1386,18,1368
732,Jharkhand,Kidnapping & Abduction,635,1520,0,774,1381,2534,3915,20,2751,1144,248,896
733,Karnataka,Kidnapping & Abduction,396,1425,71,421,1329,3400,4729,28,3993,708,39,669
734,Kerala,Kidnapping & Abduction,191,409,1,218,381,2522,2903,2,2763,138,9,129
735,Madhya Pradesh,Kidnapping & Abduction,114,2310,0,101,2323,7292,9615,16,7854,1745,434,1311
736,Maharashtra,Kidnapping & Abduction,1537,3208,89,1787,2869,22234,25103,50,23748,1305,62,1243
737,Manipur,Kidnapping & Abduction,165,147,136,169,7,68,75,0,71,4,2,2
738,Meghalaya,Kidnapping & Abduction,377,144,65,388,68,373,441,0,430,11,1,10
739,Mizoram,Kidnapping & Abduction,7,13,0,8,12,9,21,0,9,12,10,2
740,Nagaland,Kidnapping & Abduction,19,51,7,35,28,23,51,1,20,30,22,8
741,Odisha,Kidnapping & Abduction,232,1934,1,244,1921,5669,7590,0,6751,839,101,738
742,Punjab,Kidnapping & Abduction,1362,1196,128,1569,861,2728,3589,0,2920,669,221,448
743,Rajasthan,Kidnapping & Abduction,86,2404,0,92,2398,13308,15706,121,14140,1445,449,996
744,Sikkim,Kidnapping & Abduction,4,25,3,5,21,18,39,0,4,35,20,15
745,Tamil Nadu,Kidnapping & Abduction,2057,1962,213,2012,1794,4268,6062,0,4306,1756,263,1493
746,Tripura,Kidnapping & Abduction,8,227,18,66,151,267,418,0,317,101,7,94
747,Uttar Pradesh,Kidnapping & Abduction,5172,25987,12419,6139,12601,29159,41760,251,35816,5693,2792,2901
748,Uttarakhand,Kidnapping & Abduction,51,316,23,65,279,1255,1534,0,1139,395,220,175
749,West Bengal,Kidnapping & Abduction,1596,4967,367,1972,4224,16817,21041,11,19377,1653,59,1594
750,Total (State),Kidnapping & Abduction,25920,68840,15898,28390,50472,187622,238094,755,208052,29287,6012,23275
751,A&N Islands,Kidnapping & Abduction,10,9,0,4,15,90,105,0,99,6,0,6
752,Chandigarh,Kidnapping & Abduction,14,122,7,31,98,140,238,0,154,84,19,65
753,D&N Haveli,Kidnapping & Abduction,1,4,1,0,4,132,136,0,115,21,1,20
754,Daman & Diu,Kidnapping & Abduction,1,8,0,4,5,9,14,0,14,0,0,0
755,Delhi UT,Kidnapping & Abduction,237,817,12,304,738,3211,3949,20,3315,614,222,392
756,Lakshadweep,Kidnapping & Abduction,0,0,0,0,0,0,0,0,0,0,0,0
757,Puducherry,Kidnapping & Abduction,4,11,0,6,9,145,154,0,151,3,0,3
758,Total (UTs),Kidnapping & Abduction,267,971,20,349,869,3727,4596,20,3848,728,242,486
759,Total (All-India),Kidnapping & Abduction,26187,69811,15918,28739,51341,191349,242690,775,211900,30015,6254,23761
760,Andhra Pradesh,Murder,3138,5033,34,3718,4419,13142,17561,13,13415,4133,679,3454
761,Arunachal Pradesh,Murder,109,86,22,114,59,1161,1220,0,1214,6,5,1
762,Assam,Murder,4756,1590,624,4632,1090,8183,9273,0,8363,910,283,627
763,Bihar,Murder,7399,6439,80,6462,7296,54985,62281,5,57018,5258,1216,4042
764,Chhattisgarh,Murder,158,1453,0,205,1406,6661,8067,10,6204,1853,732,1121
765,Goa,Murder,24,74,1,39,58,230,288,0,262,26,11,15
766,Gujarat,Murder,312,2197,0,310,2199,27873,30072,8,29019,1045,227,818
767,Haryana,Murder,233,1966,3,179,2017,5548,7565,0,5732,1833,681,1152
768,Himachal Pradesh,Murder,70,148,5,36,177,744,921,0,675,246,86,160
769,Jammu & Kashmir,Murder,25,252,0,26,251,4000,4251,15,3766,470,65,405
770,Jharkhand,Murder,1274,1833,0,1437,1670,3964,5634,26,4096,1512,430,1082
771,Karnataka,Murder,598,3141,83,633,3023,11455,14478,26,12144,2308,353,1955
772,Kerala,Murder,866,703,0,893,676,7476,8152,5,7447,700,197,503
773,Madhya Pradesh,Murder,227,4704,0,135,4796,22407,27203,3,22598,4602,2015,2587
774,Maharashtra,Murder,1778,5433,69,1701,5441,67005,72446,27,68060,4359,1027,3332
775,Manipur,Murder,206,82,64,201,23,437,460,0,445,15,7,8
776,Meghalaya,Murder,433,166,41,487,71,2220,2291,0,2270,21,11,10
777,Mizoram,Murder,23,32,1,18,36,41,77,0,64,13,6,7
778,Nagaland,Murder,12,51,19,20,24,35,59,3,32,24,21,3
779,Odisha,Murder,392,2200,2,368,2222,12473,14695,0,13457,1238,235,1003
780,Punjab,Murder,1373,1243,34,1506,1076,2791,3867,0,2699,1168,626,542
781,Rajasthan,Murder,64,2026,0,66,2024,13539,15563,29,14202,1332,626,706
782,Sikkim,Murder,6,18,0,6,18,67,85,0,35,50,38,12
783,Tamil Nadu,Murder,2231,4456,24,2570,4093,11578,15671,0,12436,3235,767,2468
784,Tripura,Murder,84,209,18,96,179,318,497,0,316,181,35,146
785,Uttar Pradesh,Murder,2695,14784,2541,3614,11324,73091,84415,18,76150,8247,4237,4010
786,Uttarakhand,Murder,52,225,8,99,170,2219,2389,0,1956,433,170,263
787,West Bengal,Murder,4575,3278,206,4309,3338,28689,32027,0,29418,2609,495,2114
788,Total (State),Murder,33113,63822,3879,33880,59176,382332,441508,188,393493,47827,15281,32546
789,A&N Islands,Murder,11,9,0,6,14,271,285,0,271,14,9,5
790,Chandigarh,Murder,17,34,0,10,41,124,165,0,104,61,25,36
791,D&N Haveli,Murder,6,4,0,5,5,70,75,0,33,42,2,40
792,Daman & Diu,Murder,1,9,0,2,8,49,57,0,57,0,0,0
793,Delhi UT,Murder,478,842,0,439,881,6006,6887,0,6119,768,326,442
794,Lakshadweep,Murder,0,0,0,0,0,0,0,0,0,0,0,0
795,Puducherry,Murder,54,93,0,60,87,830,917,1,904,12,4,8
796,Total (UTs),Murder,567,991,0,522,1036,7350,8386,1,7488,897,366,531
797,Total (All-India),Murder,33680,64813,3879,34402,60212,389682,449894,189,400981,48724,15647,33077
798,Andhra Pradesh,Other IPC Crimes,17417,83214,474,22121,78036,98930,176966,13455,119150,44361,18026,26335
799,Arunachal Pradesh,Other IPC Crimes,546,831,242,716,419,7610,8029,11,7908,110,48,62
800,Assam,Other IPC Crimes,13367,28446,11361,17273,13179,17407,30586,40,17757,12789,1066,11723
801,Bihar,Other IPC Crimes,19185,90985,2087,21133,86950,560069,647019,10572,543415,93032,8363,84669
802,Chhattisgarh,Other IPC Crimes,1198,31670,0,1275,31593,80631,112224,3273,79781,29170,12361,16809
803,Goa,Other IPC Crimes,734,1001,55,768,912,4533,5445,28,4441,976,288,688
804,Gujarat,Other IPC Crimes,8448,120048,2,8099,120395,696112,816507,1262,744436,70809,34610,36199
805,Haryana,Other IPC Crimes,3412,27142,0,2049,28505,81180,109685,0,81201,28484,9005,19479
806,Himachal Pradesh,Other IPC Crimes,2116,9952,24,1095,10949,67429,78378,1342,71846,5190,990,4200
807,Jammu & Kashmir,Other IPC Crimes,50,20718,0,75,20693,55718,76411,6582,53686,16143,6365,9778
808,Jharkhand,Other IPC Crimes,10798,19570,0,12647,17721,35022,52743,692,32845,19206,4013,15193
809,Karnataka,Other IPC Crimes,9119,55933,1262,7492,56298,84320,140618,2610,84788,53220,27678,25542
810,Kerala,Other IPC Crimes,8623,123871,0,10842,121652,250329,371981,1605,294442,75934,63722,12212
811,Madhya Pradesh,Other IPC Crimes,1120,178843,0,970,178993,511692,690685,70767,510302,109616,61140,48476
812,Maharashtra,Other IPC Crimes,19151,69515,131,22524,66011,535473,601484,10328,543632,47524,8711,38813
813,Manipur,Other IPC Crimes,728,316,296,701,47,1124,1171,0,1160,11,5,6
814,Meghalaya,Other IPC Crimes,569,945,328,717,469,3419,3888,12,3788,88,32,56
815,Mizoram,Other IPC Crimes,103,276,13,147,219,253,472,0,239,233,186,47
816,Nagaland,Other IPC Crimes,188,269,97,188,172,116,288,9,131,148,111,37
817,Odisha,Other IPC Crimes,3735,29391,0,2831,30295,229556,259851,0,235971,23880,1654,22226
818,Punjab,Other IPC Crimes,8573,13047,423,10744,10453,36891,47344,54,36435,10855,4422,6433
819,Rajasthan,Other IPC Crimes,941,94857,0,1930,93868,445555,539423,14460,459054,65909,43884,22025
820,Sikkim,Other IPC Crimes,132,427,22,119,418,162,580,14,70,496,217,279
821,Tamil Nadu,Other IPC Crimes,46719,136545,6054,42047,135163,119235,254398,1284,124932,128182,83396,44786
822,Tripura,Other IPC Crimes,451,1728,299,494,1386,1289,2675,50,691,1934,215,1719
823,Uttar Pradesh,Other IPC Crimes,12979,162757,35501,16977,123258,248289,371547,18079,295154,58314,31988,26326
824,Uttarakhand,Other IPC Crimes,388,2808,198,303,2695,11773,14468,80,11690,2698,1916,782
825,West Bengal,Other IPC Crimes,26440,63722,3480,21753,64929,327232,392161,218,367279,24664,3124,21540
826,Total (State),Other IPC Crimes,217230,1368827,62349,228030,1295678,4511349,5807027,156827,4726224,923976,427536,496440
827,A&N Islands,Other IPC Crimes,48,440,0,37,451,5187,5638,0,5348,290,187,103
828,Chandigarh,Other IPC Crimes,278,1167,177,427,841,4162,5003,0,3613,1390,640,750
829,D&N Haveli,Other IPC Crimes,37,200,0,89,148,1544,1692,0,1588,104,2,102
830,Daman & Diu,Other IPC Crimes,45,74,0,39,80,275,355,59,216,80,0,80
831,Delhi UT,Other IPC Crimes,13881,22766,414,19225,17008,38670,55678,227,39089,16362,9126,7236
832,Lakshadweep,Other IPC Crimes,55,13,0,33,35,80,115,0,85,30,8,22
833,Puducherry,Other IPC Crimes,746,1850,16,721,1859,2655,4514,14,3424,1076,1024,52
834,Total (UTs),Other IPC Crimes,15090,26510,607,20571,20422,52573,72995,300,53363,19332,10987,8345
835,Total (All-India),Other IPC Crimes,232320,1395337,62956,248601,1316100,4563922,5880022,157127,4779587,943308,438523,504785
836,Andhra Pradesh,Other Rape,839,1960,17,1103,1679,3730,5409,29,4081,1299,190,1109
837,Arunachal Pradesh,Other Rape,46,106,15,76,61,605,666,0,664,2,1,1
838,Assam,Other Rape,1746,1745,410,1768,1313,4837,6150,0,5179,971,123,848
839,Bihar,Other Rape,938,1156,63,992,1039,5094,6133,0,5279,854,271,583
840,Chhattisgarh,Other Rape,106,1637,0,152,1591,5141,6732,5,5090,1637,485,1152
841,Goa,Other Rape,52,103,1,82,72,170,242,0,232,10,2,8
842,Gujarat,Other Rape,84,1027,0,113,998,5369,6367,2,6015,350,54,296
843,Haryana,Other Rape,42,1398,0,54,1386,1708,3094,0,1749,1345,420,925
844,Himachal Pradesh,Other Rape,57,299,2,47,307,831,1138,0,796,342,81,261
845,Jammu & Kashmir,Other Rape,15,404,0,18,401,1557,1958,18,1380,560,36,524
846,Jharkhand,Other Rape,437,1135,0,514,1058,1541,2599,19,1750,830,308,522
847,Karnataka,Other Rape,199,1258,10,291,1156,2075,3231,0,2590,641,101,540
848,Kerala,Other Rape,865,1358,5,1067,1151,5694,6845,2,6466,377,103,274
849,Madhya Pradesh,Other Rape,45,5879,0,124,5800,13490,19290,57,13476,5757,1456,4301
850,Maharashtra,Other Rape,996,4243,46,1379,3814,20002,23816,39,22348,1429,249,1180
851,Manipur,Other Rape,54,37,26,49,16,95,111,0,103,8,6,2
852,Meghalaya,Other Rape,304,190,38,241,215,690,905,0,890,15,7,8
853,Mizoram,Other Rape,42,89,3,45,83,135,218,0,149,69,47,22
854,Nagaland,Other Rape,8,41,4,19,26,33,59,1,45,13,10,3
855,Odisha,Other Rape,152,2080,0,185,2047,6098,8145,0,7300,845,131,714
856,Punjab,Other Rape,510,1048,37,543,978,820,1798,0,706,1092,464,628
857,Rajasthan,Other Rape,37,2783,0,49,2771,5994,8765,26,7457,1282,434,848
858,Sikkim,Other Rape,16,43,5,10,44,45,89,0,9,80,59,21
859,Tamil Nadu,Other Rape,799,1193,16,729,1247,2420,3667,0,2968,699,186,513
860,Tripura,Other Rape,35,356,28,65,298,360,658,1,480,177,21,156
861,Uttar Pradesh,Other Rape,354,5587,1416,861,3664,7075,10739,39,8858,1842,939,903
862,Uttarakhand,Other Rape,17,289,3,12,291,381,672,0,389,283,189,94
863,West Bengal,Other Rape,574,2674,122,484,2642,14140,16782,0,15176,1606,181,1425
864,Total (State),Other Rape,9369,40118,2267,11072,36148,110130,146278,238,121625,24415,6554,17861
865,A&N Islands,Other Rape,15,36,0,7,44,163,207,0,170,37,3,34
866,Chandigarh,Other Rape,5,49,0,23,31,75,106,0,57,49,21,28
867,D&N Haveli,Other Rape,0,9,0,2,7,15,22,0,18,4,0,4
868,Daman & Diu,Other Rape,1,10,0,1,10,12,22,0,21,1,0,1
869,Delhi UT,Other Rape,369,1851,7,605,1608,2442,4050,0,3175,875,314,561
870,Lakshadweep,Other Rape,0,4,0,4,0,0,0,0,0,0,0,0
871,Puducherry,Other Rape,17,33,0,42,8,67,75,0,74,1,0,1
872,Total (UTs),Other Rape,407,1992,7,684,1708,2774,4482,0,3515,967,338,629
873,Total (All-India),Other Rape,9776,42110,2274,11756,37856,112904,150760,238,125140,25382,6892,18490
874,Andhra Pradesh,Other Theft,6396,17981,48,8198,16131,35512,51643,3529,35210,12904,4279,8625
875,Arunachal Pradesh,Other Theft,157,341,139,194,165,2522,2687,16,2607,64,35,29
876,Assam,Other Theft,8086,6030,5167,5907,3042,10270,13312,0,10387,2925,322,2603
877,Bihar,Other Theft,4471,12101,230,5962,10380,64658,75038,162,69724,5152,717,4435
878,Chhattisgarh,Other Theft,88,2135,0,125,2098,19260,21358,191,18234,2933,908,2025
879,Goa,Other Theft,248,388,77,336,223,1597,1820,24,1621,175,28,147
880,Gujarat,Other Theft,522,5733,0,689,5566,93085,98651,104,94708,3839,302,3537
881,Haryana,Other Theft,583,2986,0,207,3362,12151,15513,0,11258,4255,1610,2645
882,Himachal Pradesh,Other Theft,156,571,5,120,602,3937,4539,17,4086,436,101,335
883,Jammu & Kashmir,Other Theft,26,1787,0,31,1782,16636,18418,60,14216,4142,255,3887
884,Jharkhand,Other Theft,1613,2135,0,1484,2264,6790,9054,58,6184,2812,667,2145
885,Karnataka,Other Theft,531,4170,61,831,3809,20139,23948,637,19219,4092,426,3666
886,Kerala,Other Theft,465,2703,0,630,2538,15731,18269,71,16242,1956,683,1273
887,Madhya Pradesh,Other Theft,147,8033,0,112,8068,56061,64129,2245,55172,6712,1978,4734
888,Maharashtra,Other Theft,8567,27172,969,10054,24716,253030,277746,7714,250152,19880,2261,17619
889,Manipur,Other Theft,179,105,54,220,10,326,336,0,330,6,2,4
890,Meghalaya,Other Theft,654,310,129,639,196,1807,2003,12,1939,52,31,21
891,Mizoram,Other Theft,144,623,25,125,617,442,1059,1,534,524,461,63
892,Nagaland,Other Theft,104,171,42,106,127,97,224,12,117,95,75,20
893,Odisha,Other Theft,939,6495,175,773,6486,56194,62680,0,59370,3310,245,3065
894,Punjab,Other Theft,1630,2780,74,1647,2689,10721,13410,0,11081,2329,1056,1273
895,Rajasthan,Other Theft,64,4510,0,119,4455,35956,40411,388,35927,4096,2110,1986
896,Sikkim,Other Theft,39,109,11,49,88,114,202,12,39,151,35,116
897,Tamil Nadu,Other Theft,4895,9224,46,4689,9384,26784,36168,57,22284,13827,6460,7367
898,Tripura,Other Theft,92,423,78,75,362,745,1107,0,819,288,33,255
899,Uttar Pradesh,Other Theft,1647,14497,2157,1764,12223,55053,67276,892,59253,7131,4068,3063
900,Uttarakhand,Other Theft,116,668,41,31,712,3735,4447,7,3719,721,613,108
901,West Bengal,Other Theft,15395,12356,5581,14944,7226,60614,67840,14,65811,2015,357,1658
902,Total (State),Other Theft,57954,146537,15109,60061,129321,863967,993288,16223,870243,106822,30118,76704
903,A&N Islands,Other Theft,17,25,0,8,34,757,791,0,712,79,39,40
904,Chandigarh,Other Theft,115,524,9,112,518,1413,1931,0,1550,381,321,60
905,D&N Haveli,Other Theft,23,128,0,36,115,582,697,0,673,24,0,24
906,Daman & Diu,Other Theft,4,16,0,5,15,76,91,22,60,9,0,9
907,Delhi UT,Other Theft,1581,5052,547,2301,3785,31031,34816,114,31152,3550,1623,1927
908,Lakshadweep,Other Theft,11,0,0,10,1,6,7,0,6,1,0,1
909,Puducherry,Other Theft,36,166,0,6,196,505,701,7,567,127,76,51
910,Total (UTs),Other Theft,1787,5911,556,2478,4664,34370,39034,143,34720,4171,2059,2112
911,Total (All-India),Other Theft,59741,152448,15665,62539,133985,898337,1032322,16366,904963,110993,32177,78816
912,Andhra Pradesh,Preparation & Assembly for Dacoity,7,34,0,4,37,108,145,0,42,103,0,103
913,Arunachal Pradesh,Preparation & Assembly for Dacoity,0,0,0,0,0,23,23,0,5,18,0,18
914,Assam,Preparation & Assembly for Dacoity,113,34,20,117,10,317,327,0,297,30,0,30
915,Bihar,Preparation & Assembly for Dacoity,233,355,5,270,313,2937,3250,0,2880,370,32,338
916,Chhattisgarh,Preparation & Assembly for Dacoity,0,30,0,0,30,313,343,0,260,83,20,63
917,Goa,Preparation & Assembly for Dacoity,0,0,0,0,0,0,0,0,0,0,0,0
918,Gujarat,Preparation & Assembly for Dacoity,10,136,0,20,126,700,826,0,751,75,0,75
919,Haryana,Preparation & Assembly for Dacoity,17,457,0,13,461,2291,2752,0,2125,627,174,453
920,Himachal Pradesh,Preparation & Assembly for Dacoity,0,0,0,0,0,0,0,0,0,0,0,0
921,Jammu & Kashmir,Preparation & Assembly for Dacoity,0,0,0,0,0,0,0,0,0,0,0,0
922,Jharkhand,Preparation & Assembly for Dacoity,174,136,3,193,114,470,584,0,395,189,70,119
923,Karnataka,Preparation & Assembly for Dacoity,151,2442,0,337,2256,5234,7490,0,6667,823,38,785
924,Kerala,Preparation & Assembly for Dacoity,65,733,0,82,716,1827,2543,3,2105,435,164,271
925,Madhya Pradesh,Preparation & Assembly for Dacoity,23,1038,0,10,1051,2371,3422,0,2692,730,188,542
926,Maharashtra,Preparation & Assembly for Dacoity,651,1326,1,623,1353,13766,15119,1,14501,617,6,611
927,Manipur,Preparation & Assembly for Dacoity,403,208,197,412,2,6,8,0,7,1,1,0
928,Meghalaya,Preparation & Assembly for Dacoity,24,2,2,24,0,27,27,0,27,0,0,0
929,Mizoram,Preparation & Assembly for Dacoity,0,0,0,0,0,0,0,0,0,0,0,0
930,Nagaland,Preparation & Assembly for Dacoity,0,0,0,0,0,0,0,0,0,0,0,0
931,Odisha,Preparation & Assembly for Dacoity,93,654,0,48,699,1577,2276,0,2022,254,21,233
932,Punjab,Preparation & Assembly for Dacoity,735,678,0,858,555,1723,2278,0,1596,682,260,422
933,Rajasthan,Preparation & Assembly for Dacoity,14,304,0,16,302,1767,2069,0,1918,151,80,71
934,Sikkim,Preparation & Assembly for Dacoity,0,0,0,0,0,0,0,0,0,0,0,0
935,Tamil Nadu,Preparation & Assembly for Dacoity,83,309,0,193,199,296,495,0,450,45,4,41
936,Tripura,Preparation & Assembly for Dacoity,0,2,0,2,0,2,2,0,2,0,0,0
937,Uttar Pradesh,Preparation & Assembly for Dacoity,23,380,3,40,360,1836,2196,0,1961,235,151,84
938,Uttarakhand,Preparation & Assembly for Dacoity,0,42,0,0,42,25,67,0,51,16,12,4
939,West Bengal,Preparation & Assembly for Dacoity,3636,4001,359,3044,4234,25444,29678,0,28818,860,15,845
940,Total (State),Preparation & Assembly for Dacoity,6455,13301,590,6306,12860,63060,75920,4,69572,6344,1236,5108
941,A&N Islands,Preparation & Assembly for Dacoity,0,0,0,0,0,0,0,0,0,0,0,0
942,Chandigarh,Preparation & Assembly for Dacoity,11,4,0,6,9,76,85,0,30,55,4,51
943,D&N Haveli,Preparation & Assembly for Dacoity,0,0,0,0,0,0,0,0,0,0,0,0
944,Daman & Diu,Preparation & Assembly for Dacoity,0,0,0,0,0,4,4,0,4,0,0,0
945,Delhi UT,Preparation & Assembly for Dacoity,599,21,0,588,32,2184,2216,0,2011,205,96,109
946,Lakshadweep,Preparation & Assembly for Dacoity,0,0,0,0,0,0,0,0,0,0,0,0
947,Puducherry,Preparation & Assembly for Dacoity,38,41,0,46,33,175,208,0,157,51,0,51
948,Total (UTs),Preparation & Assembly for Dacoity,648,66,0,640,74,2439,2513,0,2202,311,100,211
949,Total (All-India),Preparation & Assembly for Dacoity,7103,13367,590,6946,12934,65499,78433,4,71774,6655,1336,5319
950,Andhra Pradesh,Rape,839,1960,17,1103,1679,3730,5409,29,4081,1299,190,1109
951,Arunachal Pradesh,Rape,46,106,15,76,61,605,666,0,664,2,1,1
952,Assam,Rape,1746,1745,410,1768,1313,4840,6153,0,5179,974,123,851
953,Bihar,Rape,938,1156,63,992,1039,5095,6134,0,5280,854,271,583
954,Chhattisgarh,Rape,106,1637,0,152,1591,5141,6732,5,5090,1637,485,1152
955,Goa,Rape,52,103,1,82,72,170,242,0,232,10,2,8
956,Gujarat,Rape,84,1027,0,113,998,5369,6367,2,6015,350,54,296
957,Haryana,Rape,42,1398,0,54,1386,1708,3094,0,1749,1345,420,925
958,Himachal Pradesh,Rape,57,299,2,47,307,831,1138,0,796,342,81,261
959,Jammu & Kashmir,Rape,15,404,0,18,401,1557,1958,18,1380,560,36,524
960,Jharkhand,Rape,437,1135,0,514,1058,1541,2599,19,1750,830,308,522
961,Karnataka,Rape,199,1263,15,291,1156,2075,3231,0,2590,641,101,540
962,Kerala,Rape,865,1358,5,1067,1151,5694,6845,2,6466,377,103,274
963,Madhya Pradesh,Rape,45,5879,0,124,5800,13496,19296,57,13482,5757,1456,4301
964,Maharashtra,Rape,996,4243,46,1379,3814,20002,23816,39,22348,1429,249,1180
965,Manipur,Rape,54,37,26,49,16,95,111,0,103,8,6,2
966,Meghalaya,Rape,304,190,38,241,215,690,905,0,890,15,7,8
967,Mizoram,Rape,42,89,3,45,83,136,219,0,149,70,47,23
968,Nagaland,Rape,8,41,4,19,26,33,59,1,45,13,10,3
969,Odisha,Rape,152,2080,0,185,2047,6098,8145,0,7300,845,131,714
970,Punjab,Rape,510,1048,37,543,978,820,1798,0,706,1092,464,628
971,Rajasthan,Rape,37,2783,0,49,2771,5994,8765,26,7457,1282,434,848
972,Sikkim,Rape,16,43,5,10,44,45,89,0,9,80,59,21
973,Tamil Nadu,Rape,799,1193,16,729,1247,2420,3667,0,2968,699,186,513
974,Tripura,Rape,35,356,28,65,298,360,658,1,480,177,21,156
975,Uttar Pradesh,Rape,354,5587,1416,861,3664,7075,10739,39,8858,1842,939,903
976,Uttarakhand,Rape,17,289,3,12,291,381,672,0,389,283,189,94
977,West Bengal,Rape,574,2674,122,484,2642,14140,16782,0,15176,1606,181,1425
978,Total (State),Rape,9369,40123,2272,11072,36148,110141,146289,238,121632,24419,6554,17865
979,A&N Islands,Rape,15,36,0,7,44,163,207,0,170,37,3,34
980,Chandigarh,Rape,5,49,0,23,31,75,106,0,57,49,21,28
981,D&N Haveli,Rape,0,9,0,2,7,15,22,0,18,4,0,4
982,Daman & Diu,Rape,1,10,0,1,10,12,22,0,21,1,0,1
983,Delhi UT,Rape,369,1851,7,605,1608,2442,4050,0,3175,875,314,561
984,Lakshadweep,Rape,0,4,0,4,0,0,0,0,0,0,0,0
985,Puducherry,Rape,17,33,0,42,8,67,75,0,74,1,0,1
986,Total (UTs),Rape,407,1992,7,684,1708,2774,4482,0,3515,967,338,629
987,Total (All-India),Rape,9776,42115,2279,11756,37856,112915,150771,238,125147,25386,6892,18494
988,Andhra Pradesh,Riots,3343,12530,49,4819,11005,40921,51926,1001,40653,10272,736,9536
989,Arunachal Pradesh,Riots,148,120,46,159,63,1527,1590,0,1588,2,0,2
990,Assam,Riots,7340,8317,3993,7325,4339,35208,39547,0,35689,3858,165,3693
991,Bihar,Riots,19915,63108,2783,22099,58141,525865,584006,4754,535254,43998,2694,41304
992,Chhattisgarh,Riots,773,4847,0,725,4895,36139,41034,1007,36119,3908,1339,2569
993,Goa,Riots,501,406,7,558,342,2366,2708,32,2412,264,50,214
994,Gujarat,Riots,1361,12107,0,1465,12003,165049,177052,327,168694,8031,370,7661
995,Haryana,Riots,487,6383,0,465,6405,22614,29019,0,25005,4014,810,3204
996,Himachal Pradesh,Riots,505,2311,0,351,2465,17900,20365,509,18154,1702,96,1606
997,Jammu & Kashmir,Riots,35,7362,7,33,7357,46342,53699,1803,42942,8954,176,8778
998,Jharkhand,Riots,4866,7214,0,5807,6273,18565,24838,266,19257,5315,986,4329
999,Karnataka,Riots,4753,30719,703,5197,29572,65020,94592,3977,64464,26151,581,25570
1000,Kerala,Riots,8787,47017,7,8055,47742,197980,245722,1361,217055,27306,5942,21364
1001,Madhya Pradesh,Riots,271,12511,0,405,12377,127166,139543,6454,123444,9645,3083,6562
1002,Maharashtra,Riots,19323,58471,128,19775,57891,593515,651406,6516,602857,42033,1934,40099
1003,Manipur,Riots,80,36,50,65,1,230,231,0,228,3,2,1
1004,Meghalaya,Riots,78,13,4,76,11,679,690,0,690,0,0,0
1005,Mizoram,Riots,0,0,0,0,0,0,0,0,0,0,0,0
1006,Nagaland,Riots,2,21,0,17,6,28,34,0,33,1,0,1
1007,Odisha,Riots,1677,9688,0,1781,9584,84251,93835,0,88126,5709,274,5435
1008,Punjab,Riots,3,0,0,3,0,27,27,0,27,0,0,0
1009,Rajasthan,Riots,92,1968,0,92,1968,82197,84165,942,76577,6646,4381,2265
1010,Sikkim,Riots,50,48,9,32,57,22,79,0,28,51,20,31
1011,Tamil Nadu,Riots,7892,15002,295,8982,13617,46531,60148,79,46213,13856,3509,10347
1012,Tripura,Riots,98,486,51,121,412,305,717,7,467,243,19,224
1013,Uttar Pradesh,Riots,6236,47979,9003,11502,33710,130739,164449,1565,142830,20054,10297,9757
1014,Uttarakhand,Riots,297,1050,223,59,1065,7745,8810,79,7291,1440,977,463
1015,West Bengal,Riots,5653,14916,944,5588,14037,221393,235430,173,224161,11096,224,10872
1016,Total (State),Riots,94566,364630,18302,105556,335338,2470324,2805662,30852,2520258,254552,38665,215887
1017,A&N Islands,Riots,23,0,0,0,23,888,911,0,824,87,31,56
1018,Chandigarh,Riots,63,168,3,67,161,1344,1505,0,1079,426,98,328
1019,D&N Haveli,Riots,57,50,0,19,88,1090,1178,0,1043,135,7,128
1020,Daman & Diu,Riots,31,62,0,57,36,560,596,9,430,157,0,157
1021,Delhi UT,Riots,102,715,0,491,326,16936,17262,7,16884,371,132,239
1022,Lakshadweep,Riots,68,11,0,40,39,26,65,0,65,0,0,0
1023,Puducherry,Riots,416,562,0,164,814,2945,3759,0,3335,424,316,108
1024,Total (UTs),Riots,760,1568,3,838,1487,23789,25276,16,23660,1600,584,1016
1025,Total (All-India),Riots,95326,366198,18305,106394,336825,2494113,2830938,30868,2543918,256152,39249,216903
1026,Andhra Pradesh,Robbery,526,1200,11,684,1031,3459,4490,6,3582,902,198,704
1027,Arunachal Pradesh,Robbery,79,86,35,92,38,918,956,2,947,7,3,4
1028,Assam,Robbery,2023,767,448,1807,535,2316,2851,0,2473,378,27,351
1029,Bihar,Robbery,2566,2243,245,2466,2098,27528,29626,0,27805,1821,357,1464
1030,Chhattisgarh,Robbery,91,524,0,97,518,4432,4950,11,4345,594,140,454
1031,Goa,Robbery,33,45,4,48,26,248,274,0,251,23,2,21
1032,Gujarat,Robbery,169,1676,0,164,1681,19351,21032,28,20332,672,53,619
1033,Haryana,Robbery,155,1258,1,113,1299,3102,4401,5,3555,841,236,605
1034,Himachal Pradesh,Robbery,3,13,0,2,14,238,252,0,225,27,8,19
1035,Jammu & Kashmir,Robbery,2,129,0,3,128,1766,1894,0,1656,238,8,230
1036,Jharkhand,Robbery,664,791,2,741,712,2197,2909,2,2074,833,270,563
1037,Karnataka,Robbery,290,1832,45,417,1660,7432,9092,3,7785,1304,169,1135
1038,Kerala,Robbery,375,997,0,359,1013,5719,6732,1,6162,569,191,378
1039,Madhya Pradesh,Robbery,70,2794,0,101,2763,12149,14912,36,11654,3222,866,2356
1040,Maharashtra,Robbery,2966,10057,464,3801,8758,52860,61618,120,58068,3430,520,2910
1041,Manipur,Robbery,9,0,0,8,1,73,74,0,72,2,0,2
1042,Meghalaya,Robbery,229,57,21,239,26,725,751,0,736,15,8,7
1043,Mizoram,Robbery,4,1,0,0,5,16,21,0,12,9,2,7
1044,Nagaland,Robbery,35,69,16,42,46,47,93,0,51,42,35,7
1045,Odisha,Robbery,388,2471,12,334,2513,12823,15336,0,14009,1327,159,1168
1046,Punjab,Robbery,325,317,3,354,285,1329,1614,0,1288,326,122,204
1047,Rajasthan,Robbery,25,1158,0,26,1157,8526,9683,23,8801,859,345,514
1048,Sikkim,Robbery,6,17,0,10,13,35,48,0,17,31,16,15
1049,Tamil Nadu,Robbery,1442,2731,39,1432,2702,6020,8722,0,7410,1312,525,787
1050,Tripura,Robbery,10,65,5,13,57,186,243,0,175,68,15,53
1051,Uttar Pradesh,Robbery,801,6761,485,1172,5905,21454,27359,19,23908,3432,1890,1542
1052,Uttarakhand,Robbery,42,242,37,5,242,953,1195,0,1003,192,134,58
1053,West Bengal,Robbery,1757,871,107,1730,791,9744,10535,0,10303,232,20,212
1054,Total (State),Robbery,15085,39172,1980,16260,36017,205646,241663,256,218699,22708,6319,16389
1055,A&N Islands,Robbery,4,1,0,2,3,89,92,0,87,5,4,1
1056,Chandigarh,Robbery,30,114,2,51,91,331,422,0,288,134,67,67
1057,D&N Haveli,Robbery,0,5,0,0,5,28,33,0,31,2,0,2
1058,Daman & Diu,Robbery,0,1,0,0,1,18,19,0,19,0,0,0
1059,Delhi UT,Robbery,1265,1882,49,1680,1418,5615,7033,0,6100,933,403,530
1060,Lakshadweep,Robbery,0,0,0,0,0,0,0,0,0,0,0,0
1061,Puducherry,Robbery,23,15,0,12,26,100,126,0,116,10,3,7
1062,Total (UTs),Robbery,1322,2018,51,1745,1544,6181,7725,0,6641,1084,477,607
1063,Total (All-India),Robbery,16407,41190,2031,18005,37561,211827,249388,256,225340,23792,6796,16996
1064,Andhra Pradesh,Theft,8047,23948,66,9973,21956,43919,65875,4535,44769,16571,5777,10794
1065,Arunachal Pradesh,Theft,258,445,247,238,218,2918,3136,21,3051,64,35,29
1066,Assam,Theft,9749,7747,5943,7881,3672,11818,15490,0,12211,3279,357,2922
1067,Bihar,Theft,7185,16093,414,8947,13917,75190,89107,178,82636,6293,862,5431
1068,Chhattisgarh,Theft,138,3176,0,156,3158,23032,26190,302,21926,3962,1162,2800
1069,Goa,Theft,283,466,86,375,288,1981,2269,43,1988,238,42,196
1070,Gujarat,Theft,747,8536,0,957,8326,123721,132047,118,126750,5179,437,4742
1071,Haryana,Theft,1236,6796,0,545,7487,23903,31390,0,23228,8162,3255,4907
1072,Himachal Pradesh,Theft,212,696,13,156,739,4801,5540,17,5014,509,119,390
1073,Jammu & Kashmir,Theft,54,1949,0,67,1936,19281,21217,64,16839,4314,259,4055
1074,Jharkhand,Theft,2053,2993,0,2009,3037,7888,10925,61,7124,3740,929,2811
1075,Karnataka,Theft,811,6917,129,1194,6405,28195,34600,1203,27249,6148,617,5531
1076,Kerala,Theft,975,3690,0,1143,3522,22112,25634,94,22953,2587,953,1634
1077,Madhya Pradesh,Theft,174,12271,0,160,12285,71512,83797,2685,71954,9158,2846,6312
1078,Maharashtra,Theft,11037,33294,1213,12812,30306,311170,341476,9320,308991,23165,2642,20523
1079,Manipur,Theft,242,243,167,299,19,363,382,0,371,11,3,8
1080,Meghalaya,Theft,706,357,149,693,221,2004,2225,12,2147,66,37,29
1081,Mizoram,Theft,155,698,34,158,661,450,1111,1,566,544,480,64
1082,Nagaland,Theft,124,284,65,167,176,115,291,12,148,131,108,23
1083,Odisha,Theft,1138,8506,175,1016,8453,64165,72618,0,68482,4136,372,3764
1084,Punjab,Theft,2554,4029,91,2557,3935,16592,20527,0,16755,3772,1771,2001
1085,Rajasthan,Theft,96,7541,0,165,7472,52173,59645,500,53200,5945,3041,2904
1086,Sikkim,Theft,50,130,15,58,107,118,225,14,42,169,44,125
1087,Tamil Nadu,Theft,5916,13278,79,6096,13019,34811,47830,61,30572,17197,8212,8985
1088,Tripura,Theft,97,522,84,108,427,836,1263,0,923,340,42,298
1089,Uttar Pradesh,Theft,2196,20065,2322,2332,17607,68665,86272,898,75101,10273,5859,4414
1090,Uttarakhand,Theft,198,1026,74,51,1099,4715,5814,9,4629,1176,995,181
1091,West Bengal,Theft,19156,14885,7086,18321,8634,68168,76802,20,74474,2308,382,1926
1092,Total (State),Theft,75587,200581,18452,78634,179082,1084616,1263698,20168,1104093,139437,41638,97799
1093,A&N Islands,Theft,23,26,0,15,34,786,820,0,737,83,39,44
1094,Chandigarh,Theft,150,1055,18,179,1008,2085,3093,0,2444,649,531,118
1095,D&N Haveli,Theft,27,143,0,37,133,679,812,0,770,42,4,38
1096,Daman & Diu,Theft,17,26,0,21,22,123,145,34,93,18,0,18
1097,Delhi UT,Theft,2702,8251,982,3700,6271,49953,56224,170,49507,6547,2798,3749
1098,Lakshadweep,Theft,11,0,0,10,1,6,7,0,6,1,0,1
1099,Puducherry,Theft,61,222,0,13,270,776,1046,7,850,189,104,85
1100,Total (UTs),Theft,2991,9723,1000,3975,7739,54408,62147,211,54407,7529,3476,4053
1101,Total (All-India),Theft,78578,210304,19452,82609,186821,1139024,1325845,20379,1158500,146966,45114,101852
1102,Andhra Pradesh,Total IPC Crimes,74165,281437,1498,92520,261584,466997,728581,44115,508047,176419,53548,122871
1103,Arunachal Pradesh,Total IPC Crimes,2186,2981,1013,2523,1631,23262,24893,90,24429,374,168,206
1104,Assam,Total IPC Crimes,70303,83475,36567,72169,45042,133014,178056,237,137713,40106,3219,36887
1105,Bihar,Total IPC Crimes,105221,285851,9425,104443,277204,1656666,1933870,24269,1693503,216098,20344,195754
1106,Chhattisgarh,Total IPC Crimes,3908,75622,46,4600,74884,267531,342415,10140,266153,66122,25254,40868
1107,Goa,Total IPC Crimes,3084,3653,286,3610,2841,14700,17541,118,15045,2378,505,1873
1108,Gujarat,Total IPC Crimes,17408,214048,24,17794,213638,1672345,1885983,3511,1760656,121816,38062,83754
1109,Haryana,Total IPC Crimes,8617,73601,5,5447,76766,245808,322574,133,250105,72336,20536,51800
1110,Himachal Pradesh,Total IPC Crimes,3900,18095,82,2542,19371,116995,136366,2495,122692,11179,1856,9323
1111,Jammu & Kashmir,Total IPC Crimes,335,39791,7,411,39708,182617,222325,10358,171750,40217,7530,32687
1112,Jharkhand,Total IPC Crimes,31581,54730,14,36970,49327,98757,148084,1952,98756,47376,10973,36403
1113,Karnataka,Total IPC Crimes,26218,166081,3929,26283,162087,342293,504380,12158,354619,137603,31837,105766
1114,Kerala,Total IPC Crimes,32325,225446,31,34456,223284,723675,946959,5108,806626,135225,74703,60522
1115,Madhya Pradesh,Total IPC Crimes,3223,344326,5,3106,344438,1209723,1554161,129170,1190653,234338,109643,124695
1116,Maharashtra,Total IPC Crimes,106369,345516,3426,123696,324763,2900300,3225063,46216,2951889,226958,20720,206238
1117,Manipur,Total IPC Crimes,2651,1409,1238,2672,150,3097,3247,0,3168,79,38,41
1118,Meghalaya,Total IPC Crimes,4183,3152,1163,4375,1797,14294,16091,66,15653,372,152,220
1119,Mizoram,Total IPC Crimes,478,1898,103,602,1671,1449,3120,8,1626,1486,1222,264
1120,Nagaland,Total IPC Crimes,485,1070,282,636,637,589,1226,38,610,578,456,122
1121,Odisha,Total IPC Crimes,11426,101281,229,10481,101997,616200,718197,0,658194,60003,4756,55247
1122,Punjab,Total IPC Crimes,35068,45979,1729,41846,37472,147571,185043,61,147484,37498,14299,23199
1123,Rajasthan,Total IPC Crimes,1812,182992,0,2957,181847,934096,1115943,30526,956687,128730,77891,50839
1124,Sikkim,Total IPC Crimes,411,1097,78,356,1074,767,1841,85,327,1429,635,794
1125,Tamil Nadu,Total IPC Crimes,109597,245879,9016,108888,237572,393190,630762,1825,406161,222776,117263,105513
1126,Tripura,Total IPC Crimes,1677,8969,1208,2039,7399,8601,16000,185,9307,6508,746,5762
1127,Uttar Pradesh,Total IPC Crimes,61577,467679,109338,88443,331475,970606,1302081,33154,1098196,170731,90418,80313
1128,Uttarakhand,Total IPC Crimes,1803,9732,1036,869,9630,45569,55199,434,44351,10414,6967,3447
1129,West Bengal,Total IPC Crimes,82092,175734,17740,75846,164240,967082,1131322,619,1060985,69718,6076,63642
1130,Total (State),Total IPC Crimes,802103,3461524,199518,870580,3193529,14157794,17351323,357071,14755385,2238867,739817,1499050
1131,A&N Islands,Total IPC Crimes,353,720,0,187,886,10034,10920,0,10165,755,361,394
1132,Chandigarh,Total IPC Crimes,906,3864,263,1206,3301,11696,14997,0,11093,3904,1740,2164
1133,D&N Haveli,Total IPC Crimes,243,525,3,214,551,4875,5426,0,4981,445,22,423
1134,Daman & Diu,Total IPC Crimes,146,337,0,207,276,1548,1824,127,1347,350,0,350
1135,Delhi UT,Total IPC Crimes,25229,51628,1779,34173,40905,215839,256744,592,220092,36060,17208,18852
1136,Lakshadweep,Total IPC Crimes,247,30,0,130,147,120,267,0,236,31,8,23
1137,Puducherry,Total IPC Crimes,2064,4949,26,1459,5528,13287,18815,53,15671,3091,2212,879
1138,Total (UTs),Total IPC Crimes,29188,62053,2071,37576,51594,257399,308993,772,263585,44636,21551,23085
1139,Total (All-India),Total IPC Crimes,831291,3523577,201589,908156,3245123,14415193,17660316,357843,15018970,2283503,761368,1522135
