index,STATE/UT,CRIME HEAD,Male Below 18 Years,Female Below 18 Years,Male Between 18-30 Years,Female Between 18-30 Years,Male Between 30-45 Years,Female Between 30-45 Years,Male Between 45-60 Years,Female Between 45-60 Years,Male Above 60 Years,Female Above 60 Years,Male Total,Female Total,Grand Total
0,Andhra Pradesh,"Antiquity & Art Treasures Act, 1972",0,0,7,0,16,0,5,1,0,0,28,1,29
1,Arunachal Pradesh,"Antiquity & Art Treasures Act, 1972",0,0,0,0,0,0,0,0,0,0,0,0,0
2,Assam,"Antiquity & Art Treasures Act, 1972",0,0,0,0,0,0,0,0,0,0,0,0,0
3,Bihar,"Antiquity & Art Treasures Act, 1972",0,0,4,0,0,0,0,0,0,0,4,0,4
4,Chhattisgarh,"Antiquity & Art Treasures Act, 1972",0,0,0,0,0,0,0,0,0,0,0,0,0
5,Goa,"Antiquity & Art Treasures Act, 1972",0,0,0,0,0,0,0,0,0,0,0,0,0
6,Gujarat,"Antiquity & Art Treasures Act, 1972",0,0,2,0,9,0,8,0,0,0,19,0,19
7,Haryana,"Antiquity & Art Treasures Act, 1972",0,0,0,0,0,0,0,0,0,0,0,0,0
8,Himachal Pradesh,"Antiquity & Art Treasures Act, 1972",0,0,0,0,0,0,0,0,0,0,0,0,0
9,Jammu & Kashmir,"Antiquity & Art Treasures Act, 1972",0,0,0,0,0,0,0,0,0,0,0,0,0
10,Jharkhand,"Antiquity & Art Treasures Act, 1972",0,0,0,0,0,0,0,0,0,0,0,0,0
11,Karnataka,"Antiquity & Art Treasures Act, 1972",0,0,16,0,16,0,3,0,1,0,36,0,36
12,Kerala,"Antiquity & Art Treasures Act, 1972",0,0,0,0,0,0,0,0,0,0,0,0,0
13,Madhya Pradesh,"Antiquity & Art Treasures Act, 1972",0,0,0,0,0,0,0,0,0,0,0,0,0
14,Maharashtra,"Antiquity & Art Treasures Act, 1972",0,0,0,0,0,0,0,0,0,0,0,0,0
15,Manipur,"Antiquity & Art Treasures Act, 1972",0,0,0,0,0,0,0,0,0,0,0,0,0
16,Meghalaya,"Antiquity & Art Treasures Act, 1972",0,0,0,0,0,0,0,0,0,0,0,0,0
17,Mizoram,"Antiquity & Art Treasures Act, 1972",0,0,0,0,0,0,0,0,0,0,0,0,0
18,Nagaland,"Antiquity & Art Treasures Act, 1972",0,0,0,0,0,0,0,0,0,0,0,0,0
19,Odisha,"Antiquity & Art Treasures Act, 1972",0,0,0,0,0,0,0,0,0,0,0,0,0
20,Punjab,"Antiquity & Art Treasures Act, 1972",0,0,0,0,0,0,0,0,0,0,0,0,0
21,Rajasthan,"Antiquity & Art Treasures Act, 1972",0,0,0,0,0,0,0,0,0,0,0,0,0
22,Sikkim,"Antiquity & Art Treasures Act, 1972",0,0,0,0,0,0,0,0,0,0,0,0,0
23,Tamil Nadu,"Antiquity & Art Treasures Act, 1972",0,0,0,0,0,0,0,0,0,0,0,0,0
24,Tripura,"Antiquity & Art Treasures Act, 1972",0,0,0,0,0,0,0,0,0,0,0,0,0
25,Uttar Pradesh,"Antiquity & Art Treasures Act, 1972",0,0,0,0,0,0,0,0,0,0,0,0,0
26,Uttarakhand,"Antiquity & Art Treasures Act, 1972",0,0,0,0,0,0,0,0,0,0,0,0,0
27,West Bengal,"Antiquity & Art Treasures Act, 1972",0,0,0,0,0,0,0,0,0,0,0,0,0
28,Total (State),"Antiquity & Art Treasures Act, 1972",0,0,29,0,41,0,16,1,1,0,87,1,88
29,A&N Islands,"Antiquity & Art Treasures Act, 1972",0,0,0,0,0,0,0,0,0,0,0,0,0
30,Chandigarh,"Antiquity & Art Treasures Act, 1972",0,0,0,0,0,0,0,0,0,0,0,0,0
31,D&N Haveli,"Antiquity & Art Treasures Act, 1972",0,0,0,0,0,0,0,0,0,0,0,0,0
32,Daman & Diu,"Antiquity & Art Treasures Act, 1972",0,0,0,0,0,0,0,0,0,0,0,0,0
33,Delhi UT,"Antiquity & Art Treasures Act, 1972",0,0,3,0,0,0,0,0,0,0,3,0,3
34,Lakshadweep,"Antiquity & Art Treasures Act, 1972",0,0,0,0,0,0,0,0,0,0,0,0,0
35,Puducherry,"Antiquity & Art Treasures Act, 1972",0,0,0,0,0,0,0,0,0,0,0,0,0
36,Total (UTs),"Antiquity & Art Treasures Act, 1972",0,0,3,0,0,0,0,0,0,0,3,0,3
37,Total (All-India),"Antiquity & Art Treasures Act, 1972",0,0,32,0,41,0,16,1,1,0,90,1,91
38,Andhra Pradesh,"Arms Act, 1959",2,0,199,0,141,3,28,0,1,0,371,3,374
39,Arunachal Pradesh,"Arms Act, 1959",0,0,4,0,6,0,0,0,0,0,10,0,10
40,Assam,"Arms Act, 1959",9,1,261,0,278,0,14,0,0,0,562,1,563
41,Bihar,"Arms Act, 1959",58,0,1337,0,782,0,126,0,3,0,2306,0,2306
42,Chhattisgarh,"Arms Act, 1959",11,0,537,0,356,1,71,1,1,0,976,2,978
43,Goa,"Arms Act, 1959",0,0,8,0,3,0,0,0,1,0,12,0,12
44,Gujarat,"Arms Act, 1959",2,0,275,0,255,0,46,0,5,0,583,0,583
45,Haryana,"Arms Act, 1959",8,0,814,0,567,0,143,0,7,0,1539,0,1539
46,Himachal Pradesh,"Arms Act, 1959",0,0,19,0,11,0,2,0,1,0,33,0,33
47,Jammu & Kashmir,"Arms Act, 1959",0,0,106,0,74,1,26,0,0,0,206,1,207
48,Jharkhand,"Arms Act, 1959",11,0,573,1,403,0,51,0,0,0,1038,1,1039
49,Karnataka,"Arms Act, 1959",1,0,42,0,112,0,28,0,4,0,187,0,187
50,Kerala,"Arms Act, 1959",3,0,203,0,147,0,47,0,7,0,407,0,407
51,Madhya Pradesh,"Arms Act, 1959",42,0,7404,3,4342,7,1189,1,38,0,13015,11,13026
52,Maharashtra,"Arms Act, 1959",14,1,933,2,384,4,64,0,6,0,1401,7,1408
53,Manipur,"Arms Act, 1959",0,0,8,0,10,0,3,0,0,1,21,1,22
54,Meghalaya,"Arms Act, 1959",0,0,21,0,5,0,0,0,1,0,27,0,27
55,Mizoram,"Arms Act, 1959",0,0,14,0,31,2,12,1,1,0,58,3,61
56,Nagaland,"Arms Act, 1959",1,0,139,2,99,3,18,0,4,1,261,6,267
57,Odisha,"Arms Act, 1959",0,0,627,9,459,3,142,0,10,0,1238,12,1250
58,Punjab,"Arms Act, 1959",2,0,348,0,287,2,103,0,0,0,740,2,742
59,Rajasthan,"Arms Act, 1959",12,0,2888,0,1983,0,582,0,36,0,5501,0,5501
60,Sikkim,"Arms Act, 1959",0,0,0,0,2,0,0,0,0,0,2,0,2
61,Tamil Nadu,"Arms Act, 1959",5,0,104,0,138,0,35,1,2,0,284,1,285
62,Tripura,"Arms Act, 1959",0,0,19,0,4,0,0,0,0,0,23,0,23
63,Uttar Pradesh,"Arms Act, 1959",39,0,13971,0,7443,5,1520,0,5,0,22978,5,22983
64,Uttarakhand,"Arms Act, 1959",7,0,280,0,281,0,32,0,0,0,600,0,600
65,West Bengal,"Arms Act, 1959",12,0,1341,1,1479,0,352,0,1,0,3185,1,3186
66,Total (State),"Arms Act, 1959",239,2,32475,18,20082,31,4634,4,134,2,57564,57,57621
67,A&N Islands,"Arms Act, 1959",0,0,0,0,4,0,1,0,0,0,5,0,5
68,Chandigarh,"Arms Act, 1959",1,0,9,0,8,0,4,0,0,0,22,0,22
69,D&N Haveli,"Arms Act, 1959",0,0,1,0,0,0,0,0,0,0,1,0,1
70,Daman & Diu,"Arms Act, 1959",0,0,1,0,0,0,0,0,0,0,1,0,1
71,Delhi UT,"Arms Act, 1959",2,0,788,7,261,6,22,0,0,0,1073,13,1086
72,Lakshadweep,"Arms Act, 1959",0,0,0,0,0,0,0,0,0,0,0,0,0
73,Puducherry,"Arms Act, 1959",0,0,104,0,136,0,1,0,0,0,241,0,241
74,Total (UTs),"Arms Act, 1959",3,0,903,7,409,6,28,0,0,0,1343,13,1356
75,Total (All-India),"Arms Act, 1959",242,2,33378,25,20491,37,4662,4,134,2,58907,70,58977
76,Andhra Pradesh,"Commission of Sati (P) Act, 1987",0,0,0,0,0,0,0,0,0,0,0,0,0
77,Arunachal Pradesh,"Commission of Sati (P) Act, 1987",0,0,0,0,0,0,0,0,0,0,0,0,0
78,Assam,"Commission of Sati (P) Act, 1987",0,0,0,0,0,0,0,0,0,0,0,0,0
79,Bihar,"Commission of Sati (P) Act, 1987",0,0,0,0,0,0,0,0,0,0,0,0,0
80,Chhattisgarh,"Commission of Sati (P) Act, 1987",0,0,0,0,0,0,0,0,0,0,0,0,0
81,Goa,"Commission of Sati (P) Act, 1987",0,0,0,0,0,0,0,0,0,0,0,0,0
82,Gujarat,"Commission of Sati (P) Act, 1987",0,0,0,0,0,0,0,0,0,0,0,0,0
83,Haryana,"Commission of Sati (P) Act, 1987",0,0,0,0,0,0,0,0,0,0,0,0,0
84,Himachal Pradesh,"Commission of Sati (P) Act, 1987",0,0,0,0,0,0,0,0,0,0,0,0,0
85,Jammu & Kashmir,"Commission of Sati (P) Act, 1987",0,0,0,0,0,0,0,0,0,0,0,0,0
86,Jharkhand,"Commission of Sati (P) Act, 1987",0,0,0,0,0,0,0,0,0,0,0,0,0
87,Karnataka,"Commission of Sati (P) Act, 1987",0,0,0,0,0,0,0,0,0,0,0,0,0
88,Kerala,"Commission of Sati (P) Act, 1987",0,0,0,0,0,0,0,0,0,0,0,0,0
89,Madhya Pradesh,"Commission of Sati (P) Act, 1987",0,0,0,0,0,0,0,0,0,0,0,0,0
90,Maharashtra,"Commission of Sati (P) Act, 1987",0,0,0,0,0,0,0,0,0,0,0,0,0
91,Manipur,"Commission of Sati (P) Act, 1987",0,0,0,0,0,0,0,0,0,0,0,0,0
92,Meghalaya,"Commission of Sati (P) Act, 1987",0,0,0,0,0,0,0,0,0,0,0,0,0
93,Mizoram,"Commission of Sati (P) Act, 1987",0,0,0,0,0,0,0,0,0,0,0,0,0
94,Nagaland,"Commission of Sati (P) Act, 1987",0,0,0,0,0,0,0,0,0,0,0,0,0
95,Odisha,"Commission of Sati (P) Act, 1987",0,0,0,0,0,0,0,0,0,0,0,0,0
96,Punjab,"Commission of Sati (P) Act, 1987",0,0,0,0,0,0,0,0,0,0,0,0,0
97,Rajasthan,"Commission of Sati (P) Act, 1987",0,0,0,0,0,0,0,0,0,0,0,0,0
98,Sikkim,"Commission of Sati (P) Act, 1987",0,0,0,0,0,0,0,0,0,0,0,0,0
99,Tamil Nadu,"Commission of Sati (P) Act, 1987",0,0,0,0,0,0,0,0,0,0,0,0,0
100,Tripura,"Commission of Sati (P) Act, 1987",0,0,0,0,0,0,0,0,0,0,0,0,0
101,Uttar Pradesh,"Commission of Sati (P) Act, 1987",0,0,0,0,0,0,0,0,0,0,0,0,0
102,Uttarakhand,"Commission of Sati (P) Act, 1987",0,0,0,0,0,0,0,0,0,0,0,0,0
103,West Bengal,"Commission of Sati (P) Act, 1987",0,0,0,0,0,0,0,0,0,0,0,0,0
104,Total (State),"Commission of Sati (P) Act, 1987",0,0,0,0,0,0,0,0,0,0,0,0,0
105,A&N Islands,"Commission of Sati (P) Act, 1987",0,0,0,0,0,0,0,0,0,0,0,0,0
106,Chandigarh,"Commission of Sati (P) Act, 1987",0,0,0,0,0,0,0,0,0,0,0,0,0
107,D&N Haveli,"Commission of Sati (P) Act, 1987",0,0,0,0,0,0,0,0,0,0,0,0,0
108,Daman & Diu,"Commission of Sati (P) Act, 1987",0,0,0,0,0,0,0,0,0,0,0,0,0
109,Delhi UT,"Commission of Sati (P) Act, 1987",0,0,0,0,0,0,0,0,0,0,0,0,0
110,Lakshadweep,"Commission of Sati (P) Act, 1987",0,0,0,0,0,0,0,0,0,0,0,0,0
111,Puducherry,"Commission of Sati (P) Act, 1987",0,0,0,0,0,0,0,0,0,0,0,0,0
112,Total (UTs),"Commission of Sati (P) Act, 1987",0,0,0,0,0,0,0,0,0,0,0,0,0
113,Total (All-India),"Commission of Sati (P) Act, 1987",0,0,0,0,0,0,0,0,0,0,0,0,0
114,Andhra Pradesh,"Copyright Act, 1957",2,0,439,6,334,3,82,0,3,0,860,9,869
115,Arunachal Pradesh,"Copyright Act, 1957",0,0,0,0,0,0,0,0,0,0,0,0,0
116,Assam,"Copyright Act, 1957",0,0,0,0,8,0,0,0,0,0,8,0,8
117,Bihar,"Copyright Act, 1957",0,0,10,0,16,0,3,0,0,0,29,0,29
118,Chhattisgarh,"Copyright Act, 1957",0,0,4,0,10,0,1,0,0,0,15,0,15
119,Goa,"Copyright Act, 1957",0,0,3,0,7,0,0,0,0,0,10,0,10
120,Gujarat,"Copyright Act, 1957",0,0,227,0,192,0,24,0,0,0,443,0,443
121,Haryana,"Copyright Act, 1957",0,0,50,0,49,0,15,0,0,0,114,0,114
122,Himachal Pradesh,"Copyright Act, 1957",0,0,2,0,2,0,0,0,0,0,4,0,4
123,Jammu & Kashmir,"Copyright Act, 1957",0,0,3,0,1,0,0,0,0,0,4,0,4
124,Jharkhand,"Copyright Act, 1957",0,0,15,0,11,0,2,0,0,0,28,0,28
125,Karnataka,"Copyright Act, 1957",0,0,187,4,161,4,46,1,1,0,395,9,404
126,Kerala,"Copyright Act, 1957",0,0,62,0,66,0,18,0,1,0,147,0,147
127,Madhya Pradesh,"Copyright Act, 1957",1,0,50,0,47,0,12,0,1,0,111,0,111
128,Maharashtra,"Copyright Act, 1957",2,0,281,0,236,1,58,0,4,0,581,1,582
129,Manipur,"Copyright Act, 1957",0,0,0,0,0,0,0,0,0,0,0,0,0
130,Meghalaya,"Copyright Act, 1957",0,0,1,0,2,0,0,0,0,0,3,0,3
131,Mizoram,"Copyright Act, 1957",0,0,0,0,0,0,0,0,0,0,0,0,0
132,Nagaland,"Copyright Act, 1957",0,0,0,0,0,0,0,0,0,0,0,0,0
133,Odisha,"Copyright Act, 1957",0,0,0,0,8,0,5,0,0,0,13,0,13
134,Punjab,"Copyright Act, 1957",0,0,120,42,119,4,30,0,0,0,269,46,315
135,Rajasthan,"Copyright Act, 1957",6,0,159,7,142,2,15,1,0,1,322,11,333
136,Sikkim,"Copyright Act, 1957",0,0,0,0,0,0,0,0,0,0,0,0,0
137,Tamil Nadu,"Copyright Act, 1957",10,0,1324,4,1142,7,296,0,4,0,2776,11,2787
138,Tripura,"Copyright Act, 1957",0,0,0,0,0,0,0,0,0,0,0,0,0
139,Uttar Pradesh,"Copyright Act, 1957",1,0,176,0,116,0,19,0,0,0,312,0,312
140,Uttarakhand,"Copyright Act, 1957",0,0,0,0,7,0,0,0,0,0,7,0,7
141,West Bengal,"Copyright Act, 1957",1,0,167,0,198,0,77,0,9,0,452,0,452
142,Total (State),"Copyright Act, 1957",23,0,3280,63,2874,21,703,2,23,1,6903,87,6990
143,A&N Islands,"Copyright Act, 1957",0,0,0,0,0,0,0,0,0,0,0,0,0
144,Chandigarh,"Copyright Act, 1957",0,0,9,0,10,0,2,0,0,0,21,0,21
145,D&N Haveli,"Copyright Act, 1957",0,0,0,0,0,0,0,0,0,0,0,0,0
146,Daman & Diu,"Copyright Act, 1957",0,0,0,0,0,0,0,0,0,0,0,0,0
147,Delhi UT,"Copyright Act, 1957",0,0,32,0,63,1,26,4,0,0,121,5,126
148,Lakshadweep,"Copyright Act, 1957",0,0,0,0,0,0,0,0,0,0,0,0,0
149,Puducherry,"Copyright Act, 1957",0,0,6,0,1,0,1,0,0,0,8,0,8
150,Total (UTs),"Copyright Act, 1957",0,0,47,0,74,1,29,4,0,0,150,5,155
151,Total (All-India),"Copyright Act, 1957",23,0,3327,63,2948,22,732,6,23,1,7053,92,7145
152,Andhra Pradesh,"Dowry Prohibition Act, 1961",0,0,553,98,838,148,367,115,40,37,1798,398,2196
153,Arunachal Pradesh,"Dowry Prohibition Act, 1961",0,0,0,0,0,0,0,0,0,0,0,0,0
154,Assam,"Dowry Prohibition Act, 1961",0,0,67,0,81,0,10,0,0,0,158,0,158
155,Bihar,"Dowry Prohibition Act, 1961",4,0,1611,195,994,235,508,234,17,17,3134,681,3815
156,Chhattisgarh,"Dowry Prohibition Act, 1961",0,0,8,5,6,1,4,4,1,0,19,10,29
157,Goa,"Dowry Prohibition Act, 1961",0,0,0,0,0,0,0,0,0,0,0,0,0
158,Gujarat,"Dowry Prohibition Act, 1961",0,0,47,19,54,25,81,59,8,3,190,106,296
159,Haryana,"Dowry Prohibition Act, 1961",0,0,10,1,2,0,1,1,0,0,13,2,15
160,Himachal Pradesh,"Dowry Prohibition Act, 1961",0,0,1,0,0,0,0,0,0,0,1,0,1
161,Jammu & Kashmir,"Dowry Prohibition Act, 1961",0,0,0,0,2,0,0,0,0,0,2,0,2
162,Jharkhand,"Dowry Prohibition Act, 1961",0,2,683,98,727,125,276,78,21,29,1707,332,2039
163,Karnataka,"Dowry Prohibition Act, 1961",0,0,755,205,1135,438,606,322,180,114,2676,1079,3755
164,Kerala,"Dowry Prohibition Act, 1961",0,0,0,0,2,0,0,0,0,0,2,0,2
165,Madhya Pradesh,"Dowry Prohibition Act, 1961",0,1,73,20,42,24,18,24,5,2,138,71,209
166,Maharashtra,"Dowry Prohibition Act, 1961",0,0,41,10,36,10,17,3,2,2,96,25,121
167,Manipur,"Dowry Prohibition Act, 1961",0,0,0,0,0,0,0,0,0,0,0,0,0
168,Meghalaya,"Dowry Prohibition Act, 1961",0,0,0,0,0,0,0,0,0,0,0,0,0
169,Mizoram,"Dowry Prohibition Act, 1961",0,0,0,0,0,0,0,0,0,0,0,0,0
170,Nagaland,"Dowry Prohibition Act, 1961",0,0,0,0,0,0,0,0,0,0,0,0,0
171,Odisha,"Dowry Prohibition Act, 1961",1,0,700,203,1009,346,621,168,97,50,2428,767,3195
172,Punjab,"Dowry Prohibition Act, 1961",0,0,1,1,2,1,3,2,0,0,6,4,10
173,Rajasthan,"Dowry Prohibition Act, 1961",0,0,33,4,9,5,0,0,2,0,44,9,53
174,Sikkim,"Dowry Prohibition Act, 1961",0,0,0,0,0,0,0,0,0,0,0,0,0
175,Tamil Nadu,"Dowry Prohibition Act, 1961",0,0,179,22,146,40,73,44,13,7,411,113,524
176,Tripura,"Dowry Prohibition Act, 1961",0,0,1,0,0,0,0,0,0,0,1,0,1
177,Uttar Pradesh,"Dowry Prohibition Act, 1961",0,1,2193,222,1449,214,992,155,191,9,4825,601,5426
178,Uttarakhand,"Dowry Prohibition Act, 1961",0,0,0,0,0,0,0,0,0,0,0,0,0
179,West Bengal,"Dowry Prohibition Act, 1961",0,0,136,17,89,4,18,4,0,0,243,25,268
180,Total (State),"Dowry Prohibition Act, 1961",5,4,7092,1120,6623,1616,3595,1213,577,270,17892,4223,22115
181,A&N Islands,"Dowry Prohibition Act, 1961",0,0,0,0,0,0,0,0,0,0,0,0,0
182,Chandigarh,"Dowry Prohibition Act, 1961",0,0,0,0,0,0,0,0,0,0,0,0,0
183,D&N Haveli,"Dowry Prohibition Act, 1961",0,0,0,0,0,0,0,0,0,0,0,0,0
184,Daman & Diu,"Dowry Prohibition Act, 1961",0,0,0,0,0,0,0,0,0,0,0,0,0
185,Delhi UT,"Dowry Prohibition Act, 1961",0,0,3,0,7,1,0,0,0,0,10,1,11
186,Lakshadweep,"Dowry Prohibition Act, 1961",0,0,0,0,0,0,0,0,0,0,0,0,0
187,Puducherry,"Dowry Prohibition Act, 1961",0,0,2,1,8,2,3,4,3,2,16,9,25
188,Total (UTs),"Dowry Prohibition Act, 1961",0,0,5,1,15,3,3,4,3,2,26,10,36
189,Total (All-India),"Dowry Prohibition Act, 1961",5,4,7097,1121,6638,1619,3598,1217,580,272,17918,4233,22151
190,Andhra Pradesh,"Essential Commodities Act, 1955",0,0,90,1,114,1,19,1,1,0,224,3,227
191,Arunachal Pradesh,"Essential Commodities Act, 1955",0,0,0,0,0,0,0,0,0,0,0,0,0
192,Assam,"Essential Commodities Act, 1955",0,0,7,0,19,0,8,0,0,0,34,0,34
193,Bihar,"Essential Commodities Act, 1955",0,0,271,1,334,0,183,0,32,0,820,1,821
194,Chhattisgarh,"Essential Commodities Act, 1955",3,0,47,1,52,1,18,0,1,0,121,2,123
195,Goa,"Essential Commodities Act, 1955",0,0,0,0,0,0,0,0,0,0,0,0,0
196,Gujarat,"Essential Commodities Act, 1955",0,0,65,1,91,1,25,0,3,0,184,2,186
197,Haryana,"Essential Commodities Act, 1955",0,0,38,0,73,0,25,2,6,1,142,3,145
198,Himachal Pradesh,"Essential Commodities Act, 1955",0,0,8,0,5,0,5,0,0,0,18,0,18
199,Jammu & Kashmir,"Essential Commodities Act, 1955",0,0,71,0,130,0,49,0,3,0,253,0,253
200,Jharkhand,"Essential Commodities Act, 1955",0,0,21,0,81,2,9,0,0,0,111,2,113
201,Karnataka,"Essential Commodities Act, 1955",0,0,198,0,247,2,155,1,11,0,611,3,614
202,Kerala,"Essential Commodities Act, 1955",0,0,28,0,133,2,75,1,10,0,246,3,249
203,Madhya Pradesh,"Essential Commodities Act, 1955",0,0,127,0,125,1,30,1,1,0,283,2,285
204,Maharashtra,"Essential Commodities Act, 1955",5,0,752,8,695,20,230,2,31,7,1713,37,1750
205,Manipur,"Essential Commodities Act, 1955",0,0,0,0,0,0,0,0,0,0,0,0,0
206,Meghalaya,"Essential Commodities Act, 1955",0,0,0,0,3,0,4,0,0,0,7,0,7
207,Mizoram,"Essential Commodities Act, 1955",0,0,0,0,1,0,0,0,0,0,1,0,1
208,Nagaland,"Essential Commodities Act, 1955",0,0,0,0,0,0,0,0,0,0,0,0,0
209,Odisha,"Essential Commodities Act, 1955",0,0,56,0,102,1,28,0,5,0,191,1,192
210,Punjab,"Essential Commodities Act, 1955",0,0,31,0,131,1,38,0,0,0,200,1,201
211,Rajasthan,"Essential Commodities Act, 1955",0,0,74,0,88,0,17,0,1,0,180,0,180
212,Sikkim,"Essential Commodities Act, 1955",0,0,0,0,0,0,0,0,0,0,0,0,0
213,Tamil Nadu,"Essential Commodities Act, 1955",0,0,14,0,40,0,11,0,1,0,66,0,66
214,Tripura,"Essential Commodities Act, 1955",8,0,34,0,70,0,25,0,0,0,137,0,137
215,Uttar Pradesh,"Essential Commodities Act, 1955",0,0,731,1,758,5,352,1,4,0,1845,7,1852
216,Uttarakhand,"Essential Commodities Act, 1955",0,0,25,0,10,0,0,0,0,0,35,0,35
217,West Bengal,"Essential Commodities Act, 1955",0,0,67,0,120,0,65,0,3,0,255,0,255
218,Total (State),"Essential Commodities Act, 1955",16,0,2755,13,3422,37,1371,9,113,8,7677,67,7744
219,A&N Islands,"Essential Commodities Act, 1955",0,0,0,0,0,0,0,0,0,0,0,0,0
220,Chandigarh,"Essential Commodities Act, 1955",0,0,2,0,2,0,3,0,0,0,7,0,7
221,D&N Haveli,"Essential Commodities Act, 1955",0,0,0,0,0,0,0,0,0,0,0,0,0
222,Daman & Diu,"Essential Commodities Act, 1955",0,0,0,0,0,0,0,0,0,0,0,0,0
223,Delhi UT,"Essential Commodities Act, 1955",0,0,6,2,10,3,1,0,0,0,17,5,22
224,Lakshadweep,"Essential Commodities Act, 1955",0,0,0,0,0,0,0,0,0,0,0,0,0
225,Puducherry,"Essential Commodities Act, 1955",0,0,15,0,19,2,11,0,0,0,45,2,47
226,Total (UTs),"Essential Commodities Act, 1955",0,0,23,2,31,5,15,0,0,0,69,7,76
227,Total (All-India),"Essential Commodities Act, 1955",16,0,2778,15,3453,42,1386,9,113,8,7746,74,7820
228,Andhra Pradesh,Excise Act,1,0,3205,160,4221,387,1422,193,174,21,9023,761,9784
229,Arunachal Pradesh,Excise Act,0,0,0,0,0,0,0,0,0,0,0,0,0
230,Assam,Excise Act,0,0,2,0,12,0,1,0,0,0,15,0,15
231,Bihar,Excise Act,38,10,1353,53,1178,31,1216,33,27,0,3812,127,3939
232,Chhattisgarh,Excise Act,36,0,5381,190,6076,348,2558,126,191,9,14242,673,14915
233,Goa,Excise Act,0,0,0,0,0,0,0,0,0,0,0,0,0
234,Gujarat,Excise Act,0,0,0,0,0,0,0,0,0,0,0,0,0
235,Haryana,Excise Act,50,0,9285,3,10270,2,3235,0,337,0,23177,5,23182
236,Himachal Pradesh,Excise Act,0,0,223,6,310,43,154,19,20,1,707,69,776
237,Jammu & Kashmir,Excise Act,0,0,185,3,251,13,84,5,3,0,523,21,544
238,Jharkhand,Excise Act,0,0,194,0,255,0,99,0,3,0,551,0,551
239,Karnataka,Excise Act,1,0,1323,50,1803,52,1020,49,67,5,4214,156,4370
240,Kerala,Excise Act,0,0,0,0,0,0,0,0,0,0,0,0,0
241,Madhya Pradesh,Excise Act,122,8,23453,710,18189,1325,7030,487,658,48,49452,2578,52030
242,Maharashtra,Excise Act,0,0,0,0,0,0,0,0,0,0,0,0,0
243,Manipur,Excise Act,0,0,0,0,0,0,0,0,0,0,0,0,0
244,Meghalaya,Excise Act,0,0,0,0,0,0,0,0,0,0,0,0,0
245,Mizoram,Excise Act,0,0,2,0,0,0,0,0,0,0,2,0,2
246,Nagaland,Excise Act,0,0,17,4,15,4,1,0,0,0,33,8,41
247,Odisha,Excise Act,5,0,3851,104,4559,328,2302,111,206,2,10923,545,11468
248,Punjab,Excise Act,4,0,2567,286,2657,348,1233,93,12,0,6473,727,7200
249,Rajasthan,Excise Act,32,0,5708,116,5039,207,1979,46,219,17,12977,386,13363
250,Sikkim,Excise Act,0,0,41,5,53,10,11,0,0,0,105,15,120
251,Tamil Nadu,Excise Act,0,0,0,0,0,0,0,0,0,0,0,0,0
252,Tripura,Excise Act,0,0,0,0,0,0,0,0,0,0,0,0,0
253,Uttar Pradesh,Excise Act,8,0,17541,213,11347,369,4502,75,154,14,33552,671,34223
254,Uttarakhand,Excise Act,0,0,530,12,996,14,680,10,18,2,2224,38,2262
255,West Bengal,Excise Act,2,0,836,36,1246,62,328,24,3,0,2415,122,2537
256,Total (State),Excise Act,299,18,75697,1951,68477,3543,27855,1271,2092,119,174420,6902,181322
257,A&N Islands,Excise Act,0,0,380,10,720,78,492,91,105,37,1697,216,1913
258,Chandigarh,Excise Act,1,0,384,13,267,9,31,3,0,0,683,25,708
259,D&N Haveli,Excise Act,0,0,0,0,0,0,0,0,0,0,0,0,0
260,Daman & Diu,Excise Act,0,0,0,0,0,0,0,0,0,0,0,0,0
261,Delhi UT,Excise Act,10,0,1025,29,744,122,159,22,9,2,1947,175,2122
262,Lakshadweep,Excise Act,0,0,0,0,0,0,0,0,0,0,0,0,0
263,Puducherry,Excise Act,0,0,0,0,0,0,0,0,0,0,0,0,0
264,Total (UTs),Excise Act,11,0,1789,52,1731,209,682,116,114,39,4327,416,4743
265,Total (All-India),Excise Act,310,18,77486,2003,70208,3752,28537,1387,2206,158,178747,7318,186065
266,Andhra Pradesh,Explosives Substances Act 1908,1,0,137,0,182,1,48,0,5,0,373,1,374
267,Arunachal Pradesh,Explosives Substances Act 1908,0,0,0,0,0,0,0,0,0,0,0,0,0
268,Assam,Explosives Substances Act 1908,1,0,45,0,75,0,5,0,0,0,126,0,126
269,Bihar,Explosives Substances Act 1908,2,0,92,0,60,0,8,0,0,0,162,0,162
270,Chhattisgarh,Explosives Substances Act 1908,0,0,64,0,109,0,34,1,4,0,211,1,212
271,Goa,Explosives Substances Act 1908,0,0,1,0,2,0,1,0,0,0,4,0,4
272,Gujarat,Explosives Substances Act 1908,0,0,31,0,33,0,5,2,0,0,69,2,71
273,Haryana,Explosives Substances Act 1908,0,0,21,0,49,0,18,1,1,0,89,1,90
274,Himachal Pradesh,Explosives Substances Act 1908,0,0,0,0,0,0,0,0,0,0,0,0,0
275,Jammu & Kashmir,Explosives Substances Act 1908,0,0,15,0,8,0,2,0,0,0,25,0,25
276,Jharkhand,Explosives Substances Act 1908,0,0,58,0,58,0,10,0,0,0,126,0,126
277,Karnataka,Explosives Substances Act 1908,0,0,50,1,84,4,40,2,5,0,179,7,186
278,Kerala,Explosives Substances Act 1908,0,0,136,0,214,0,113,2,13,0,476,2,478
279,Madhya Pradesh,Explosives Substances Act 1908,0,0,186,0,110,0,33,0,0,1,329,1,330
280,Maharashtra,Explosives Substances Act 1908,0,0,51,0,46,0,12,0,0,0,109,0,109
281,Manipur,Explosives Substances Act 1908,0,0,4,0,6,0,0,0,0,0,10,0,10
282,Meghalaya,Explosives Substances Act 1908,0,0,5,0,0,1,1,1,0,0,6,2,8
283,Mizoram,Explosives Substances Act 1908,0,0,2,0,5,0,1,0,0,0,8,0,8
284,Nagaland,Explosives Substances Act 1908,0,0,5,0,7,1,0,0,0,0,12,1,13
285,Odisha,Explosives Substances Act 1908,2,0,210,3,201,1,68,0,3,0,484,4,488
286,Punjab,Explosives Substances Act 1908,0,0,3,0,3,0,0,0,0,0,6,0,6
287,Rajasthan,Explosives Substances Act 1908,1,0,230,0,298,0,112,0,1,0,642,0,642
288,Sikkim,Explosives Substances Act 1908,0,0,0,0,4,0,0,0,0,0,4,0,4
289,Tamil Nadu,Explosives Substances Act 1908,3,0,211,0,389,8,173,1,30,1,806,10,816
290,Tripura,Explosives Substances Act 1908,0,0,0,0,3,0,0,0,0,0,3,0,3
291,Uttar Pradesh,Explosives Substances Act 1908,2,0,320,2,161,0,16,0,1,0,500,2,502
292,Uttarakhand,Explosives Substances Act 1908,0,0,1,0,1,0,0,0,0,0,2,0,2
293,West Bengal,Explosives Substances Act 1908,2,0,98,0,97,0,21,0,0,0,218,0,218
294,Total (State),Explosives Substances Act 1908,14,0,1976,6,2205,16,721,10,63,2,4979,34,5013
295,A&N Islands,Explosives Substances Act 1908,0,0,0,0,3,0,1,0,0,0,4,0,4
296,Chandigarh,Explosives Substances Act 1908,0,0,0,0,3,0,0,0,0,0,3,0,3
297,D&N Haveli,Explosives Substances Act 1908,0,0,0,0,0,0,1,0,0,0,1,0,1
298,Daman & Diu,Explosives Substances Act 1908,0,0,0,0,0,0,0,0,0,0,0,0,0
299,Delhi UT,Explosives Substances Act 1908,0,0,10,0,6,0,0,0,0,0,16,0,16
300,Lakshadweep,Explosives Substances Act 1908,0,0,0,0,0,0,0,0,0,0,0,0,0
301,Puducherry,Explosives Substances Act 1908,0,0,7,0,1,0,0,0,0,0,8,0,8
302,Total (UTs),Explosives Substances Act 1908,0,0,17,0,13,0,2,0,0,0,32,0,32
303,Total (All-India),Explosives Substances Act 1908,14,0,1993,6,2218,16,723,10,63,2,5011,34,5045
304,Andhra Pradesh,"Forest Act, 1927",0,0,28,1,46,0,3,2,0,0,77,3,80
305,Arunachal Pradesh,"Forest Act, 1927",0,0,0,0,0,0,0,0,0,0,0,0,0
306,Assam,"Forest Act, 1927",5,0,10,0,10,0,3,0,0,0,28,0,28
307,Bihar,"Forest Act, 1927",0,0,52,0,52,0,12,0,1,0,117,0,117
308,Chhattisgarh,"Forest Act, 1927",0,0,1,0,8,0,1,0,0,0,10,0,10
309,Goa,"Forest Act, 1927",0,0,1,0,0,0,0,0,0,0,1,0,1
310,Gujarat,"Forest Act, 1927",0,0,1,0,3,0,1,0,1,0,6,0,6
311,Haryana,"Forest Act, 1927",0,0,0,0,0,0,0,0,0,0,0,0,0
312,Himachal Pradesh,"Forest Act, 1927",3,0,125,0,113,0,43,1,13,1,297,2,299
313,Jammu & Kashmir,"Forest Act, 1927",0,0,2,0,2,0,1,0,0,0,5,0,5
314,Jharkhand,"Forest Act, 1927",0,0,103,1,145,3,30,3,0,0,278,7,285
315,Karnataka,"Forest Act, 1927",0,0,82,0,77,0,22,0,1,0,182,0,182
316,Kerala,"Forest Act, 1927",0,0,0,0,2,0,0,0,0,0,2,0,2
317,Madhya Pradesh,"Forest Act, 1927",0,0,11,0,16,0,3,0,0,0,30,0,30
318,Maharashtra,"Forest Act, 1927",0,0,15,1,17,1,6,0,1,0,39,2,41
319,Manipur,"Forest Act, 1927",0,0,0,0,0,0,0,0,0,0,0,0,0
320,Meghalaya,"Forest Act, 1927",0,0,0,0,0,0,0,0,0,0,0,0,0
321,Mizoram,"Forest Act, 1927",0,0,0,0,1,0,0,0,0,0,1,0,1
322,Nagaland,"Forest Act, 1927",0,0,0,0,0,0,0,0,0,0,0,0,0
323,Odisha,"Forest Act, 1927",0,0,0,0,0,0,0,0,0,0,0,0,0
324,Punjab,"Forest Act, 1927",0,0,0,0,0,5,0,0,0,0,0,5,5
325,Rajasthan,"Forest Act, 1927",0,0,1345,0,1303,1,538,0,42,0,3228,1,3229
326,Sikkim,"Forest Act, 1927",0,0,0,0,0,0,0,0,0,0,0,0,0
327,Tamil Nadu,"Forest Act, 1927",0,0,67,0,24,0,11,0,0,0,102,0,102
328,Tripura,"Forest Act, 1927",0,0,1,0,0,0,0,0,0,0,1,0,1
329,Uttar Pradesh,"Forest Act, 1927",1,0,1840,3,1041,0,520,0,2,0,3404,3,3407
330,Uttarakhand,"Forest Act, 1927",0,0,34,0,46,0,26,0,0,0,106,0,106
331,West Bengal,"Forest Act, 1927",0,0,19,0,0,0,0,0,0,0,19,0,19
332,Total (State),"Forest Act, 1927",9,0,3737,6,2906,10,1220,6,61,1,7933,23,7956
333,A&N Islands,"Forest Act, 1927",0,0,0,0,0,0,0,0,0,0,0,0,0
334,Chandigarh,"Forest Act, 1927",0,0,0,0,0,0,0,0,0,0,0,0,0
335,D&N Haveli,"Forest Act, 1927",0,0,0,0,0,0,0,0,0,0,0,0,0
336,Daman & Diu,"Forest Act, 1927",0,0,0,0,0,0,0,0,0,0,0,0,0
337,Delhi UT,"Forest Act, 1927",0,0,0,0,0,0,0,0,0,0,0,0,0
338,Lakshadweep,"Forest Act, 1927",0,0,0,0,0,0,0,0,0,0,0,0,0
339,Puducherry,"Forest Act, 1927",0,0,0,0,0,0,0,0,0,0,0,0,0
340,Total (UTs),"Forest Act, 1927",0,0,0,0,0,0,0,0,0,0,0,0,0
341,Total (All-India),"Forest Act, 1927",9,0,3737,6,2906,10,1220,6,61,1,7933,23,7956
342,Andhra Pradesh,Gambling Act,0,0,13415,1,13235,0,3370,1,512,0,30532,2,30534
343,Arunachal Pradesh,Gambling Act,0,0,0,0,0,0,0,0,0,0,0,0,0
344,Assam,Gambling Act,0,0,32,0,75,0,4,0,0,0,111,0,111
345,Bihar,Gambling Act,12,0,374,0,275,0,96,0,4,0,761,0,761
346,Chhattisgarh,Gambling Act,34,0,11914,0,10763,0,3641,0,411,0,26763,0,26763
347,Goa,Gambling Act,0,0,156,0,264,0,121,0,8,0,549,0,549
348,Gujarat,Gambling Act,109,0,17475,184,16531,290,8051,137,684,7,42850,618,43468
349,Haryana,Gambling Act,126,0,3178,0,3176,2,1215,3,180,0,7875,5,7880
350,Himachal Pradesh,Gambling Act,0,0,154,0,368,0,109,0,0,0,631,0,631
351,Jammu & Kashmir,Gambling Act,0,0,158,0,214,0,104,0,19,0,495,0,495
352,Jharkhand,Gambling Act,4,0,221,0,177,0,42,0,0,0,444,0,444
353,Karnataka,Gambling Act,28,0,14312,21,19550,22,6551,4,1196,0,41637,47,41684
354,Kerala,Gambling Act,0,0,5351,0,8724,0,4635,1,1022,0,19732,1,19733
355,Madhya Pradesh,Gambling Act,299,1,29406,11,22793,10,9989,10,938,0,63425,32,63457
356,Maharashtra,Gambling Act,89,0,17227,12,19334,40,8258,41,1197,6,46105,99,46204
357,Manipur,Gambling Act,0,0,36,0,30,2,7,0,1,0,74,2,76
358,Meghalaya,Gambling Act,0,0,11,0,4,0,8,0,0,0,23,0,23
359,Mizoram,Gambling Act,0,0,0,0,0,0,0,0,0,0,0,0,0
360,Nagaland,Gambling Act,0,0,2,0,1,0,0,0,0,0,3,0,3
361,Odisha,Gambling Act,3,0,1383,19,1528,15,721,17,51,0,3686,51,3737
362,Punjab,Gambling Act,5,0,1426,1,1940,10,811,2,1,0,4183,13,4196
363,Rajasthan,Gambling Act,13,0,13305,95,10779,20,4382,3,309,0,28788,118,28906
364,Sikkim,Gambling Act,0,0,0,0,0,0,0,0,0,0,0,0,0
365,Tamil Nadu,Gambling Act,21,0,6206,17,7947,11,5022,0,493,0,19689,28,19717
366,Tripura,Gambling Act,11,0,1,0,13,0,5,0,0,0,30,0,30
367,Uttar Pradesh,Gambling Act,1,0,12437,0,7223,7,3123,0,110,0,22894,7,22901
368,Uttarakhand,Gambling Act,0,0,220,0,313,0,96,0,1,0,630,0,630
369,West Bengal,Gambling Act,0,0,511,0,582,0,270,0,23,0,1386,0,1386
370,Total (State),Gambling Act,755,1,148911,361,145839,429,60631,219,7160,13,363296,1023,364319
371,A&N Islands,Gambling Act,0,0,154,0,282,0,94,0,9,0,539,0,539
372,Chandigarh,Gambling Act,0,0,266,0,257,0,64,0,0,0,587,0,587
373,D&N Haveli,Gambling Act,0,0,10,0,10,0,0,0,0,0,20,0,20
374,Daman & Diu,Gambling Act,0,0,11,0,35,0,22,0,0,0,68,0,68
375,Delhi UT,Gambling Act,0,0,1100,1,795,1,108,0,6,0,2009,2,2011
376,Lakshadweep,Gambling Act,0,0,0,0,0,0,0,0,0,0,0,0,0
377,Puducherry,Gambling Act,0,0,26,0,89,0,25,0,4,0,144,0,144
378,Total (UTs),Gambling Act,0,0,1567,1,1468,1,313,0,19,0,3367,2,3369
379,Total (All-India),Gambling Act,755,1,150478,362,147307,430,60944,219,7179,13,366663,1025,367688
380,Andhra Pradesh,"Immoral Traffic (P) Act, 1956",0,0,498,169,432,144,96,43,7,9,1033,365,1398
381,Arunachal Pradesh,"Immoral Traffic (P) Act, 1956",0,0,0,0,1,0,0,0,0,0,1,0,1
382,Assam,"Immoral Traffic (P) Act, 1956",2,0,16,1,11,0,0,0,0,0,29,1,30
383,Bihar,"Immoral Traffic (P) Act, 1956",0,0,52,21,40,0,9,0,0,0,101,21,122
384,Chhattisgarh,"Immoral Traffic (P) Act, 1956",0,0,7,14,9,4,1,0,0,0,17,18,35
385,Goa,"Immoral Traffic (P) Act, 1956",1,0,33,5,23,2,1,1,0,0,58,8,66
386,Gujarat,"Immoral Traffic (P) Act, 1956",0,5,50,15,44,22,25,5,0,0,119,47,166
387,Haryana,"Immoral Traffic (P) Act, 1956",0,1,115,83,95,36,16,5,1,0,227,125,352
388,Himachal Pradesh,"Immoral Traffic (P) Act, 1956",0,0,5,6,9,3,2,0,1,0,17,9,26
389,Jammu & Kashmir,"Immoral Traffic (P) Act, 1956",0,0,4,2,7,1,0,0,0,0,11,3,14
390,Jharkhand,"Immoral Traffic (P) Act, 1956",0,0,3,14,8,4,1,2,0,0,12,20,32
391,Karnataka,"Immoral Traffic (P) Act, 1956",0,0,413,244,271,86,54,8,8,2,746,340,1086
392,Kerala,"Immoral Traffic (P) Act, 1956",2,0,62,38,54,116,26,31,6,0,150,185,335
393,Madhya Pradesh,"Immoral Traffic (P) Act, 1956",1,1,26,25,15,12,6,0,0,0,48,38,86
394,Maharashtra,"Immoral Traffic (P) Act, 1956",2,0,275,225,229,123,64,37,5,0,575,385,960
395,Manipur,"Immoral Traffic (P) Act, 1956",0,0,0,0,0,0,0,0,0,0,0,0,0
396,Meghalaya,"Immoral Traffic (P) Act, 1956",0,0,8,8,0,2,0,0,0,0,8,10,18
397,Mizoram,"Immoral Traffic (P) Act, 1956",0,0,2,0,3,0,0,0,0,0,5,0,5
398,Nagaland,"Immoral Traffic (P) Act, 1956",0,0,1,0,0,0,0,0,0,0,1,0,1
399,Odisha,"Immoral Traffic (P) Act, 1956",0,0,35,9,42,3,5,1,0,0,82,13,95
400,Punjab,"Immoral Traffic (P) Act, 1956",0,4,119,166,115,123,22,31,0,0,256,324,580
401,Rajasthan,"Immoral Traffic (P) Act, 1956",0,0,94,97,43,34,5,5,0,1,142,137,279
402,Sikkim,"Immoral Traffic (P) Act, 1956",0,0,0,0,0,0,0,0,0,0,0,0,0
403,Tamil Nadu,"Immoral Traffic (P) Act, 1956",0,0,277,153,246,166,159,47,3,4,685,370,1055
404,Tripura,"Immoral Traffic (P) Act, 1956",0,0,0,0,0,0,0,0,0,0,0,0,0
405,Uttar Pradesh,"Immoral Traffic (P) Act, 1956",0,3,80,83,47,49,6,0,0,0,133,135,268
406,Uttarakhand,"Immoral Traffic (P) Act, 1956",0,0,17,14,15,13,9,3,0,0,41,30,71
407,West Bengal,"Immoral Traffic (P) Act, 1956",0,0,85,64,117,57,44,11,1,0,247,132,379
408,Total (State),"Immoral Traffic (P) Act, 1956",8,14,2277,1456,1876,1000,551,230,32,16,4744,2716,7460
409,A&N Islands,"Immoral Traffic (P) Act, 1956",0,0,3,9,2,4,0,0,0,0,5,13,18
410,Chandigarh,"Immoral Traffic (P) Act, 1956",0,0,3,14,4,4,2,1,0,0,9,19,28
411,D&N Haveli,"Immoral Traffic (P) Act, 1956",0,0,2,2,8,1,0,1,0,0,10,4,14
412,Daman & Diu,"Immoral Traffic (P) Act, 1956",0,0,14,12,2,4,0,0,0,0,16,16,32
413,Delhi UT,"Immoral Traffic (P) Act, 1956",0,0,3,20,4,21,0,2,0,0,7,43,50
414,Lakshadweep,"Immoral Traffic (P) Act, 1956",0,0,0,0,0,0,0,0,0,0,0,0,0
415,Puducherry,"Immoral Traffic (P) Act, 1956",0,0,0,0,0,0,0,0,0,0,0,0,0
416,Total (UTs),"Immoral Traffic (P) Act, 1956",0,0,25,57,20,34,2,4,0,0,47,95,142
417,Total (All-India),"Immoral Traffic (P) Act, 1956",8,14,2302,1513,1896,1034,553,234,32,16,4791,2811,7602
418,Andhra Pradesh,"Indecent representation of Women (P) Act, 1986",11,0,170,2,78,0,24,0,0,0,283,2,285
419,Arunachal Pradesh,"Indecent representation of Women (P) Act, 1986",0,0,0,0,0,0,0,0,0,0,0,0,0
420,Assam,"Indecent representation of Women (P) Act, 1986",0,0,0,0,1,0,0,0,0,0,1,0,1
421,Bihar,"Indecent representation of Women (P) Act, 1986",0,0,0,0,0,0,0,0,0,0,0,0,0
422,Chhattisgarh,"Indecent representation of Women (P) Act, 1986",0,0,0,0,0,0,0,0,0,0,0,0,0
423,Goa,"Indecent representation of Women (P) Act, 1986",0,0,0,0,0,0,0,0,0,0,0,0,0
424,Gujarat,"Indecent representation of Women (P) Act, 1986",0,0,0,0,0,0,0,0,0,0,0,0,0
425,Haryana,"Indecent representation of Women (P) Act, 1986",0,0,0,0,0,0,0,0,0,0,0,0,0
426,Himachal Pradesh,"Indecent representation of Women (P) Act, 1986",0,0,0,0,0,0,0,0,0,0,0,0,0
427,Jammu & Kashmir,"Indecent representation of Women (P) Act, 1986",0,0,0,0,0,0,0,0,0,0,0,0,0
428,Jharkhand,"Indecent representation of Women (P) Act, 1986",0,0,0,0,1,0,1,0,0,0,2,0,2
429,Karnataka,"Indecent representation of Women (P) Act, 1986",0,0,2,0,0,0,0,0,0,0,2,0,2
430,Kerala,"Indecent representation of Women (P) Act, 1986",0,0,6,0,11,0,3,0,0,0,20,0,20
431,Madhya Pradesh,"Indecent representation of Women (P) Act, 1986",0,0,0,0,0,0,0,0,0,0,0,0,0
432,Maharashtra,"Indecent representation of Women (P) Act, 1986",0,0,0,0,0,0,0,0,0,0,0,0,0
433,Manipur,"Indecent representation of Women (P) Act, 1986",0,0,0,0,0,0,0,0,0,0,0,0,0
434,Meghalaya,"Indecent representation of Women (P) Act, 1986",0,0,0,0,0,0,0,0,0,0,0,0,0
435,Mizoram,"Indecent representation of Women (P) Act, 1986",0,0,0,0,0,0,0,0,0,0,0,0,0
436,Nagaland,"Indecent representation of Women (P) Act, 1986",0,0,0,0,0,0,0,0,0,0,0,0,0
437,Odisha,"Indecent representation of Women (P) Act, 1986",0,0,0,0,4,0,0,0,0,0,4,0,4
438,Punjab,"Indecent representation of Women (P) Act, 1986",0,0,0,0,0,0,0,0,0,0,0,0,0
439,Rajasthan,"Indecent representation of Women (P) Act, 1986",0,0,41,0,25,0,1,0,0,0,67,0,67
440,Sikkim,"Indecent representation of Women (P) Act, 1986",0,0,0,0,0,0,0,0,0,0,0,0,0
441,Tamil Nadu,"Indecent representation of Women (P) Act, 1986",0,0,5,0,2,0,0,0,0,0,7,0,7
442,Tripura,"Indecent representation of Women (P) Act, 1986",0,0,0,0,0,0,0,0,0,0,0,0,0
443,Uttar Pradesh,"Indecent representation of Women (P) Act, 1986",0,0,1,0,0,0,0,0,0,0,1,0,1
444,Uttarakhand,"Indecent representation of Women (P) Act, 1986",0,0,0,0,0,0,0,0,0,0,0,0,0
445,West Bengal,"Indecent representation of Women (P) Act, 1986",0,0,1,0,3,0,1,0,0,0,5,0,5
446,Total (State),"Indecent representation of Women (P) Act, 1986",11,0,226,2,125,0,30,0,0,0,392,2,394
447,A&N Islands,"Indecent representation of Women (P) Act, 1986",0,0,0,0,0,0,0,0,0,0,0,0,0
448,Chandigarh,"Indecent representation of Women (P) Act, 1986",0,0,0,0,1,0,0,0,0,0,1,0,1
449,D&N Haveli,"Indecent representation of Women (P) Act, 1986",0,0,0,0,0,0,0,0,0,0,0,0,0
450,Daman & Diu,"Indecent representation of Women (P) Act, 1986",0,0,0,0,0,0,0,0,0,0,0,0,0
451,Delhi UT,"Indecent representation of Women (P) Act, 1986",0,0,0,0,0,0,0,0,0,0,0,0,0
452,Lakshadweep,"Indecent representation of Women (P) Act, 1986",0,0,0,0,0,0,0,0,0,0,0,0,0
453,Puducherry,"Indecent representation of Women (P) Act, 1986",0,0,0,0,1,0,0,0,0,0,1,0,1
454,Total (UTs),"Indecent representation of Women (P) Act, 1986",0,0,0,0,2,0,0,0,0,0,2,0,2
455,Total (All-India),"Indecent representation of Women (P) Act, 1986",11,0,226,2,127,0,30,0,0,0,394,2,396
456,Andhra Pradesh,"Indial Railways Act, 1989",3,0,2,0,1,0,2,0,0,0,8,0,8
457,Arunachal Pradesh,"Indial Railways Act, 1989",0,0,0,0,0,0,0,0,0,0,0,0,0
458,Assam,"Indial Railways Act, 1989",0,0,0,0,0,0,0,0,0,0,0,0,0
459,Bihar,"Indial Railways Act, 1989",0,0,1,0,0,0,0,0,0,0,1,0,1
460,Chhattisgarh,"Indial Railways Act, 1989",0,0,7,0,5,0,0,0,0,0,12,0,12
461,Goa,"Indial Railways Act, 1989",0,0,0,0,0,0,0,0,0,0,0,0,0
462,Gujarat,"Indial Railways Act, 1989",0,0,0,0,0,0,1,0,0,0,1,0,1
463,Haryana,"Indial Railways Act, 1989",0,0,6,0,4,0,0,0,0,0,10,0,10
464,Himachal Pradesh,"Indial Railways Act, 1989",0,0,0,0,0,0,0,0,0,0,0,0,0
465,Jammu & Kashmir,"Indial Railways Act, 1989",0,0,0,0,0,0,0,0,0,0,0,0,0
466,Jharkhand,"Indial Railways Act, 1989",0,0,0,0,0,0,0,0,0,0,0,0,0
467,Karnataka,"Indial Railways Act, 1989",0,0,0,0,0,0,0,0,0,0,0,0,0
468,Kerala,"Indial Railways Act, 1989",0,0,2,0,4,0,6,0,0,0,12,0,12
469,Madhya Pradesh,"Indial Railways Act, 1989",5,0,2,0,0,0,0,0,0,0,7,0,7
470,Maharashtra,"Indial Railways Act, 1989",3,0,6,2,5,0,0,0,0,0,14,2,16
471,Manipur,"Indial Railways Act, 1989",0,0,0,0,0,0,0,0,0,0,0,0,0
472,Meghalaya,"Indial Railways Act, 1989",0,0,0,0,0,0,0,0,0,0,0,0,0
473,Mizoram,"Indial Railways Act, 1989",0,0,0,0,0,0,0,0,0,0,0,0,0
474,Nagaland,"Indial Railways Act, 1989",0,0,0,0,0,0,0,0,0,0,0,0,0
475,Odisha,"Indial Railways Act, 1989",0,0,0,0,0,0,0,0,0,0,0,0,0
476,Punjab,"Indial Railways Act, 1989",0,0,6,0,5,0,2,0,0,0,13,0,13
477,Rajasthan,"Indial Railways Act, 1989",0,0,0,0,4,0,3,0,0,0,7,0,7
478,Sikkim,"Indial Railways Act, 1989",0,0,0,0,0,0,0,0,0,0,0,0,0
479,Tamil Nadu,"Indial Railways Act, 1989",2,0,2,0,5,0,0,0,0,0,9,0,9
480,Tripura,"Indial Railways Act, 1989",0,0,0,0,0,0,0,0,0,0,0,0,0
481,Uttar Pradesh,"Indial Railways Act, 1989",0,0,7,0,4,0,1,0,0,0,12,0,12
482,Uttarakhand,"Indial Railways Act, 1989",0,0,0,0,0,0,0,0,0,0,0,0,0
483,West Bengal,"Indial Railways Act, 1989",0,0,3,0,0,0,0,0,0,0,3,0,3
484,Total (State),"Indial Railways Act, 1989",13,0,44,2,37,0,15,0,0,0,109,2,111
485,A&N Islands,"Indial Railways Act, 1989",0,0,0,0,0,0,0,0,0,0,0,0,0
486,Chandigarh,"Indial Railways Act, 1989",0,0,0,0,0,0,0,0,0,0,0,0,0
487,D&N Haveli,"Indial Railways Act, 1989",0,0,0,0,0,0,0,0,0,0,0,0,0
488,Daman & Diu,"Indial Railways Act, 1989",0,0,0,0,0,0,0,0,0,0,0,0,0
489,Delhi UT,"Indial Railways Act, 1989",0,0,0,0,0,0,0,0,0,0,0,0,0
490,Lakshadweep,"Indial Railways Act, 1989",0,0,0,0,0,0,0,0,0,0,0,0,0
491,Puducherry,"Indial Railways Act, 1989",0,0,0,0,0,0,0,0,0,0,0,0,0
492,Total (UTs),"Indial Railways Act, 1989",0,0,0,0,0,0,0,0,0,0,0,0,0
493,Total (All-India),"Indial Railways Act, 1989",13,0,44,2,37,0,15,0,0,0,109,2,111
494,Andhra Pradesh,Indian Passport Act,0,0,13,3,27,1,11,0,0,0,51,4,55
495,Arunachal Pradesh,Indian Passport Act,0,0,0,0,0,0,0,0,0,0,0,0,0
496,Assam,Indian Passport Act,0,0,0,0,4,0,1,0,0,0,5,0,5
497,Bihar,Indian Passport Act,0,0,0,0,0,0,0,0,0,0,0,0,0
498,Chhattisgarh,Indian Passport Act,0,0,0,0,0,0,0,0,0,0,0,0,0
499,Goa,Indian Passport Act,0,0,0,0,0,0,0,0,0,0,0,0,0
500,Gujarat,Indian Passport Act,1,0,6,12,6,0,0,0,0,0,13,12,25
501,Haryana,Indian Passport Act,0,0,0,0,1,0,0,0,0,0,1,0,1
502,Himachal Pradesh,Indian Passport Act,0,0,0,0,0,0,0,0,0,0,0,0,0
503,Jammu & Kashmir,Indian Passport Act,0,0,0,0,2,1,0,0,0,0,2,1,3
504,Jharkhand,Indian Passport Act,0,0,0,0,1,0,0,0,0,0,1,0,1
505,Karnataka,Indian Passport Act,0,0,7,2,15,5,3,1,0,0,25,8,33
506,Kerala,Indian Passport Act,1,0,73,1,116,1,20,0,1,0,211,2,213
507,Madhya Pradesh,Indian Passport Act,0,0,0,0,0,0,0,0,0,0,0,0,0
508,Maharashtra,Indian Passport Act,7,5,377,160,172,90,52,19,6,1,614,275,889
509,Manipur,Indian Passport Act,0,0,0,0,0,0,0,0,0,0,0,0,0
510,Meghalaya,Indian Passport Act,0,1,2,0,0,0,0,0,0,0,2,1,3
511,Mizoram,Indian Passport Act,1,1,10,2,11,4,1,1,0,0,23,8,31
512,Nagaland,Indian Passport Act,0,0,0,0,0,0,0,0,0,0,0,0,0
513,Odisha,Indian Passport Act,0,0,0,0,0,0,0,0,0,0,0,0,0
514,Punjab,Indian Passport Act,0,0,15,0,10,1,0,0,0,0,25,1,26
515,Rajasthan,Indian Passport Act,0,0,0,0,0,0,0,0,0,0,0,0,0
516,Sikkim,Indian Passport Act,0,0,0,0,0,0,0,0,0,0,0,0,0
517,Tamil Nadu,Indian Passport Act,0,0,40,1,97,0,29,0,0,0,166,1,167
518,Tripura,Indian Passport Act,0,0,138,13,57,0,2,0,0,0,197,13,210
519,Uttar Pradesh,Indian Passport Act,0,0,30,0,8,1,4,0,0,0,42,1,43
520,Uttarakhand,Indian Passport Act,0,0,0,0,2,0,0,0,0,0,2,0,2
521,West Bengal,Indian Passport Act,1,0,34,0,52,0,24,0,0,0,111,0,111
522,Total (State),Indian Passport Act,11,7,745,194,581,104,147,21,7,1,1491,327,1818
523,A&N Islands,Indian Passport Act,0,0,0,0,0,0,0,0,0,0,0,0,0
524,Chandigarh,Indian Passport Act,0,0,0,0,0,0,0,0,0,0,0,0,0
525,D&N Haveli,Indian Passport Act,0,0,0,0,0,0,0,0,0,0,0,0,0
526,Daman & Diu,Indian Passport Act,0,0,0,0,0,0,0,0,0,0,0,0,0
527,Delhi UT,Indian Passport Act,0,0,0,0,0,0,0,0,0,0,0,0,0
528,Lakshadweep,Indian Passport Act,0,0,0,0,0,0,0,0,0,0,0,0,0
529,Puducherry,Indian Passport Act,0,1,0,0,2,0,0,0,0,0,2,1,3
530,Total (UTs),Indian Passport Act,0,1,0,0,2,0,0,0,0,0,2,1,3
531,Total (All-India),Indian Passport Act,11,8,745,194,583,104,147,21,7,1,1493,328,1821
532,Andhra Pradesh,"Narcotic Drugs and Psychotropic Substances Act, 1985",2,0,409,22,442,29,172,13,21,2,1046,66,1112
533,Arunachal Pradesh,"Narcotic Drugs and Psychotropic Substances Act, 1985",0,0,42,1,30,0,15,0,0,0,87,1,88
534,Assam,"Narcotic Drugs and Psychotropic Substances Act, 1985",3,3,101,4,133,10,10,0,0,0,247,17,264
535,Bihar,"Narcotic Drugs and Psychotropic Substances Act, 1985",9,0,288,0,164,0,35,0,0,0,496,0,496
536,Chhattisgarh,"Narcotic Drugs and Psychotropic Substances Act, 1985",2,0,242,7,183,10,58,1,18,1,503,19,522
537,Goa,"Narcotic Drugs and Psychotropic Substances Act, 1985",1,0,37,0,15,0,8,0,0,0,61,0,61
538,Gujarat,"Narcotic Drugs and Psychotropic Substances Act, 1985",1,0,25,0,38,0,7,2,0,0,71,2,73
539,Haryana,"Narcotic Drugs and Psychotropic Substances Act, 1985",30,0,483,10,608,12,156,9,26,1,1303,32,1335
540,Himachal Pradesh,"Narcotic Drugs and Psychotropic Substances Act, 1985",3,0,263,8,228,6,91,4,7,1,592,19,611
541,Jammu & Kashmir,"Narcotic Drugs and Psychotropic Substances Act, 1985",4,0,248,1,271,1,119,1,10,1,652,4,656
542,Jharkhand,"Narcotic Drugs and Psychotropic Substances Act, 1985",0,0,114,2,100,0,21,0,0,0,235,2,237
543,Karnataka,"Narcotic Drugs and Psychotropic Substances Act, 1985",1,0,171,5,170,6,70,9,17,1,429,21,450
544,Kerala,"Narcotic Drugs and Psychotropic Substances Act, 1985",3,0,464,0,470,5,203,15,36,1,1176,21,1197
545,Madhya Pradesh,"Narcotic Drugs and Psychotropic Substances Act, 1985",2,0,436,18,393,24,144,4,5,1,980,47,1027
546,Maharashtra,"Narcotic Drugs and Psychotropic Substances Act, 1985",7,0,3810,12,1770,30,339,4,14,3,5940,49,5989
547,Manipur,"Narcotic Drugs and Psychotropic Substances Act, 1985",0,0,72,4,71,16,21,6,0,0,164,26,190
548,Meghalaya,"Narcotic Drugs and Psychotropic Substances Act, 1985",0,0,21,5,11,0,0,0,1,0,33,5,38
549,Mizoram,"Narcotic Drugs and Psychotropic Substances Act, 1985",0,0,122,13,66,29,16,7,4,1,208,50,258
550,Nagaland,"Narcotic Drugs and Psychotropic Substances Act, 1985",0,0,47,8,50,7,5,1,0,0,102,16,118
551,Odisha,"Narcotic Drugs and Psychotropic Substances Act, 1985",3,0,304,6,282,10,145,1,0,0,734,17,751
552,Punjab,"Narcotic Drugs and Psychotropic Substances Act, 1985",63,0,6409,229,6169,346,3375,182,47,1,16063,758,16821
553,Rajasthan,"Narcotic Drugs and Psychotropic Substances Act, 1985",6,0,595,4,551,14,141,6,15,1,1308,25,1333
554,Sikkim,"Narcotic Drugs and Psychotropic Substances Act, 1985",0,0,4,2,3,1,0,0,0,0,7,3,10
555,Tamil Nadu,"Narcotic Drugs and Psychotropic Substances Act, 1985",4,0,474,42,646,157,305,121,46,17,1475,337,1812
556,Tripura,"Narcotic Drugs and Psychotropic Substances Act, 1985",3,0,59,0,34,0,3,0,0,0,99,0,99
557,Uttar Pradesh,"Narcotic Drugs and Psychotropic Substances Act, 1985",8,0,3518,4,2120,3,521,6,0,0,6167,13,6180
558,Uttarakhand,"Narcotic Drugs and Psychotropic Substances Act, 1985",2,0,138,1,197,2,77,2,2,0,416,5,421
559,West Bengal,"Narcotic Drugs and Psychotropic Substances Act, 1985",4,0,470,17,461,17,163,8,1,0,1099,42,1141
560,Total (State),"Narcotic Drugs and Psychotropic Substances Act, 1985",161,3,19366,425,15676,735,6220,402,270,32,41693,1597,43290
561,A&N Islands,"Narcotic Drugs and Psychotropic Substances Act, 1985",0,0,12,1,11,1,7,0,0,0,30,2,32
562,Chandigarh,"Narcotic Drugs and Psychotropic Substances Act, 1985",0,0,57,2,47,2,12,2,0,0,116,6,122
563,D&N Haveli,"Narcotic Drugs and Psychotropic Substances Act, 1985",0,0,1,1,1,0,0,0,0,0,2,1,3
564,Daman & Diu,"Narcotic Drugs and Psychotropic Substances Act, 1985",0,0,0,0,0,0,0,0,0,0,0,0,0
565,Delhi UT,"Narcotic Drugs and Psychotropic Substances Act, 1985",2,0,297,6,200,5,32,7,2,0,533,18,551
566,Lakshadweep,"Narcotic Drugs and Psychotropic Substances Act, 1985",0,0,3,0,3,0,1,0,0,0,7,0,7
567,Puducherry,"Narcotic Drugs and Psychotropic Substances Act, 1985",0,0,2,0,1,0,0,0,0,0,3,0,3
568,Total (UTs),"Narcotic Drugs and Psychotropic Substances Act, 1985",2,0,372,10,263,8,52,9,2,0,691,27,718
569,Total (All-India),"Narcotic Drugs and Psychotropic Substances Act, 1985",163,3,19738,435,15939,743,6272,411,272,32,42384,1624,44008
570,Andhra Pradesh,Other SLL Crimes,108,1,3306,200,2976,150,1250,53,126,29,7766,433,8199
571,Arunachal Pradesh,Other SLL Crimes,0,0,13,0,14,0,2,0,0,0,29,0,29
572,Assam,Other SLL Crimes,8,0,395,4,617,0,37,0,0,0,1057,4,1061
573,Bihar,Other SLL Crimes,124,0,2344,23,1888,87,846,20,76,4,5278,134,5412
574,Chhattisgarh,Other SLL Crimes,176,5,79349,73,61592,55,29545,16,6112,2,176774,151,176925
575,Goa,Other SLL Crimes,0,0,1135,72,817,36,411,25,75,7,2438,140,2578
576,Gujarat,Other SLL Crimes,146,35,14507,552,11611,716,4449,206,542,38,31255,1547,32802
577,Haryana,Other SLL Crimes,5,0,2422,14,2711,31,872,12,158,1,6168,58,6226
578,Himachal Pradesh,Other SLL Crimes,1,0,116,0,111,6,36,1,11,3,275,10,285
579,Jammu & Kashmir,Other SLL Crimes,1,0,51,0,79,2,46,0,3,0,180,2,182
580,Jharkhand,Other SLL Crimes,18,1,1419,62,1372,84,403,12,50,5,3262,164,3426
581,Karnataka,Other SLL Crimes,11,0,2138,60,2169,69,1404,30,407,6,6129,165,6294
582,Kerala,Other SLL Crimes,85,0,143984,35,129167,74,66859,35,11327,17,351422,161,351583
583,Madhya Pradesh,Other SLL Crimes,24,1,2896,19,1765,14,827,2,152,0,5664,36,5700
584,Maharashtra,Other SLL Crimes,172,5,23268,761,16480,702,6182,376,860,77,46962,1921,48883
585,Manipur,Other SLL Crimes,1,0,286,14,300,36,95,10,7,2,689,62,751
586,Meghalaya,Other SLL Crimes,3,0,34,0,23,0,0,0,0,0,60,0,60
587,Mizoram,Other SLL Crimes,0,0,65,11,55,29,25,10,2,0,147,50,197
588,Nagaland,Other SLL Crimes,1,1,73,13,37,5,12,0,0,0,123,19,142
589,Odisha,Other SLL Crimes,0,0,234,12,262,9,147,6,5,1,648,28,676
590,Punjab,Other SLL Crimes,7,1,1576,65,1477,49,749,11,24,0,3833,126,3959
591,Rajasthan,Other SLL Crimes,53,1,7588,41,6729,24,2616,24,286,0,17272,90,17362
592,Sikkim,Other SLL Crimes,15,2,61,13,48,16,8,0,0,0,132,31,163
593,Tamil Nadu,Other SLL Crimes,1231,161,202181,15978,201023,18506,82946,6146,10100,436,497481,41227,538708
594,Tripura,Other SLL Crimes,7,0,35,0,27,0,4,0,0,0,73,0,73
595,Uttar Pradesh,Other SLL Crimes,67,1,1165261,96,522697,68,200337,44,4688,0,1893050,209,1893259
596,Uttarakhand,Other SLL Crimes,9,0,78162,11,72186,100,12309,164,2168,0,164834,275,165109
597,West Bengal,Other SLL Crimes,22,7,2923,183,3367,167,1564,74,31,0,7907,431,8338
598,Total (State),Other SLL Crimes,2295,222,1735822,18312,1041600,21035,413981,7277,37210,628,3230908,47474,3278382
599,A&N Islands,Other SLL Crimes,0,0,1,0,6,0,3,0,0,0,10,0,10
600,Chandigarh,Other SLL Crimes,1,0,58,0,42,0,12,0,0,0,113,0,113
601,D&N Haveli,Other SLL Crimes,0,0,0,0,1,0,1,0,0,0,2,0,2
602,Daman & Diu,Other SLL Crimes,0,0,0,0,0,0,0,0,0,0,0,0,0
603,Delhi UT,Other SLL Crimes,39,0,807,22,698,69,232,14,12,2,1788,107,1895
604,Lakshadweep,Other SLL Crimes,0,0,17,0,8,0,2,0,0,0,27,0,27
605,Puducherry,Other SLL Crimes,1,0,347,4,201,2,41,0,6,0,596,6,602
606,Total (UTs),Other SLL Crimes,41,0,1230,26,956,71,291,14,18,2,2536,113,2649
607,Total (All-India),Other SLL Crimes,2336,222,1737052,18338,1042556,21106,414272,7291,37228,630,3233444,47587,3281031
608,Andhra Pradesh,PCR Act - against SCs,0,0,2,0,2,0,0,0,0,0,4,0,4
609,Arunachal Pradesh,PCR Act - against SCs,0,0,0,0,0,0,0,0,0,0,0,0,0
610,Assam,PCR Act - against SCs,0,0,0,0,0,0,0,0,0,0,0,0,0
611,Bihar,PCR Act - against SCs,0,0,0,0,0,0,0,0,0,0,0,0,0
612,Chhattisgarh,PCR Act - against SCs,0,0,0,0,0,0,0,0,0,0,0,0,0
613,Goa,PCR Act - against SCs,0,0,0,0,0,0,0,0,0,0,0,0,0
614,Gujarat,PCR Act - against SCs,0,0,1,0,1,0,0,0,0,0,2,0,2
615,Haryana,PCR Act - against SCs,0,0,0,0,0,0,0,0,0,0,0,0,0
616,Himachal Pradesh,PCR Act - against SCs,0,0,0,0,3,0,4,0,0,0,7,0,7
617,Jammu & Kashmir,PCR Act - against SCs,0,0,0,0,0,0,0,0,0,0,0,0,0
618,Jharkhand,PCR Act - against SCs,0,0,0,0,0,0,0,0,0,0,0,0,0
619,Karnataka,PCR Act - against SCs,0,0,4,0,9,0,7,0,2,0,22,0,22
620,Kerala,PCR Act - against SCs,0,0,0,0,0,0,0,0,0,0,0,0,0
621,Madhya Pradesh,PCR Act - against SCs,0,0,0,0,0,0,0,0,0,0,0,0,0
622,Maharashtra,PCR Act - against SCs,0,0,9,2,8,2,7,0,2,1,26,5,31
623,Manipur,PCR Act - against SCs,0,0,0,0,0,0,0,0,0,0,0,0,0
624,Meghalaya,PCR Act - against SCs,0,0,0,0,0,0,0,0,0,0,0,0,0
625,Mizoram,PCR Act - against SCs,0,0,0,0,0,0,0,0,0,0,0,0,0
626,Nagaland,PCR Act - against SCs,0,0,0,0,0,0,0,0,0,0,0,0,0
627,Odisha,PCR Act - against SCs,0,0,0,0,0,0,0,0,0,0,0,0,0
628,Punjab,PCR Act - against SCs,0,0,0,0,0,0,0,0,0,0,0,0,0
629,Rajasthan,PCR Act - against SCs,0,0,0,0,0,0,0,0,0,0,0,0,0
630,Sikkim,PCR Act - against SCs,0,0,0,0,0,0,0,0,0,0,0,0,0
631,Tamil Nadu,PCR Act - against SCs,0,0,0,0,0,0,0,0,0,0,0,0,0
632,Tripura,PCR Act - against SCs,0,0,0,0,0,0,0,0,0,0,0,0,0
633,Uttar Pradesh,PCR Act - against SCs,0,0,0,0,0,0,0,0,0,0,0,0,0
634,Uttarakhand,PCR Act - against SCs,0,0,0,0,0,0,0,0,0,0,0,0,0
635,West Bengal,PCR Act - against SCs,0,0,0,0,0,0,0,0,0,0,0,0,0
636,Total (State),PCR Act - against SCs,0,0,16,2,23,2,18,0,4,1,61,5,66
637,A&N Islands,PCR Act - against SCs,0,0,0,0,0,0,0,0,0,0,0,0,0
638,Chandigarh,PCR Act - against SCs,0,0,0,0,0,0,0,0,0,0,0,0,0
639,D&N Haveli,PCR Act - against SCs,0,0,0,0,0,0,0,0,0,0,0,0,0
640,Daman & Diu,PCR Act - against SCs,0,0,0,0,0,0,0,0,0,0,0,0,0
641,Delhi UT,PCR Act - against SCs,0,0,0,0,0,0,0,0,0,0,0,0,0
642,Lakshadweep,PCR Act - against SCs,0,0,0,0,0,0,0,0,0,0,0,0,0
643,Puducherry,PCR Act - against SCs,0,0,14,0,4,4,2,0,0,0,20,4,24
644,Total (UTs),PCR Act - against SCs,0,0,14,0,4,4,2,0,0,0,20,4,24
645,Total (All-India),PCR Act - against SCs,0,0,30,2,27,6,20,0,4,1,81,9,90
646,Andhra Pradesh,PCR Act - against STs,0,0,0,0,0,0,0,0,0,0,0,0,0
647,Arunachal Pradesh,PCR Act - against STs,0,0,0,0,0,0,0,0,0,0,0,0,0
648,Assam,PCR Act - against STs,0,0,0,0,0,0,0,0,0,0,0,0,0
649,Bihar,PCR Act - against STs,0,0,0,0,0,0,0,0,0,0,0,0,0
650,Chhattisgarh,PCR Act - against STs,0,0,0,0,0,0,0,0,0,0,0,0,0
651,Goa,PCR Act - against STs,0,0,0,0,0,0,0,0,0,0,0,0,0
652,Gujarat,PCR Act - against STs,0,0,0,0,0,0,0,0,0,0,0,0,0
653,Haryana,PCR Act - against STs,0,0,0,0,0,0,0,0,0,0,0,0,0
654,Himachal Pradesh,PCR Act - against STs,0,0,0,0,0,0,0,0,0,0,0,0,0
655,Jammu & Kashmir,PCR Act - against STs,0,0,0,0,0,0,0,0,0,0,0,0,0
656,Jharkhand,PCR Act - against STs,0,0,0,0,0,0,0,0,0,0,0,0,0
657,Karnataka,PCR Act - against STs,0,0,8,2,15,0,11,0,0,0,34,2,36
658,Kerala,PCR Act - against STs,0,0,0,0,0,0,0,0,0,0,0,0,0
659,Madhya Pradesh,PCR Act - against STs,0,0,0,0,0,0,0,0,0,0,0,0,0
660,Maharashtra,PCR Act - against STs,0,0,2,1,1,0,8,0,0,0,11,1,12
661,Manipur,PCR Act - against STs,0,0,0,0,0,0,0,0,0,0,0,0,0
662,Meghalaya,PCR Act - against STs,0,0,0,0,0,0,0,0,0,0,0,0,0
663,Mizoram,PCR Act - against STs,0,0,0,0,0,0,0,0,0,0,0,0,0
664,Nagaland,PCR Act - against STs,0,0,0,0,0,0,0,0,0,0,0,0,0
665,Odisha,PCR Act - against STs,0,0,0,0,0,0,0,0,0,0,0,0,0
666,Punjab,PCR Act - against STs,0,0,0,0,0,0,0,0,0,0,0,0,0
667,Rajasthan,PCR Act - against STs,0,0,0,0,0,0,0,0,0,0,0,0,0
668,Sikkim,PCR Act - against STs,0,0,0,0,0,0,0,0,0,0,0,0,0
669,Tamil Nadu,PCR Act - against STs,0,0,0,0,0,0,0,0,0,0,0,0,0
670,Tripura,PCR Act - against STs,0,0,0,0,0,0,0,0,0,0,0,0,0
671,Uttar Pradesh,PCR Act - against STs,0,0,0,0,0,0,0,0,0,0,0,0,0
672,Uttarakhand,PCR Act - against STs,0,0,0,0,0,0,0,0,0,0,0,0,0
673,West Bengal,PCR Act - against STs,0,0,1,0,0,0,0,0,0,0,1,0,1
674,Total (State),PCR Act - against STs,0,0,11,3,16,0,19,0,0,0,46,3,49
675,A&N Islands,PCR Act - against STs,0,0,0,0,0,0,0,0,0,0,0,0,0
676,Chandigarh,PCR Act - against STs,0,0,0,0,0,0,0,0,0,0,0,0,0
677,D&N Haveli,PCR Act - against STs,0,0,0,0,0,0,0,0,0,0,0,0,0
678,Daman & Diu,PCR Act - against STs,0,0,0,0,0,0,0,0,0,0,0,0,0
679,Delhi UT,PCR Act - against STs,0,0,0,0,0,0,0,0,0,0,0,0,0
680,Lakshadweep,PCR Act - against STs,0,0,0,0,0,0,0,0,0,0,0,0,0
681,Puducherry,PCR Act - against STs,0,0,0,0,0,0,0,0,0,0,0,0,0
682,Total (UTs),PCR Act - against STs,0,0,0,0,0,0,0,0,0,0,0,0,0
683,Total (All-India),PCR Act - against STs,0,0,11,3,16,0,19,0,0,0,46,3,49
684,Andhra Pradesh,POA - Against SCs,1,0,315,30,548,45,397,35,37,2,1298,112,1410
685,Arunachal Pradesh,POA - Against SCs,0,0,0,0,0,0,0,0,0,0,0,0,0
686,Assam,POA - Against SCs,0,0,0,0,1,0,0,0,0,0,1,0,1
687,Bihar,POA - Against SCs,32,1,3450,41,3271,79,1365,52,53,0,8171,173,8344
688,Chhattisgarh,POA - Against SCs,0,0,0,0,2,0,0,0,0,0,2,0,2
689,Goa,POA - Against SCs,0,0,0,1,2,1,2,0,0,0,4,2,6
690,Gujarat,POA - Against SCs,2,0,135,3,200,9,74,6,1,0,412,18,430
691,Haryana,POA - Against SCs,0,0,4,0,5,0,2,0,0,0,11,0,11
692,Himachal Pradesh,POA - Against SCs,0,0,32,4,49,4,14,9,7,2,102,19,121
693,Jammu & Kashmir,POA - Against SCs,0,0,0,0,0,0,0,0,0,0,0,0,0
694,Jharkhand,POA - Against SCs,0,0,136,3,156,3,51,1,2,0,345,7,352
695,Karnataka,POA - Against SCs,1,0,909,51,1058,71,695,38,137,7,2800,167,2967
696,Kerala,POA - Against SCs,0,0,3,0,23,2,6,0,0,0,32,2,34
697,Madhya Pradesh,POA - Against SCs,0,0,7,0,4,0,1,0,0,0,12,0,12
698,Maharashtra,POA - Against SCs,6,2,155,11,178,25,86,9,23,1,448,48,496
699,Manipur,POA - Against SCs,0,0,0,0,0,0,0,0,0,0,0,0,0
700,Meghalaya,POA - Against SCs,0,0,0,0,0,0,0,0,0,0,0,0,0
701,Mizoram,POA - Against SCs,0,0,0,0,0,0,0,0,0,0,0,0,0
702,Nagaland,POA - Against SCs,0,0,0,0,0,0,0,0,0,0,0,0,0
703,Odisha,POA - Against SCs,1,0,673,26,898,40,409,5,10,3,1991,74,2065
704,Punjab,POA - Against SCs,1,0,5,0,11,0,2,0,0,0,19,0,19
705,Rajasthan,POA - Against SCs,0,0,11,0,21,0,4,0,0,0,36,0,36
706,Sikkim,POA - Against SCs,0,0,0,0,0,0,0,0,0,0,0,0,0
707,Tamil Nadu,POA - Against SCs,28,0,1017,36,1058,64,392,23,92,6,2587,129,2716
708,Tripura,POA - Against SCs,0,0,0,0,0,0,0,0,0,0,0,0,0
709,Uttar Pradesh,POA - Against SCs,1,0,2740,24,1764,13,897,2,38,0,5440,39,5479
710,Uttarakhand,POA - Against SCs,0,0,3,0,7,0,3,5,0,0,13,5,18
711,West Bengal,POA - Against SCs,0,0,21,0,24,1,13,0,0,0,58,1,59
712,Total (State),POA - Against SCs,73,3,9616,230,9280,357,4413,185,400,21,23782,796,24578
713,A&N Islands,POA - Against SCs,0,0,0,0,0,0,0,0,0,0,0,0,0
714,Chandigarh,POA - Against SCs,0,0,0,0,1,0,0,0,0,0,1,0,1
715,D&N Haveli,POA - Against SCs,0,0,0,0,0,0,0,0,0,0,0,0,0
716,Daman & Diu,POA - Against SCs,0,0,0,0,0,0,0,0,0,0,0,0,0
717,Delhi UT,POA - Against SCs,0,0,16,4,6,5,3,0,0,0,25,9,34
718,Lakshadweep,POA - Against SCs,0,0,0,0,0,0,0,0,0,0,0,0,0
719,Puducherry,POA - Against SCs,0,0,5,0,1,0,0,0,0,0,6,0,6
720,Total (UTs),POA - Against SCs,0,0,21,4,8,5,3,0,0,0,32,9,41
721,Total (All-India),POA - Against SCs,73,3,9637,234,9288,362,4416,185,400,21,23814,805,24619
722,Andhra Pradesh,POA - Against STs,0,0,76,11,106,6,61,4,17,0,260,21,281
723,Arunachal Pradesh,POA - Against STs,0,0,0,0,0,0,0,0,0,0,0,0,0
724,Assam,POA - Against STs,0,0,0,0,0,0,0,0,0,0,0,0,0
725,Bihar,POA - Against STs,0,0,35,1,33,0,18,0,6,0,92,1,93
726,Chhattisgarh,POA - Against STs,0,0,0,0,0,0,0,0,0,0,0,0,0
727,Goa,POA - Against STs,0,0,0,0,0,0,0,0,0,0,0,0,0
728,Gujarat,POA - Against STs,0,0,24,2,30,2,23,2,0,0,77,6,83
729,Haryana,POA - Against STs,0,0,0,0,0,0,0,0,0,0,0,0,0
730,Himachal Pradesh,POA - Against STs,0,0,1,0,0,0,0,0,0,0,1,0,1
731,Jammu & Kashmir,POA - Against STs,0,0,0,0,0,0,0,0,0,0,0,0,0
732,Jharkhand,POA - Against STs,0,0,67,0,82,0,19,1,0,0,168,1,169
733,Karnataka,POA - Against STs,0,0,235,13,330,22,164,10,31,1,760,46,806
734,Kerala,POA - Against STs,0,0,1,1,2,0,1,0,0,0,4,1,5
735,Madhya Pradesh,POA - Against STs,0,0,0,0,0,0,0,0,0,0,0,0,0
736,Maharashtra,POA - Against STs,1,0,28,4,22,4,9,0,3,0,63,8,71
737,Manipur,POA - Against STs,0,0,0,0,0,0,0,0,0,0,0,0,0
738,Meghalaya,POA - Against STs,0,0,0,0,0,0,0,0,0,0,0,0,0
739,Mizoram,POA - Against STs,0,0,0,0,0,0,0,0,0,0,0,0,0
740,Nagaland,POA - Against STs,0,0,0,0,0,0,0,0,0,0,0,0,0
741,Odisha,POA - Against STs,0,0,188,5,269,15,138,4,5,0,600,24,624
742,Punjab,POA - Against STs,0,0,0,0,0,0,0,0,0,0,0,0,0
743,Rajasthan,POA - Against STs,0,0,1,0,1,0,1,0,3,0,6,0,6
744,Sikkim,POA - Against STs,0,0,0,0,0,0,0,0,0,0,0,0,0
745,Tamil Nadu,POA - Against STs,0,0,4,1,4,2,1,0,0,0,9,3,12
746,Tripura,POA - Against STs,0,0,0,0,0,0,0,0,0,0,0,0,0
747,Uttar Pradesh,POA - Against STs,0,0,22,0,3,0,0,0,0,0,25,0,25
748,Uttarakhand,POA - Against STs,0,0,0,0,1,0,0,0,0,0,1,0,1
749,West Bengal,POA - Against STs,0,0,24,2,40,1,13,0,0,0,77,3,80
750,Total (State),POA - Against STs,1,0,706,40,923,52,448,21,65,1,2143,114,2257
751,A&N Islands,POA - Against STs,0,0,0,0,3,0,0,0,0,0,3,0,3
752,Chandigarh,POA - Against STs,0,0,0,0,0,0,0,0,0,0,0,0,0
753,D&N Haveli,POA - Against STs,0,0,1,0,0,0,0,0,0,0,1,0,1
754,Daman & Diu,POA - Against STs,0,0,0,0,0,0,0,0,0,0,0,0,0
755,Delhi UT,POA - Against STs,0,0,0,0,0,0,0,0,0,0,0,0,0
756,Lakshadweep,POA - Against STs,0,0,0,0,0,0,0,0,0,0,0,0,0
757,Puducherry,POA - Against STs,0,0,0,0,0,0,0,0,0,0,0,0,0
758,Total (UTs),POA - Against STs,0,0,1,0,3,0,0,0,0,0,4,0,4
759,Total (All-India),POA - Against STs,1,0,707,40,926,52,448,21,65,1,2147,114,2261
760,Andhra Pradesh,Prohibition Act,0,0,1978,143,3059,508,1033,209,102,7,6172,867,7039
761,Arunachal Pradesh,Prohibition Act,0,0,0,0,0,0,0,0,0,0,0,0,0
762,Assam,Prohibition Act,0,0,13,0,22,0,2,0,0,0,37,0,37
763,Bihar,Prohibition Act,0,0,10,0,3,0,0,0,0,0,13,0,13
764,Chhattisgarh,Prohibition Act,0,0,0,0,4,0,0,0,0,0,4,0,4
765,Goa,Prohibition Act,0,0,0,0,0,0,0,0,0,0,0,0,0
766,Gujarat,Prohibition Act,173,108,54968,18690,56547,37722,28521,21588,2832,2992,143041,81100,224141
767,Haryana,Prohibition Act,0,0,0,0,0,0,0,0,0,0,0,0,0
768,Himachal Pradesh,Prohibition Act,0,0,0,0,0,0,0,0,0,0,0,0,0
769,Jammu & Kashmir,Prohibition Act,0,0,0,0,0,0,0,0,0,0,0,0,0
770,Jharkhand,Prohibition Act,0,0,11,0,2,0,0,0,0,0,13,0,13
771,Karnataka,Prohibition Act,0,0,0,0,0,0,0,0,0,0,0,0,0
772,Kerala,Prohibition Act,2,0,18738,36,23927,52,12632,37,4731,6,60030,131,60161
773,Madhya Pradesh,Prohibition Act,0,0,0,0,0,0,0,0,0,0,0,0,0
774,Maharashtra,Prohibition Act,76,2,20225,1018,24794,3097,11881,1772,1485,284,58461,6173,64634
775,Manipur,Prohibition Act,0,0,0,0,0,0,0,0,0,0,0,0,0
776,Meghalaya,Prohibition Act,0,0,0,0,0,0,0,0,0,0,0,0,0
777,Mizoram,Prohibition Act,0,1,58,15,39,14,18,5,0,1,115,36,151
778,Nagaland,Prohibition Act,0,0,65,5,38,13,9,0,1,0,113,18,131
779,Odisha,Prohibition Act,0,0,0,0,0,0,0,0,0,0,0,0,0
780,Punjab,Prohibition Act,0,0,3,0,4,0,1,0,0,0,8,0,8
781,Rajasthan,Prohibition Act,0,0,0,0,0,0,0,0,0,0,0,0,0
782,Sikkim,Prohibition Act,0,0,0,0,0,0,0,0,0,0,0,0,0
783,Tamil Nadu,Prohibition Act,13,0,23785,2036,34096,3030,16518,1772,2449,312,76861,7150,84011
784,Tripura,Prohibition Act,0,0,0,0,0,0,0,0,0,0,0,0,0
785,Uttar Pradesh,Prohibition Act,0,0,0,0,0,0,0,0,0,0,0,0,0
786,Uttarakhand,Prohibition Act,0,0,0,0,0,0,0,0,0,0,0,0,0
787,West Bengal,Prohibition Act,0,0,0,0,0,0,0,0,0,0,0,0,0
788,Total (State),Prohibition Act,264,111,119854,21943,142535,44436,70615,25383,11600,3602,344868,95475,440343
789,A&N Islands,Prohibition Act,0,0,25,0,22,0,12,0,2,0,61,0,61
790,Chandigarh,Prohibition Act,0,0,0,0,0,0,0,0,0,0,0,0,0
791,D&N Haveli,Prohibition Act,0,0,0,0,0,0,0,0,0,0,0,0,0
792,Daman & Diu,Prohibition Act,0,0,0,0,0,0,0,0,0,0,0,0,0
793,Delhi UT,Prohibition Act,0,0,0,0,0,0,0,0,0,0,0,0,0
794,Lakshadweep,Prohibition Act,0,0,5,0,8,0,2,0,0,0,15,0,15
795,Puducherry,Prohibition Act,0,0,0,0,0,0,0,0,0,0,0,0,0
796,Total (UTs),Prohibition Act,0,0,30,0,30,0,14,0,2,0,76,0,76
797,Total (All-India),Prohibition Act,264,111,119884,21943,142565,44436,70629,25383,11602,3602,344944,95475,440419
798,Andhra Pradesh,"Prohibition of Child Marriage Act, 2006",2,1,10,1,19,5,4,1,1,0,36,8,44
799,Arunachal Pradesh,"Prohibition of Child Marriage Act, 2006",0,0,0,0,0,0,0,0,0,0,0,0,0
800,Assam,"Prohibition of Child Marriage Act, 2006",0,0,0,0,1,0,0,0,0,0,1,0,1
801,Bihar,"Prohibition of Child Marriage Act, 2006",0,0,2,0,0,0,0,0,0,0,2,0,2
802,Chhattisgarh,"Prohibition of Child Marriage Act, 2006",0,1,0,0,0,0,0,0,0,0,0,1,1
803,Goa,"Prohibition of Child Marriage Act, 2006",0,0,0,0,0,0,0,0,0,0,0,0,0
804,Gujarat,"Prohibition of Child Marriage Act, 2006",0,0,9,0,20,7,17,6,0,1,46,14,60
805,Haryana,"Prohibition of Child Marriage Act, 2006",0,0,6,0,10,1,7,1,0,0,23,2,25
806,Himachal Pradesh,"Prohibition of Child Marriage Act, 2006",0,0,1,1,0,1,2,2,0,0,3,4,7
807,Jammu & Kashmir,"Prohibition of Child Marriage Act, 2006",0,0,0,0,0,0,0,0,0,0,0,0,0
808,Jharkhand,"Prohibition of Child Marriage Act, 2006",0,0,0,0,1,0,0,0,0,0,1,0,1
809,Karnataka,"Prohibition of Child Marriage Act, 2006",1,0,12,1,36,6,10,7,1,0,60,14,74
810,Kerala,"Prohibition of Child Marriage Act, 2006",0,0,3,0,6,1,6,0,0,0,15,1,16
811,Madhya Pradesh,"Prohibition of Child Marriage Act, 2006",0,0,8,2,6,4,1,1,1,0,16,7,23
812,Maharashtra,"Prohibition of Child Marriage Act, 2006",0,0,27,5,27,16,19,5,5,2,78,28,106
813,Manipur,"Prohibition of Child Marriage Act, 2006",0,0,0,0,0,0,0,0,0,0,0,0,0
814,Meghalaya,"Prohibition of Child Marriage Act, 2006",0,0,0,0,0,0,0,0,0,0,0,0,0
815,Mizoram,"Prohibition of Child Marriage Act, 2006",0,0,0,0,0,0,0,0,0,0,0,0,0
816,Nagaland,"Prohibition of Child Marriage Act, 2006",0,0,0,0,0,0,0,0,0,0,0,0,0
817,Odisha,"Prohibition of Child Marriage Act, 2006",0,0,0,0,0,0,0,0,0,0,0,0,0
818,Punjab,"Prohibition of Child Marriage Act, 2006",0,0,0,0,0,0,0,0,0,0,0,0,0
819,Rajasthan,"Prohibition of Child Marriage Act, 2006",0,0,6,0,10,0,4,0,0,1,20,1,21
820,Sikkim,"Prohibition of Child Marriage Act, 2006",0,0,0,0,0,0,0,0,0,0,0,0,0
821,Tamil Nadu,"Prohibition of Child Marriage Act, 2006",0,0,57,6,63,26,20,6,3,1,143,39,182
822,Tripura,"Prohibition of Child Marriage Act, 2006",0,0,1,0,4,0,0,0,0,0,5,0,5
823,Uttar Pradesh,"Prohibition of Child Marriage Act, 2006",0,0,6,0,12,0,5,2,0,0,23,2,25
824,Uttarakhand,"Prohibition of Child Marriage Act, 2006",0,0,0,0,0,0,0,0,0,0,0,0,0
825,West Bengal,"Prohibition of Child Marriage Act, 2006",4,0,16,1,31,2,14,0,0,0,65,3,68
826,Total (State),"Prohibition of Child Marriage Act, 2006",7,2,164,17,246,69,109,31,11,5,537,124,661
827,A&N Islands,"Prohibition of Child Marriage Act, 2006",0,0,0,0,0,0,0,0,0,0,0,0,0
828,Chandigarh,"Prohibition of Child Marriage Act, 2006",0,0,0,0,0,0,0,0,0,0,0,0,0
829,D&N Haveli,"Prohibition of Child Marriage Act, 2006",0,0,0,0,0,0,0,0,0,0,0,0,0
830,Daman & Diu,"Prohibition of Child Marriage Act, 2006",0,0,0,0,0,0,0,0,0,0,0,0,0
831,Delhi UT,"Prohibition of Child Marriage Act, 2006",0,0,0,0,0,0,0,0,0,0,0,0,0
832,Lakshadweep,"Prohibition of Child Marriage Act, 2006",0,0,0,0,0,0,0,0,0,0,0,0,0
833,Puducherry,"Prohibition of Child Marriage Act, 2006",0,0,1,0,0,0,0,0,0,0,1,0,1
834,Total (UTs),"Prohibition of Child Marriage Act, 2006",0,0,1,0,0,0,0,0,0,0,1,0,1
835,Total (All-India),"Prohibition of Child Marriage Act, 2006",7,2,165,17,246,69,109,31,11,5,538,124,662
836,Andhra Pradesh,"Protection of Civil Rights Act, 1955",0,0,2,0,2,0,0,0,0,0,4,0,4
837,Arunachal Pradesh,"Protection of Civil Rights Act, 1955",0,0,0,0,0,0,0,0,0,0,0,0,0
838,Assam,"Protection of Civil Rights Act, 1955",0,0,0,0,0,0,0,0,0,0,0,0,0
839,Bihar,"Protection of Civil Rights Act, 1955",0,0,0,0,0,0,0,0,0,0,0,0,0
840,Chhattisgarh,"Protection of Civil Rights Act, 1955",0,0,0,0,0,0,0,0,0,0,0,0,0
841,Goa,"Protection of Civil Rights Act, 1955",0,0,0,0,0,0,0,0,0,0,0,0,0
842,Gujarat,"Protection of Civil Rights Act, 1955",0,0,1,0,1,0,0,0,0,0,2,0,2
843,Haryana,"Protection of Civil Rights Act, 1955",0,0,0,0,0,0,0,0,0,0,0,0,0
844,Himachal Pradesh,"Protection of Civil Rights Act, 1955",0,0,0,0,3,0,4,0,0,0,7,0,7
845,Jammu & Kashmir,"Protection of Civil Rights Act, 1955",0,0,0,0,0,0,0,0,0,0,0,0,0
846,Jharkhand,"Protection of Civil Rights Act, 1955",0,0,0,0,0,0,0,0,0,0,0,0,0
847,Karnataka,"Protection of Civil Rights Act, 1955",0,0,12,2,24,0,18,0,2,0,56,2,58
848,Kerala,"Protection of Civil Rights Act, 1955",0,0,0,0,0,0,0,0,0,0,0,0,0
849,Madhya Pradesh,"Protection of Civil Rights Act, 1955",0,0,0,0,0,0,0,0,0,0,0,0,0
850,Maharashtra,"Protection of Civil Rights Act, 1955",0,0,11,3,9,2,15,0,2,1,37,6,43
851,Manipur,"Protection of Civil Rights Act, 1955",0,0,0,0,0,0,0,0,0,0,0,0,0
852,Meghalaya,"Protection of Civil Rights Act, 1955",0,0,0,0,0,0,0,0,0,0,0,0,0
853,Mizoram,"Protection of Civil Rights Act, 1955",0,0,0,0,0,0,0,0,0,0,0,0,0
854,Nagaland,"Protection of Civil Rights Act, 1955",0,0,0,0,0,0,0,0,0,0,0,0,0
855,Odisha,"Protection of Civil Rights Act, 1955",0,0,0,0,0,0,0,0,0,0,0,0,0
856,Punjab,"Protection of Civil Rights Act, 1955",0,0,0,0,0,0,0,0,0,0,0,0,0
857,Rajasthan,"Protection of Civil Rights Act, 1955",0,0,0,0,0,0,0,0,0,0,0,0,0
858,Sikkim,"Protection of Civil Rights Act, 1955",0,0,0,0,0,0,0,0,0,0,0,0,0
859,Tamil Nadu,"Protection of Civil Rights Act, 1955",0,0,0,0,0,0,0,0,0,0,0,0,0
860,Tripura,"Protection of Civil Rights Act, 1955",0,0,0,0,0,0,0,0,0,0,0,0,0
861,Uttar Pradesh,"Protection of Civil Rights Act, 1955",0,0,0,0,0,0,0,0,0,0,0,0,0
862,Uttarakhand,"Protection of Civil Rights Act, 1955",0,0,0,0,0,0,0,0,0,0,0,0,0
863,West Bengal,"Protection of Civil Rights Act, 1955",0,0,1,0,0,0,0,0,0,0,1,0,1
864,Total (State),"Protection of Civil Rights Act, 1955",0,0,27,5,39,2,37,0,4,1,107,8,115
865,A&N Islands,"Protection of Civil Rights Act, 1955",0,0,0,0,0,0,0,0,0,0,0,0,0
866,Chandigarh,"Protection of Civil Rights Act, 1955",0,0,0,0,0,0,0,0,0,0,0,0,0
867,D&N Haveli,"Protection of Civil Rights Act, 1955",0,0,0,0,0,0,0,0,0,0,0,0,0
868,Daman & Diu,"Protection of Civil Rights Act, 1955",0,0,0,0,0,0,0,0,0,0,0,0,0
869,Delhi UT,"Protection of Civil Rights Act, 1955",0,0,0,0,0,0,0,0,0,0,0,0,0
870,Lakshadweep,"Protection of Civil Rights Act, 1955",0,0,0,0,0,0,0,0,0,0,0,0,0
871,Puducherry,"Protection of Civil Rights Act, 1955",0,0,14,0,4,4,2,0,0,0,20,4,24
872,Total (UTs),"Protection of Civil Rights Act, 1955",0,0,14,0,4,4,2,0,0,0,20,4,24
873,Total (All-India),"Protection of Civil Rights Act, 1955",0,0,41,5,43,6,39,0,4,1,127,12,139
874,Andhra Pradesh,"Registration of Foreigners Act, 1930",0,0,6,2,3,0,1,0,0,0,10,2,12
875,Arunachal Pradesh,"Registration of Foreigners Act, 1930",0,0,0,0,0,0,0,0,0,0,0,0,0
876,Assam,"Registration of Foreigners Act, 1930",0,0,7,0,2,0,1,0,0,0,10,0,10
877,Bihar,"Registration of Foreigners Act, 1930",0,0,0,0,0,0,0,0,0,0,0,0,0
878,Chhattisgarh,"Registration of Foreigners Act, 1930",0,0,0,0,0,0,0,0,0,0,0,0,0
879,Goa,"Registration of Foreigners Act, 1930",0,0,4,2,11,0,4,0,2,0,21,2,23
880,Gujarat,"Registration of Foreigners Act, 1930",0,0,5,0,12,2,8,4,0,0,25,6,31
881,Haryana,"Registration of Foreigners Act, 1930",0,0,31,1,17,2,4,1,0,0,52,4,56
882,Himachal Pradesh,"Registration of Foreigners Act, 1930",0,0,2,0,3,0,0,0,0,0,5,0,5
883,Jammu & Kashmir,"Registration of Foreigners Act, 1930",0,0,9,0,10,0,5,0,0,0,24,0,24
884,Jharkhand,"Registration of Foreigners Act, 1930",0,0,0,0,0,0,0,0,0,0,0,0,0
885,Karnataka,"Registration of Foreigners Act, 1930",0,0,85,15,14,7,2,1,0,0,101,23,124
886,Kerala,"Registration of Foreigners Act, 1930",0,2,46,1,24,3,2,0,1,0,73,6,79
887,Madhya Pradesh,"Registration of Foreigners Act, 1930",0,0,1,0,0,0,0,0,0,0,1,0,1
888,Maharashtra,"Registration of Foreigners Act, 1930",0,0,10,0,8,0,1,0,0,0,19,0,19
889,Manipur,"Registration of Foreigners Act, 1930",0,0,13,0,10,0,0,0,0,0,23,0,23
890,Meghalaya,"Registration of Foreigners Act, 1930",2,0,99,0,26,0,5,0,5,0,137,0,137
891,Mizoram,"Registration of Foreigners Act, 1930",0,0,12,2,18,0,10,0,0,0,40,2,42
892,Nagaland,"Registration of Foreigners Act, 1930",0,0,4,0,1,0,1,0,0,0,6,0,6
893,Odisha,"Registration of Foreigners Act, 1930",0,0,0,0,0,0,0,0,0,0,0,0,0
894,Punjab,"Registration of Foreigners Act, 1930",0,0,0,0,0,2,0,0,0,0,0,2,2
895,Rajasthan,"Registration of Foreigners Act, 1930",0,0,1,0,5,0,0,0,0,0,6,0,6
896,Sikkim,"Registration of Foreigners Act, 1930",0,0,0,0,1,0,0,0,0,0,1,0,1
897,Tamil Nadu,"Registration of Foreigners Act, 1930",0,0,28,2,60,0,21,1,1,0,110,3,113
898,Tripura,"Registration of Foreigners Act, 1930",0,0,0,0,1,0,0,0,0,0,1,0,1
899,Uttar Pradesh,"Registration of Foreigners Act, 1930",0,0,0,0,5,0,0,0,0,0,5,0,5
900,Uttarakhand,"Registration of Foreigners Act, 1930",0,0,0,0,1,0,1,0,1,0,3,0,3
901,West Bengal,"Registration of Foreigners Act, 1930",66,21,0,71,583,43,295,36,4,2,948,173,1121
902,Total (State),"Registration of Foreigners Act, 1930",68,23,363,96,815,59,361,43,14,2,1621,223,1844
903,A&N Islands,"Registration of Foreigners Act, 1930",1,0,32,1,40,0,11,0,1,0,85,1,86
904,Chandigarh,"Registration of Foreigners Act, 1930",0,0,0,0,0,0,0,0,0,0,0,0,0
905,D&N Haveli,"Registration of Foreigners Act, 1930",0,0,0,0,0,0,0,0,0,0,0,0,0
906,Daman & Diu,"Registration of Foreigners Act, 1930",0,0,0,0,0,0,0,0,0,0,0,0,0
907,Delhi UT,"Registration of Foreigners Act, 1930",0,0,3,0,21,0,1,0,0,0,25,0,25
908,Lakshadweep,"Registration of Foreigners Act, 1930",0,0,0,0,0,0,0,0,0,0,0,0,0
909,Puducherry,"Registration of Foreigners Act, 1930",0,0,0,0,0,0,0,0,1,0,1,0,1
910,Total (UTs),"Registration of Foreigners Act, 1930",1,0,35,1,61,0,12,0,2,0,111,1,112
911,Total (All-India),"Registration of Foreigners Act, 1930",69,23,398,97,876,59,373,43,16,2,1732,224,1956
912,Andhra Pradesh,"SC/ST (Prevention of Attrocities) Act, 1989",1,0,391,41,654,51,458,39,54,2,1558,133,1691
913,Arunachal Pradesh,"SC/ST (Prevention of Attrocities) Act, 1989",0,0,0,0,0,0,0,0,0,0,0,0,0
914,Assam,"SC/ST (Prevention of Attrocities) Act, 1989",0,0,0,0,1,0,0,0,0,0,1,0,1
915,Bihar,"SC/ST (Prevention of Attrocities) Act, 1989",32,1,3485,42,3304,79,1383,52,59,0,8263,174,8437
916,Chhattisgarh,"SC/ST (Prevention of Attrocities) Act, 1989",0,0,0,0,2,0,0,0,0,0,2,0,2
917,Goa,"SC/ST (Prevention of Attrocities) Act, 1989",0,0,0,1,2,1,2,0,0,0,4,2,6
918,Gujarat,"SC/ST (Prevention of Attrocities) Act, 1989",2,0,159,5,230,11,97,8,1,0,489,24,513
919,Haryana,"SC/ST (Prevention of Attrocities) Act, 1989",0,0,4,0,5,0,2,0,0,0,11,0,11
920,Himachal Pradesh,"SC/ST (Prevention of Attrocities) Act, 1989",0,0,33,4,49,4,14,9,7,2,103,19,122
921,Jammu & Kashmir,"SC/ST (Prevention of Attrocities) Act, 1989",0,0,0,0,0,0,0,0,0,0,0,0,0
922,Jharkhand,"SC/ST (Prevention of Attrocities) Act, 1989",0,0,203,3,238,3,70,2,2,0,513,8,521
923,Karnataka,"SC/ST (Prevention of Attrocities) Act, 1989",1,0,1144,64,1388,93,859,48,168,8,3560,213,3773
924,Kerala,"SC/ST (Prevention of Attrocities) Act, 1989",0,0,4,1,25,2,7,0,0,0,36,3,39
925,Madhya Pradesh,"SC/ST (Prevention of Attrocities) Act, 1989",0,0,7,0,4,0,1,0,0,0,12,0,12
926,Maharashtra,"SC/ST (Prevention of Attrocities) Act, 1989",7,2,183,15,200,29,95,9,26,1,511,56,567
927,Manipur,"SC/ST (Prevention of Attrocities) Act, 1989",0,0,0,0,0,0,0,0,0,0,0,0,0
928,Meghalaya,"SC/ST (Prevention of Attrocities) Act, 1989",0,0,0,0,0,0,0,0,0,0,0,0,0
929,Mizoram,"SC/ST (Prevention of Attrocities) Act, 1989",0,0,0,0,0,0,0,0,0,0,0,0,0
930,Nagaland,"SC/ST (Prevention of Attrocities) Act, 1989",0,0,0,0,0,0,0,0,0,0,0,0,0
931,Odisha,"SC/ST (Prevention of Attrocities) Act, 1989",1,0,861,31,1167,55,547,9,15,3,2591,98,2689
932,Punjab,"SC/ST (Prevention of Attrocities) Act, 1989",1,0,5,0,11,0,2,0,0,0,19,0,19
933,Rajasthan,"SC/ST (Prevention of Attrocities) Act, 1989",0,0,12,0,22,0,5,0,3,0,42,0,42
934,Sikkim,"SC/ST (Prevention of Attrocities) Act, 1989",0,0,0,0,0,0,0,0,0,0,0,0,0
935,Tamil Nadu,"SC/ST (Prevention of Attrocities) Act, 1989",28,0,1021,37,1062,66,393,23,92,6,2596,132,2728
936,Tripura,"SC/ST (Prevention of Attrocities) Act, 1989",0,0,0,0,0,0,0,0,0,0,0,0,0
937,Uttar Pradesh,"SC/ST (Prevention of Attrocities) Act, 1989",1,0,2762,24,1767,13,897,2,38,0,5465,39,5504
938,Uttarakhand,"SC/ST (Prevention of Attrocities) Act, 1989",0,0,3,0,8,0,3,5,0,0,14,5,19
939,West Bengal,"SC/ST (Prevention of Attrocities) Act, 1989",0,0,45,2,64,2,26,0,0,0,135,4,139
940,Total (State),"SC/ST (Prevention of Attrocities) Act, 1989",74,3,10322,270,10203,409,4861,206,465,22,25925,910,26835
941,A&N Islands,"SC/ST (Prevention of Attrocities) Act, 1989",0,0,0,0,3,0,0,0,0,0,3,0,3
942,Chandigarh,"SC/ST (Prevention of Attrocities) Act, 1989",0,0,0,0,1,0,0,0,0,0,1,0,1
943,D&N Haveli,"SC/ST (Prevention of Attrocities) Act, 1989",0,0,1,0,0,0,0,0,0,0,1,0,1
944,Daman & Diu,"SC/ST (Prevention of Attrocities) Act, 1989",0,0,0,0,0,0,0,0,0,0,0,0,0
945,Delhi UT,"SC/ST (Prevention of Attrocities) Act, 1989",0,0,16,4,6,5,3,0,0,0,25,9,34
946,Lakshadweep,"SC/ST (Prevention of Attrocities) Act, 1989",0,0,0,0,0,0,0,0,0,0,0,0,0
947,Puducherry,"SC/ST (Prevention of Attrocities) Act, 1989",0,0,5,0,1,0,0,0,0,0,6,0,6
948,Total (UTs),"SC/ST (Prevention of Attrocities) Act, 1989",0,0,22,4,11,5,3,0,0,0,36,9,45
949,Total (All-India),"SC/ST (Prevention of Attrocities) Act, 1989",74,3,10344,274,10214,414,4864,206,465,22,25961,919,26880
950,Andhra Pradesh,"Terrorist and Disruptive Activities Act, 1987",0,0,0,0,0,0,0,0,0,0,0,0,0
951,Arunachal Pradesh,"Terrorist and Disruptive Activities Act, 1987",0,0,0,0,0,0,0,0,0,0,0,0,0
952,Assam,"Terrorist and Disruptive Activities Act, 1987",0,0,0,0,0,0,0,0,0,0,0,0,0
953,Bihar,"Terrorist and Disruptive Activities Act, 1987",0,0,0,0,0,0,0,0,0,0,0,0,0
954,Chhattisgarh,"Terrorist and Disruptive Activities Act, 1987",0,0,0,0,0,0,0,0,0,0,0,0,0
955,Goa,"Terrorist and Disruptive Activities Act, 1987",0,0,0,0,0,0,0,0,0,0,0,0,0
956,Gujarat,"Terrorist and Disruptive Activities Act, 1987",0,0,0,0,0,0,0,0,0,0,0,0,0
957,Haryana,"Terrorist and Disruptive Activities Act, 1987",0,0,0,0,0,0,0,0,0,0,0,0,0
958,Himachal Pradesh,"Terrorist and Disruptive Activities Act, 1987",0,0,0,0,0,0,0,0,0,0,0,0,0
959,Jammu & Kashmir,"Terrorist and Disruptive Activities Act, 1987",0,0,0,0,0,0,0,0,0,0,0,0,0
960,Jharkhand,"Terrorist and Disruptive Activities Act, 1987",0,0,0,0,0,0,0,0,0,0,0,0,0
961,Karnataka,"Terrorist and Disruptive Activities Act, 1987",0,0,0,0,0,0,0,0,0,0,0,0,0
962,Kerala,"Terrorist and Disruptive Activities Act, 1987",0,0,0,0,0,0,0,0,0,0,0,0,0
963,Madhya Pradesh,"Terrorist and Disruptive Activities Act, 1987",0,0,0,0,0,0,0,0,0,0,0,0,0
964,Maharashtra,"Terrorist and Disruptive Activities Act, 1987",0,0,0,0,0,0,0,0,0,0,0,0,0
965,Manipur,"Terrorist and Disruptive Activities Act, 1987",0,0,0,0,0,0,0,0,0,0,0,0,0
966,Meghalaya,"Terrorist and Disruptive Activities Act, 1987",0,0,0,0,0,0,0,0,0,0,0,0,0
967,Mizoram,"Terrorist and Disruptive Activities Act, 1987",0,0,0,0,0,0,0,0,0,0,0,0,0
968,Nagaland,"Terrorist and Disruptive Activities Act, 1987",0,0,0,0,0,0,0,0,0,0,0,0,0
969,Odisha,"Terrorist and Disruptive Activities Act, 1987",0,0,0,0,0,0,0,0,0,0,0,0,0
970,Punjab,"Terrorist and Disruptive Activities Act, 1987",0,0,0,0,0,0,0,0,0,0,0,0,0
971,Rajasthan,"Terrorist and Disruptive Activities Act, 1987",0,0,0,0,0,0,0,0,0,0,0,0,0
972,Sikkim,"Terrorist and Disruptive Activities Act, 1987",0,0,0,0,0,0,0,0,0,0,0,0,0
973,Tamil Nadu,"Terrorist and Disruptive Activities Act, 1987",0,0,0,0,0,0,0,0,0,0,0,0,0
974,Tripura,"Terrorist and Disruptive Activities Act, 1987",0,0,0,0,0,0,0,0,0,0,0,0,0
975,Uttar Pradesh,"Terrorist and Disruptive Activities Act, 1987",0,0,0,0,0,0,0,0,0,0,0,0,0
976,Uttarakhand,"Terrorist and Disruptive Activities Act, 1987",0,0,0,0,0,0,0,0,0,0,0,0,0
977,West Bengal,"Terrorist and Disruptive Activities Act, 1987",0,0,0,0,0,0,0,0,0,0,0,0,0
978,Total (State),"Terrorist and Disruptive Activities Act, 1987",0,0,0,0,0,0,0,0,0,0,0,0,0
979,A&N Islands,"Terrorist and Disruptive Activities Act, 1987",0,0,0,0,0,0,0,0,0,0,0,0,0
980,Chandigarh,"Terrorist and Disruptive Activities Act, 1987",0,0,0,0,0,0,0,0,0,0,0,0,0
981,D&N Haveli,"Terrorist and Disruptive Activities Act, 1987",0,0,0,0,0,0,0,0,0,0,0,0,0
982,Daman & Diu,"Terrorist and Disruptive Activities Act, 1987",0,0,0,0,0,0,0,0,0,0,0,0,0
983,Delhi UT,"Terrorist and Disruptive Activities Act, 1987",0,0,0,0,0,0,0,0,0,0,0,0,0
984,Lakshadweep,"Terrorist and Disruptive Activities Act, 1987",0,0,0,0,0,0,0,0,0,0,0,0,0
985,Puducherry,"Terrorist and Disruptive Activities Act, 1987",0,0,0,0,0,0,0,0,0,0,0,0,0
986,Total (UTs),"Terrorist and Disruptive Activities Act, 1987",0,0,0,0,0,0,0,0,0,0,0,0,0
987,Total (All-India),"Terrorist and Disruptive Activities Act, 1987",0,0,0,0,0,0,0,0,0,0,0,0,0
988,Andhra Pradesh,Total SLL Crimes,133,2,24858,850,26820,1431,8395,671,1047,107,61253,3061,64314
989,Arunachal Pradesh,Total SLL Crimes,0,0,59,1,51,0,17,0,0,0,127,1,128
990,Assam,Total SLL Crimes,28,4,956,9,1350,10,96,0,0,0,2430,23,2453
991,Bihar,Total SLL Crimes,279,11,11286,335,9090,432,4425,339,219,21,25299,1138,26437
992,Chhattisgarh,Total SLL Crimes,262,6,97561,290,79175,420,35932,149,6739,12,219669,877,220546
993,Goa,Total SLL Crimes,2,0,1378,80,1144,39,548,26,86,7,3158,152,3310
994,Gujarat,Total SLL Crimes,434,148,87853,19478,85677,38796,41366,22017,4076,3041,219406,83480,302886
995,Haryana,Total SLL Crimes,219,1,16463,112,17637,86,5709,35,716,3,40744,237,40981
996,Himachal Pradesh,Total SLL Crimes,7,0,952,25,1212,63,462,36,60,8,2693,132,2825
997,Jammu & Kashmir,Total SLL Crimes,5,0,852,6,1051,19,436,6,38,1,2382,32,2414
998,Jharkhand,Total SLL Crimes,33,3,3618,181,3580,221,1015,97,76,34,8322,536,8858
999,Karnataka,Total SLL Crimes,44,0,20949,674,27272,794,10891,483,2069,136,61225,2087,63312
1000,Kerala,Total SLL Crimes,96,2,169162,112,163092,256,84652,122,17155,24,434157,516,434673
1001,Madhya Pradesh,Total SLL Crimes,496,12,64086,808,47847,1421,19283,530,1799,52,133511,2823,136334
1002,Maharashtra,Total SLL Crimes,384,15,67492,2234,64442,4165,27293,2268,3644,384,163255,9066,172321
1003,Manipur,Total SLL Crimes,1,0,419,18,427,54,126,16,8,3,981,91,1072
1004,Meghalaya,Total SLL Crimes,5,1,202,13,74,3,18,1,7,0,306,18,324
1005,Mizoram,Total SLL Crimes,1,2,287,43,230,78,83,24,7,2,608,149,757
1006,Nagaland,Total SLL Crimes,2,1,353,32,248,33,46,1,5,1,654,68,722
1007,Odisha,Total SLL Crimes,15,0,8261,396,9623,771,4731,313,392,56,23022,1536,24558
1008,Punjab,Total SLL Crimes,82,5,12629,790,12930,892,6369,321,84,1,32094,2009,34103
1009,Rajasthan,Total SLL Crimes,123,1,32079,364,27030,307,10400,85,914,21,70546,778,71324
1010,Sikkim,Total SLL Crimes,15,2,106,20,111,27,19,0,0,0,251,49,300
1011,Tamil Nadu,Total SLL Crimes,1317,161,235975,18298,247126,22017,106012,8162,13237,784,603667,49422,653089
1012,Tripura,Total SLL Crimes,29,0,289,13,213,0,39,0,0,0,570,13,583
1013,Uttar Pradesh,Total SLL Crimes,128,5,1220874,648,556198,734,212815,285,5193,23,1995208,1695,1996903
1014,Uttarakhand,Total SLL Crimes,18,0,79410,38,74063,129,13233,184,2190,2,168914,353,169267
1015,West Bengal,Total SLL Crimes,114,28,6753,392,8489,354,3262,157,76,2,18694,933,19627
1016,Total (State),Total SLL Crimes,4272,410,2165162,46260,1466202,73552,597673,36328,59837,4725,4293146,161275,4454421
1017,A&N Islands,Total SLL Crimes,1,0,607,21,1093,83,621,91,117,37,2439,232,2671
1018,Chandigarh,Total SLL Crimes,3,0,788,29,642,15,130,6,0,0,1563,50,1613
1019,D&N Haveli,Total SLL Crimes,0,0,15,3,20,1,2,1,0,0,37,5,42
1020,Daman & Diu,Total SLL Crimes,0,0,26,12,37,4,22,0,0,0,85,16,101
1021,Delhi UT,Total SLL Crimes,53,0,4093,91,2815,234,584,49,29,4,7574,378,7952
1022,Lakshadweep,Total SLL Crimes,0,0,25,0,19,0,5,0,0,0,49,0,49
1023,Puducherry,Total SLL Crimes,1,1,529,5,464,10,84,4,14,2,1092,22,1114
1024,Total (UTs),Total SLL Crimes,58,1,6083,161,5090,347,1448,151,160,43,12839,703,13542
1025,Total (All-India),Total SLL Crimes,4330,411,2171245,46421,1471292,73899,599121,36479,59997,4768,4305985,161978,4467963
