index,STATE/UT,CRIME HEAD,Male Below 18 Years,Female Below 18 Years,Male Between 18-30 Years,Female Between 18-30 Years,Male Between 30-45 Years,Female Between 30-45 Years,Male Between 45-60 Years,Female Between 45-60 Years,Male Above 60 Years,Female Above 60 Years,Male Total,Female Total,Grand Total
0,Andhra Pradesh,Arson,4,0,298,11,359,11,116,4,16,1,793,27,820
1,Arunachal Pradesh,Arson,0,0,7,0,10,0,0,0,0,0,17,0,17
2,Assam,Arson,9,0,291,0,421,0,50,0,0,0,771,0,771
3,Bihar,Arson,1,0,687,7,487,7,131,0,22,0,1328,14,1342
4,Chhattisgarh,Arson,2,2,127,4,92,1,22,1,1,0,244,8,252
5,Goa,Arson,0,0,5,1,13,0,4,0,2,0,24,1,25
6,Gujarat,Arson,7,0,284,13,268,17,62,6,6,0,627,36,663
7,Haryana,Arson,0,0,72,0,99,0,36,1,1,0,208,1,209
8,Himachal Pradesh,Arson,0,0,27,1,44,2,20,2,0,0,91,5,96
9,Jammu & Kashmir,Arson,1,0,86,1,125,1,24,0,1,0,237,2,239
10,Jharkhand,Arson,1,0,108,0,77,2,14,0,0,0,200,2,202
11,Karnataka,Arson,0,0,75,3,157,8,92,4,20,0,344,15,359
12,Kerala,Arson,5,0,163,0,168,3,32,0,1,0,369,3,372
13,Madhya Pradesh,Arson,6,0,472,3,358,5,107,1,9,0,952,9,961
14,Maharashtra,Arson,21,3,622,13,562,37,263,17,34,0,1502,70,1572
15,Manipur,Arson,0,0,1,0,1,0,1,0,0,0,3,0,3
16,Meghalaya,Arson,2,0,96,0,46,0,10,0,1,0,155,0,155
17,Mizoram,Arson,1,0,13,0,3,0,1,0,0,0,18,0,18
18,Nagaland,Arson,0,0,5,0,2,0,1,0,0,0,8,0,8
19,Odisha,Arson,5,0,160,4,233,8,101,2,1,0,500,14,514
20,Punjab,Arson,0,0,42,1,42,0,8,0,0,0,92,1,93
21,Rajasthan,Arson,6,0,240,10,218,7,88,3,7,0,559,20,579
22,Sikkim,Arson,0,0,9,0,7,0,3,0,0,0,19,0,19
23,Tamil Nadu,Arson,2,0,281,20,308,30,125,14,11,0,727,64,791
24,Tripura,Arson,0,0,54,0,27,0,3,0,0,0,84,0,84
25,Uttar Pradesh,Arson,1,0,430,0,331,0,186,0,19,0,967,0,967
26,Uttarakhand,Arson,2,0,3,0,3,0,1,0,0,0,9,0,9
27,West Bengal,Arson,2,0,185,0,234,7,73,0,0,0,494,7,501
28,Total (State),Arson,78,5,4843,92,4695,146,1574,55,152,1,11342,299,11641
29,A&N Islands,Arson,0,0,0,0,1,0,0,0,0,0,1,0,1
30,Chandigarh,Arson,0,0,1,0,2,0,1,0,0,0,4,0,4
31,D&N Haveli,Arson,0,0,0,0,0,0,0,0,0,0,0,0,0
32,Daman & Diu,Arson,0,0,0,0,0,0,0,0,0,0,0,0,0
33,Delhi UT,Arson,0,0,26,0,15,0,3,0,0,0,44,0,44
34,Lakshadweep,Arson,0,0,0,0,0,0,0,0,0,0,0,0,0
35,Puducherry,Arson,0,0,5,0,2,0,2,0,0,0,9,0,9
36,Total (UTs),Arson,0,0,32,0,20,0,6,0,0,0,58,0,58
37,Total (All-India),Arson,78,5,4875,92,4715,146,1580,55,152,1,11400,299,11699
38,Andhra Pradesh,Assault on Women wih intent to outrage her Modesty,133,4,3341,69,2220,65,829,17,127,1,6650,156,6806
39,Arunachal Pradesh,Assault on Women wih intent to outrage her Modesty,0,0,67,0,13,0,1,0,0,0,81,0,81
40,Assam,Assault on Women wih intent to outrage her Modesty,6,0,1083,4,1288,2,155,0,0,0,2532,6,2538
41,Bihar,Assault on Women wih intent to outrage her Modesty,33,0,320,2,137,3,13,0,1,0,504,5,509
42,Chhattisgarh,Assault on Women wih intent to outrage her Modesty,121,0,1504,7,724,5,181,2,7,0,2537,14,2551
43,Goa,Assault on Women wih intent to outrage her Modesty,1,0,73,0,62,0,30,0,4,0,170,0,170
44,Gujarat,Assault on Women wih intent to outrage her Modesty,55,2,1013,30,483,26,122,5,19,1,1692,64,1756
45,Haryana,Assault on Women wih intent to outrage her Modesty,59,0,1029,8,540,9,112,2,26,0,1766,19,1785
46,Himachal Pradesh,Assault on Women wih intent to outrage her Modesty,6,0,261,7,195,19,59,6,12,0,533,32,565
47,Jammu & Kashmir,Assault on Women wih intent to outrage her Modesty,4,0,969,110,1040,101,496,33,55,4,2564,248,2812
48,Jharkhand,Assault on Women wih intent to outrage her Modesty,0,0,400,3,122,0,27,0,0,0,549,3,552
49,Karnataka,Assault on Women wih intent to outrage her Modesty,4,1,2042,225,1885,311,1032,180,195,34,5158,751,5909
50,Kerala,Assault on Women wih intent to outrage her Modesty,15,0,2042,14,1633,38,562,27,71,4,4323,83,4406
51,Madhya Pradesh,Assault on Women wih intent to outrage her Modesty,367,2,5915,36,2558,18,753,5,43,2,9636,63,9699
52,Maharashtra,Assault on Women wih intent to outrage her Modesty,361,5,5167,129,3065,165,953,77,144,18,9690,394,10084
53,Manipur,Assault on Women wih intent to outrage her Modesty,0,0,16,3,20,1,7,3,1,0,44,7,51
54,Meghalaya,Assault on Women wih intent to outrage her Modesty,1,0,64,0,37,0,14,0,0,0,116,0,116
55,Mizoram,Assault on Women wih intent to outrage her Modesty,3,0,33,0,43,0,11,0,0,0,90,0,90
56,Nagaland,Assault on Women wih intent to outrage her Modesty,0,0,8,0,4,0,2,0,0,0,14,0,14
57,Odisha,Assault on Women wih intent to outrage her Modesty,45,0,3066,126,2008,102,637,36,97,0,5853,264,6117
58,Punjab,Assault on Women wih intent to outrage her Modesty,22,1,628,16,361,16,84,3,1,0,1096,36,1132
59,Rajasthan,Assault on Women wih intent to outrage her Modesty,122,0,2440,84,1526,72,456,43,39,4,4583,203,4786
60,Sikkim,Assault on Women wih intent to outrage her Modesty,0,0,16,0,13,0,0,0,0,0,29,0,29
61,Tamil Nadu,Assault on Women wih intent to outrage her Modesty,7,0,803,34,656,69,199,36,19,0,1684,139,1823
62,Tripura,Assault on Women wih intent to outrage her Modesty,4,1,280,1,116,0,55,0,3,0,458,2,460
63,Uttar Pradesh,Assault on Women wih intent to outrage her Modesty,51,0,9080,4,2865,9,205,0,0,0,12201,13,12214
64,Uttarakhand,Assault on Women wih intent to outrage her Modesty,4,0,215,1,156,0,18,0,0,0,393,1,394
65,West Bengal,Assault on Women wih intent to outrage her Modesty,30,0,2475,1,2176,4,717,5,18,0,5416,10,5426
66,Total (State),Assault on Women wih intent to outrage her Modesty,1454,16,44350,914,25946,1035,7730,480,882,68,80362,2513,82875
67,A&N Islands,Assault on Women wih intent to outrage her Modesty,1,0,26,0,13,0,5,0,3,0,48,0,48
68,Chandigarh,Assault on Women wih intent to outrage her Modesty,2,0,87,1,64,0,12,0,0,0,165,1,166
69,D&N Haveli,Assault on Women wih intent to outrage her Modesty,0,0,1,0,0,0,0,0,0,0,1,0,1
70,Daman & Diu,Assault on Women wih intent to outrage her Modesty,0,0,0,0,0,0,0,0,0,0,0,0,0
71,Delhi UT,Assault on Women wih intent to outrage her Modesty,151,0,2732,32,918,50,204,15,25,2,4030,99,4129
72,Lakshadweep,Assault on Women wih intent to outrage her Modesty,0,0,1,0,0,0,0,0,0,0,1,0,1
73,Puducherry,Assault on Women wih intent to outrage her Modesty,0,0,8,0,1,0,0,0,0,0,9,0,9
74,Total (UTs),Assault on Women wih intent to outrage her Modesty,154,0,2855,33,996,50,221,15,28,2,4254,100,4354
75,Total (All-India),Assault on Women wih intent to outrage her Modesty,1608,16,47205,947,26942,1085,7951,495,910,70,84616,2613,87229
76,Andhra Pradesh,Attempt to Commit Murder,42,1,1419,81,1559,72,560,40,62,2,3642,196,3838
77,Arunachal Pradesh,Attempt to Commit Murder,0,0,19,0,21,0,4,0,0,0,44,0,44
78,Assam,Attempt to Commit Murder,4,0,243,1,391,1,47,0,0,0,685,2,687
79,Bihar,Attempt to Commit Murder,85,0,3487,106,2424,149,1632,68,402,3,8030,326,8356
80,Chhattisgarh,Attempt to Commit Murder,35,1,488,24,410,19,163,15,18,5,1114,64,1178
81,Goa,Attempt to Commit Murder,0,0,49,0,55,1,27,0,2,0,133,1,134
82,Gujarat,Attempt to Commit Murder,31,1,997,28,803,45,325,18,22,1,2178,93,2271
83,Haryana,Attempt to Commit Murder,36,0,754,21,671,20,317,5,52,0,1830,46,1876
84,Himachal Pradesh,Attempt to Commit Murder,0,0,84,4,47,1,20,0,3,0,154,5,159
85,Jammu & Kashmir,Attempt to Commit Murder,7,0,358,38,520,41,153,11,12,2,1050,92,1142
86,Jharkhand,Attempt to Commit Murder,16,0,652,21,428,23,174,11,5,0,1275,55,1330
87,Karnataka,Attempt to Commit Murder,27,0,1901,92,1875,198,783,99,208,18,4794,407,5201
88,Kerala,Attempt to Commit Murder,17,0,674,2,647,5,259,6,13,4,1610,17,1627
89,Madhya Pradesh,Attempt to Commit Murder,198,3,2834,84,2183,86,915,36,175,13,6305,222,6527
90,Maharashtra,Attempt to Commit Murder,173,5,3915,174,2420,241,911,121,142,17,7561,558,8119
91,Manipur,Attempt to Commit Murder,0,0,31,2,32,0,6,0,1,0,70,2,72
92,Meghalaya,Attempt to Commit Murder,5,0,80,5,41,2,4,0,0,0,130,7,137
93,Mizoram,Attempt to Commit Murder,0,0,7,0,11,0,1,0,0,0,19,0,19
94,Nagaland,Attempt to Commit Murder,0,0,31,0,20,0,2,0,0,0,53,0,53
95,Odisha,Attempt to Commit Murder,32,1,1210,80,1322,110,633,36,59,2,3256,229,3485
96,Punjab,Attempt to Commit Murder,10,4,775,51,859,61,466,33,17,0,2127,149,2276
97,Rajasthan,Attempt to Commit Murder,85,2,1565,72,1219,59,546,24,54,5,3469,162,3631
98,Sikkim,Attempt to Commit Murder,0,0,6,1,2,0,1,0,0,0,9,1,10
99,Tamil Nadu,Attempt to Commit Murder,61,1,2723,95,2841,183,1048,58,78,5,6751,342,7093
100,Tripura,Attempt to Commit Murder,0,0,41,1,28,3,16,1,0,0,85,5,90
101,Uttar Pradesh,Attempt to Commit Murder,39,1,7633,41,4394,49,1949,11,44,1,14059,103,14162
102,Uttarakhand,Attempt to Commit Murder,9,0,119,1,102,1,42,1,0,0,272,3,275
103,West Bengal,Attempt to Commit Murder,12,0,1011,43,1668,72,948,47,49,0,3688,162,3850
104,Total (State),Attempt to Commit Murder,924,20,33106,1068,26993,1442,11952,641,1418,78,74393,3249,77642
105,A&N Islands,Attempt to Commit Murder,0,0,1,0,2,0,1,0,0,0,4,0,4
106,Chandigarh,Attempt to Commit Murder,4,0,39,0,32,0,24,0,2,0,101,0,101
107,D&N Haveli,Attempt to Commit Murder,0,0,0,0,1,0,0,0,0,0,1,0,1
108,Daman & Diu,Attempt to Commit Murder,0,0,0,0,1,0,0,0,0,0,1,0,1
109,Delhi UT,Attempt to Commit Murder,66,1,611,8,321,7,68,7,2,1,1068,24,1092
110,Lakshadweep,Attempt to Commit Murder,0,0,0,0,0,0,0,0,0,0,0,0,0
111,Puducherry,Attempt to Commit Murder,2,0,26,0,6,0,2,0,0,0,36,0,36
112,Total (UTs),Attempt to Commit Murder,72,1,677,8,363,7,95,7,4,1,1211,24,1235
113,Total (All-India),Attempt to Commit Murder,996,21,33783,1076,27356,1449,12047,648,1422,79,75604,3273,78877
114,Andhra Pradesh,Auto Theft,229,5,3790,19,1577,14,308,6,15,4,5919,48,5967
115,Arunachal Pradesh,Auto Theft,7,0,70,0,27,0,0,0,0,0,104,0,104
116,Assam,Auto Theft,2,0,639,0,933,0,143,0,0,0,1717,0,1717
117,Bihar,Auto Theft,76,0,2582,1,1219,0,111,0,3,0,3991,1,3992
118,Chhattisgarh,Auto Theft,68,0,681,0,246,0,46,0,0,0,1041,0,1041
119,Goa,Auto Theft,6,0,62,0,8,0,2,0,0,0,78,0,78
120,Gujarat,Auto Theft,219,0,1710,6,730,2,128,4,4,0,2791,12,2803
121,Haryana,Auto Theft,102,0,2323,0,1076,0,276,0,33,0,3810,0,3810
122,Himachal Pradesh,Auto Theft,11,0,73,0,34,0,7,0,0,0,125,0,125
123,Jammu & Kashmir,Auto Theft,1,0,61,0,74,0,26,0,0,0,162,0,162
124,Jharkhand,Auto Theft,9,0,510,0,226,2,111,0,0,0,856,2,858
125,Karnataka,Auto Theft,78,0,1513,1,815,10,278,12,40,0,2724,23,2747
126,Kerala,Auto Theft,127,0,527,0,272,1,58,0,2,0,986,1,987
127,Madhya Pradesh,Auto Theft,207,5,2686,0,1094,1,235,0,10,0,4232,6,4238
128,Maharashtra,Auto Theft,570,1,4082,5,1200,5,253,1,5,0,6110,12,6122
129,Manipur,Auto Theft,0,0,80,4,46,5,2,0,1,0,129,9,138
130,Meghalaya,Auto Theft,3,0,19,0,22,0,3,0,0,0,47,0,47
131,Mizoram,Auto Theft,0,0,43,0,32,0,0,0,0,0,75,0,75
132,Nagaland,Auto Theft,0,0,84,0,25,0,4,0,0,0,113,0,113
133,Odisha,Auto Theft,17,0,1070,6,781,2,134,1,0,0,2002,9,2011
134,Punjab,Auto Theft,23,0,677,12,392,10,133,0,2,0,1227,22,1249
135,Rajasthan,Auto Theft,202,0,1954,7,696,0,167,0,5,0,3024,7,3031
136,Sikkim,Auto Theft,0,0,10,0,8,0,3,0,0,0,21,0,21
137,Tamil Nadu,Auto Theft,109,0,2207,0,1081,0,638,0,19,0,4054,0,4054
138,Tripura,Auto Theft,6,0,43,0,37,0,12,0,1,0,99,0,99
139,Uttar Pradesh,Auto Theft,30,0,3786,0,1571,0,181,0,0,0,5568,0,5568
140,Uttarakhand,Auto Theft,17,0,188,0,151,0,2,0,0,0,358,0,358
141,West Bengal,Auto Theft,8,0,1194,0,1100,0,227,0,0,0,2529,0,2529
142,Total (State),Auto Theft,2127,11,32664,61,15473,52,3488,24,140,4,53892,152,54044
143,A&N Islands,Auto Theft,0,0,1,0,0,0,0,0,0,0,1,0,1
144,Chandigarh,Auto Theft,21,0,357,2,144,0,7,0,0,0,529,2,531
145,D&N Haveli,Auto Theft,0,0,14,0,1,0,0,0,0,0,15,0,15
146,Daman & Diu,Auto Theft,3,0,4,0,3,0,0,0,0,0,10,0,10
147,Delhi UT,Auto Theft,193,0,2351,0,599,0,55,0,1,0,3199,0,3199
148,Lakshadweep,Auto Theft,0,0,0,0,0,0,0,0,0,0,0,0,0
149,Puducherry,Auto Theft,4,0,40,0,11,0,1,0,0,0,56,0,56
150,Total (UTs),Auto Theft,221,0,2767,2,758,0,63,0,1,0,3810,2,3812
151,Total (All-India),Auto Theft,2348,11,35431,63,16231,52,3551,24,141,4,57702,154,57856
152,Andhra Pradesh,Burglary,382,1,4274,81,2131,63,495,10,21,0,7303,155,7458
153,Arunachal Pradesh,Burglary,23,0,92,0,10,0,0,0,0,0,125,0,125
154,Assam,Burglary,128,0,1178,0,1583,0,377,0,15,0,3281,0,3281
155,Bihar,Burglary,49,0,1385,6,1325,0,430,0,16,0,3205,6,3211
156,Chhattisgarh,Burglary,244,3,1131,11,492,8,138,6,6,0,2011,28,2039
157,Goa,Burglary,22,0,113,13,30,3,6,2,0,1,171,19,190
158,Gujarat,Burglary,144,6,1958,38,1093,30,278,11,12,2,3485,87,3572
159,Haryana,Burglary,142,0,1952,22,1032,23,244,2,48,1,3418,48,3466
160,Himachal Pradesh,Burglary,50,2,242,9,144,8,42,4,5,1,483,24,507
161,Jammu & Kashmir,Burglary,16,0,209,6,243,3,102,1,7,0,577,10,587
162,Jharkhand,Burglary,21,0,260,4,154,3,43,0,0,0,478,7,485
163,Karnataka,Burglary,60,2,1690,23,1147,11,322,10,61,0,3280,46,3326
164,Kerala,Burglary,110,2,752,23,689,22,275,4,14,0,1840,51,1891
165,Madhya Pradesh,Burglary,449,5,3453,31,1901,34,575,9,56,0,6434,79,6513
166,Maharashtra,Burglary,918,13,8182,247,3609,240,1141,104,110,14,13960,618,14578
167,Manipur,Burglary,1,0,15,0,4,1,1,0,0,0,21,1,22
168,Meghalaya,Burglary,28,0,48,1,17,0,0,0,0,0,93,1,94
169,Mizoram,Burglary,35,0,226,11,103,3,18,0,0,0,382,14,396
170,Nagaland,Burglary,0,0,19,1,6,0,0,0,0,0,25,1,26
171,Odisha,Burglary,103,2,1699,14,817,17,312,3,8,0,2939,36,2975
172,Punjab,Burglary,40,0,976,25,788,26,278,5,1,0,2083,56,2139
173,Rajasthan,Burglary,280,4,1525,18,783,35,287,6,7,1,2882,64,2946
174,Sikkim,Burglary,0,0,42,0,38,0,30,0,0,0,110,0,110
175,Tamil Nadu,Burglary,189,6,2304,28,1640,31,542,8,15,0,4690,73,4763
176,Tripura,Burglary,8,0,147,2,56,0,4,0,0,0,215,2,217
177,Uttar Pradesh,Burglary,85,1,3440,0,1666,7,442,0,2,0,5635,8,5643
178,Uttarakhand,Burglary,42,0,141,0,91,1,22,3,0,0,296,4,300
179,West Bengal,Burglary,0,0,288,0,172,0,32,0,1,0,493,0,493
180,Total (State),Burglary,3569,47,37741,614,21764,569,6436,188,405,20,69915,1438,71353
181,A&N Islands,Burglary,3,0,13,0,10,2,3,0,1,0,30,2,32
182,Chandigarh,Burglary,12,0,98,2,87,1,44,1,2,0,243,4,247
183,D&N Haveli,Burglary,2,0,28,0,0,0,0,0,0,0,30,0,30
184,Daman & Diu,Burglary,5,0,28,0,10,0,1,0,0,0,44,0,44
185,Delhi UT,Burglary,143,1,956,6,287,2,22,1,12,0,1420,10,1430
186,Lakshadweep,Burglary,0,0,0,0,1,0,0,0,0,0,1,0,1
187,Puducherry,Burglary,2,0,104,0,11,5,0,1,0,0,117,6,123
188,Total (UTs),Burglary,167,1,1227,8,406,10,70,3,15,0,1885,22,1907
189,Total (All-India),Burglary,3736,48,38968,622,22170,579,6506,191,420,20,71800,1460,73260
190,Andhra Pradesh,C H Not amounting to Murder,5,0,95,2,99,6,50,6,15,2,264,16,280
191,Arunachal Pradesh,C H Not amounting to Murder,0,0,2,0,1,0,0,0,0,0,3,0,3
192,Assam,C H Not amounting to Murder,3,0,11,0,34,0,3,0,0,0,51,0,51
193,Bihar,C H Not amounting to Murder,5,0,202,9,198,5,77,1,8,0,490,15,505
194,Chhattisgarh,C H Not amounting to Murder,2,0,13,0,26,1,8,0,0,0,49,1,50
195,Goa,C H Not amounting to Murder,0,0,0,0,0,0,0,0,0,0,0,0,0
196,Gujarat,C H Not amounting to Murder,0,0,17,0,36,2,15,2,2,0,70,4,74
197,Haryana,C H Not amounting to Murder,3,0,15,1,35,2,14,0,4,0,71,3,74
198,Himachal Pradesh,C H Not amounting to Murder,0,0,10,0,7,0,2,0,0,0,19,0,19
199,Jammu & Kashmir,C H Not amounting to Murder,0,0,5,1,10,0,3,0,1,0,19,1,20
200,Jharkhand,C H Not amounting to Murder,0,0,30,0,48,2,19,0,0,0,97,2,99
201,Karnataka,C H Not amounting to Murder,1,0,20,1,48,3,23,1,1,0,93,5,98
202,Kerala,C H Not amounting to Murder,4,0,39,0,68,0,32,2,2,0,145,2,147
203,Madhya Pradesh,C H Not amounting to Murder,4,0,80,1,90,2,29,0,3,0,206,3,209
204,Maharashtra,C H Not amounting to Murder,6,0,117,7,200,20,80,5,12,0,415,32,447
205,Manipur,C H Not amounting to Murder,0,0,1,0,0,0,0,0,2,0,3,0,3
206,Meghalaya,C H Not amounting to Murder,0,0,9,0,9,0,1,0,0,0,19,0,19
207,Mizoram,C H Not amounting to Murder,0,0,0,0,2,0,0,0,0,0,2,0,2
208,Nagaland,C H Not amounting to Murder,0,0,8,0,2,0,0,0,1,0,11,0,11
209,Odisha,C H Not amounting to Murder,0,0,14,4,24,10,8,6,1,0,47,20,67
210,Punjab,C H Not amounting to Murder,2,0,42,3,66,3,23,1,0,0,133,7,140
211,Rajasthan,C H Not amounting to Murder,1,0,40,0,43,0,15,0,0,0,99,0,99
212,Sikkim,C H Not amounting to Murder,0,0,0,0,0,0,0,0,0,0,0,0,0
213,Tamil Nadu,C H Not amounting to Murder,1,0,6,0,10,1,19,0,0,0,36,1,37
214,Tripura,C H Not amounting to Murder,0,0,0,0,1,0,0,0,0,0,1,0,1
215,Uttar Pradesh,C H Not amounting to Murder,30,0,1916,17,1009,19,453,1,16,1,3424,38,3462
216,Uttarakhand,C H Not amounting to Murder,2,0,21,2,19,4,2,1,0,0,44,7,51
217,West Bengal,C H Not amounting to Murder,6,0,128,6,246,3,68,4,4,0,452,13,465
218,Total (State),C H Not amounting to Murder,75,0,2841,54,2331,83,944,30,72,3,6263,170,6433
219,A&N Islands,C H Not amounting to Murder,0,0,0,0,1,0,0,0,0,0,1,0,1
220,Chandigarh,C H Not amounting to Murder,0,0,4,0,3,0,2,0,0,0,9,0,9
221,D&N Haveli,C H Not amounting to Murder,0,0,1,0,0,0,0,0,0,0,1,0,1
222,Daman & Diu,C H Not amounting to Murder,0,0,3,0,0,0,0,0,0,0,3,0,3
223,Delhi UT,C H Not amounting to Murder,5,0,38,2,14,1,5,1,0,0,62,4,66
224,Lakshadweep,C H Not amounting to Murder,0,0,0,0,0,0,0,0,0,0,0,0,0
225,Puducherry,C H Not amounting to Murder,1,0,4,0,0,0,0,0,0,0,5,0,5
226,Total (UTs),C H Not amounting to Murder,6,0,50,2,18,1,7,1,0,0,81,4,85
227,Total (All-India),C H Not amounting to Murder,81,0,2891,56,2349,84,951,31,72,3,6344,174,6518
228,Andhra Pradesh,Causing death by negligence,45,0,4994,22,4540,8,1771,0,219,0,11569,30,11599
229,Arunachal Pradesh,Causing death by negligence,0,0,72,0,32,0,1,0,0,0,105,0,105
230,Assam,Causing death by negligence,0,0,1038,0,1504,0,394,0,0,0,2936,0,2936
231,Bihar,Causing death by negligence,6,2,2003,4,1311,2,441,0,23,0,3784,8,3792
232,Chhattisgarh,Causing death by negligence,20,0,954,1,844,1,308,1,34,0,2160,3,2163
233,Goa,Causing death by negligence,0,0,73,1,52,0,27,1,5,1,157,3,160
234,Gujarat,Causing death by negligence,9,0,1675,6,1845,5,759,5,33,0,4321,16,4337
235,Haryana,Causing death by negligence,3,0,1068,2,1379,4,516,0,45,0,3011,6,3017
236,Himachal Pradesh,Causing death by negligence,0,0,121,0,156,0,33,0,4,0,314,0,314
237,Jammu & Kashmir,Causing death by negligence,1,0,115,1,118,0,61,0,4,0,299,1,300
238,Jharkhand,Causing death by negligence,2,0,613,0,364,0,138,0,0,0,1117,0,1117
239,Karnataka,Causing death by negligence,1,0,260,6,351,4,150,4,10,0,772,14,786
240,Kerala,Causing death by negligence,0,0,11,0,25,0,4,0,0,0,40,0,40
241,Madhya Pradesh,Causing death by negligence,44,3,3163,7,2996,9,943,6,75,0,7221,25,7246
242,Maharashtra,Causing death by negligence,60,3,4131,26,3808,17,1293,7,75,1,9367,54,9421
243,Manipur,Causing death by negligence,0,0,1,0,0,0,0,0,0,0,1,0,1
244,Meghalaya,Causing death by negligence,0,0,41,0,28,0,5,0,0,0,74,0,74
245,Mizoram,Causing death by negligence,0,0,19,0,17,0,10,0,1,0,47,0,47
246,Nagaland,Causing death by negligence,0,0,10,0,5,0,3,0,0,0,18,0,18
247,Odisha,Causing death by negligence,5,0,1808,5,1406,3,618,2,101,0,3938,10,3948
248,Punjab,Causing death by negligence,4,0,1032,35,1062,2,469,3,39,0,2606,40,2646
249,Rajasthan,Causing death by negligence,11,0,2873,2,3053,5,1055,3,36,0,7028,10,7038
250,Sikkim,Causing death by negligence,0,0,33,0,17,0,6,0,0,0,56,0,56
251,Tamil Nadu,Causing death by negligence,34,1,5364,43,5372,28,2193,1,193,1,13156,74,13230
252,Tripura,Causing death by negligence,0,0,109,0,52,0,6,0,0,0,167,0,167
253,Uttar Pradesh,Causing death by negligence,3,0,6424,7,3543,13,1846,6,42,0,11858,26,11884
254,Uttarakhand,Causing death by negligence,2,0,196,0,176,0,63,0,0,0,437,0,437
255,West Bengal,Causing death by negligence,0,0,1271,4,1182,3,617,0,34,0,3104,7,3111
256,Total (State),Causing death by negligence,250,9,39472,172,35238,104,13730,39,973,3,89663,327,89990
257,A&N Islands,Causing death by negligence,0,0,1,0,2,1,1,0,1,0,5,1,6
258,Chandigarh,Causing death by negligence,0,0,0,0,4,0,2,0,0,0,6,0,6
259,D&N Haveli,Causing death by negligence,0,0,5,0,9,0,7,0,0,0,21,0,21
260,Daman & Diu,Causing death by negligence,1,0,16,0,4,0,0,0,0,0,21,0,21
261,Delhi UT,Causing death by negligence,2,0,399,2,191,4,45,2,2,0,639,8,647
262,Lakshadweep,Causing death by negligence,0,0,0,0,0,0,0,0,0,0,0,0,0
263,Puducherry,Causing death by negligence,1,1,94,0,83,0,27,2,5,0,210,3,213
264,Total (UTs),Causing death by negligence,4,1,515,2,293,5,82,4,8,0,902,12,914
265,Total (All-India),Causing death by negligence,254,10,39987,174,35531,109,13812,43,981,3,90565,339,90904
266,Andhra Pradesh,Cheating,8,0,3457,181,4352,299,2008,137,222,9,10047,626,10673
267,Arunachal Pradesh,Cheating,0,0,8,0,51,0,4,0,1,0,64,0,64
268,Assam,Cheating,1,0,614,7,917,2,322,0,0,0,1854,9,1863
269,Bihar,Cheating,33,2,1957,19,2155,50,832,21,64,0,5041,92,5133
270,Chhattisgarh,Cheating,1,0,429,12,652,21,258,8,16,3,1356,44,1400
271,Goa,Cheating,0,0,34,2,60,7,20,3,4,2,118,14,132
272,Gujarat,Cheating,1,1,609,19,973,64,479,18,70,5,2132,107,2239
273,Haryana,Cheating,5,0,511,18,795,32,260,10,54,3,1625,63,1688
274,Himachal Pradesh,Cheating,1,0,55,11,150,23,84,8,11,2,301,44,345
275,Jammu & Kashmir,Cheating,0,0,196,1,299,3,208,0,44,0,747,4,751
276,Jharkhand,Cheating,8,0,637,17,1010,23,311,2,2,0,1968,42,2010
277,Karnataka,Cheating,7,0,1426,89,1930,205,884,104,200,20,4447,418,4865
278,Kerala,Cheating,1,0,951,86,1794,231,905,79,114,8,3765,404,4169
279,Madhya Pradesh,Cheating,18,0,997,16,877,52,412,22,42,2,2346,92,2438
280,Maharashtra,Cheating,22,0,3918,250,5024,422,2478,222,501,62,11943,956,12899
281,Manipur,Cheating,0,0,23,1,25,4,16,0,2,0,66,5,71
282,Meghalaya,Cheating,2,0,81,4,54,7,2,1,7,0,146,12,158
283,Mizoram,Cheating,0,0,10,5,13,6,10,0,0,0,33,11,44
284,Nagaland,Cheating,0,0,11,0,29,2,12,0,0,0,52,2,54
285,Odisha,Cheating,0,0,680,36,1015,50,351,6,8,2,2054,94,2148
286,Punjab,Cheating,11,0,1290,198,1689,263,856,74,7,1,3853,536,4389
287,Rajasthan,Cheating,11,0,1494,62,2257,138,1262,93,254,13,5278,306,5584
288,Sikkim,Cheating,0,0,13,1,11,0,6,0,0,0,30,1,31
289,Tamil Nadu,Cheating,9,0,779,39,1773,178,1628,75,143,6,4332,298,4630
290,Tripura,Cheating,0,0,69,1,87,2,28,1,6,0,190,4,194
291,Uttar Pradesh,Cheating,2,0,17488,46,10793,119,5281,68,480,4,34044,237,34281
292,Uttarakhand,Cheating,3,0,55,0,195,2,123,0,0,0,376,2,378
293,West Bengal,Cheating,0,0,1847,121,2790,153,1106,83,88,16,5831,373,6204
294,Total (State),Cheating,144,3,39639,1242,41770,2358,20146,1035,2340,158,104039,4796,108835
295,A&N Islands,Cheating,0,0,6,0,8,1,4,0,0,0,18,1,19
296,Chandigarh,Cheating,0,0,56,0,138,3,67,4,0,2,261,9,270
297,D&N Haveli,Cheating,0,0,7,0,2,0,0,0,0,0,9,0,9
298,Daman & Diu,Cheating,0,0,15,0,7,0,0,0,0,0,22,0,22
299,Delhi UT,Cheating,5,0,575,23,581,45,161,2,26,0,1348,70,1418
300,Lakshadweep,Cheating,0,0,0,0,0,0,0,0,0,0,0,0,0
301,Puducherry,Cheating,0,0,7,3,14,5,10,2,3,2,34,12,46
302,Total (UTs),Cheating,5,0,666,26,750,54,242,8,29,4,1692,92,1784
303,Total (All-India),Cheating,149,3,40305,1268,42520,2412,20388,1043,2369,162,105731,4888,110619
304,Andhra Pradesh,Counterfeiting,4,0,110,8,135,6,40,7,2,0,291,21,312
305,Arunachal Pradesh,Counterfeiting,0,0,0,0,0,0,0,0,0,0,0,0,0
306,Assam,Counterfeiting,0,0,19,0,63,0,2,0,0,0,84,0,84
307,Bihar,Counterfeiting,0,0,233,0,67,0,4,0,0,0,304,0,304
308,Chhattisgarh,Counterfeiting,0,0,19,1,22,1,0,0,0,0,41,2,43
309,Goa,Counterfeiting,0,0,1,0,1,0,0,0,0,0,2,0,2
310,Gujarat,Counterfeiting,0,0,37,0,33,1,5,1,0,0,75,2,77
311,Haryana,Counterfeiting,0,0,11,0,20,0,6,0,0,0,37,0,37
312,Himachal Pradesh,Counterfeiting,0,0,12,1,9,3,3,0,0,0,24,4,28
313,Jammu & Kashmir,Counterfeiting,0,0,8,0,17,0,17,0,0,0,42,0,42
314,Jharkhand,Counterfeiting,0,0,4,1,8,0,0,0,0,0,12,1,13
315,Karnataka,Counterfeiting,0,0,36,0,32,0,15,2,3,1,86,3,89
316,Kerala,Counterfeiting,0,0,21,2,27,1,6,0,4,0,58,3,61
317,Madhya Pradesh,Counterfeiting,0,0,28,0,19,2,1,0,0,0,48,2,50
318,Maharashtra,Counterfeiting,9,1,110,4,78,2,15,1,0,1,212,9,221
319,Manipur,Counterfeiting,0,0,2,0,0,0,0,0,0,0,2,0,2
320,Meghalaya,Counterfeiting,0,0,9,0,7,0,3,0,0,0,19,0,19
321,Mizoram,Counterfeiting,0,0,0,0,7,2,0,0,0,0,7,2,9
322,Nagaland,Counterfeiting,0,0,2,1,4,0,0,0,0,0,6,1,7
323,Odisha,Counterfeiting,0,0,18,1,15,1,0,0,0,0,33,2,35
324,Punjab,Counterfeiting,0,0,34,0,33,0,4,0,0,0,71,0,71
325,Rajasthan,Counterfeiting,0,0,18,0,17,0,4,0,1,0,40,0,40
326,Sikkim,Counterfeiting,0,0,0,0,1,0,0,0,0,0,1,0,1
327,Tamil Nadu,Counterfeiting,0,0,33,0,60,2,9,0,0,0,102,2,104
328,Tripura,Counterfeiting,0,0,23,0,4,0,0,0,0,0,27,0,27
329,Uttar Pradesh,Counterfeiting,0,0,118,1,68,0,3,0,0,0,189,1,190
330,Uttarakhand,Counterfeiting,0,0,3,0,24,0,13,1,0,0,40,1,41
331,West Bengal,Counterfeiting,4,0,211,0,183,0,89,2,1,0,488,2,490
332,Total (State),Counterfeiting,17,1,1120,20,954,21,239,14,11,2,2341,58,2399
333,A&N Islands,Counterfeiting,0,0,0,0,0,0,0,0,0,0,0,0,0
334,Chandigarh,Counterfeiting,0,0,2,0,1,0,1,0,0,0,4,0,4
335,D&N Haveli,Counterfeiting,0,0,0,0,0,0,0,0,0,0,0,0,0
336,Daman & Diu,Counterfeiting,0,0,2,0,0,0,0,0,0,0,2,0,2
337,Delhi UT,Counterfeiting,0,0,27,0,20,1,2,0,0,0,49,1,50
338,Lakshadweep,Counterfeiting,0,0,0,0,0,0,0,0,0,0,0,0,0
339,Puducherry,Counterfeiting,0,0,0,0,0,0,1,0,0,0,1,0,1
340,Total (UTs),Counterfeiting,0,0,31,0,21,1,4,0,0,0,56,1,57
341,Total (All-India),Counterfeiting,17,1,1151,20,975,22,243,14,11,2,2397,59,2456
342,Andhra Pradesh,Criminal Breach of Trust,0,0,359,20,563,36,244,15,42,2,1208,73,1281
343,Arunachal Pradesh,Criminal Breach of Trust,0,0,1,0,15,0,2,0,0,0,18,0,18
344,Assam,Criminal Breach of Trust,0,0,323,2,694,0,107,0,0,0,1124,2,1126
345,Bihar,Criminal Breach of Trust,0,0,1168,7,958,20,331,3,10,0,2467,30,2497
346,Chhattisgarh,Criminal Breach of Trust,1,0,86,1,80,1,29,1,3,0,199,3,202
347,Goa,Criminal Breach of Trust,0,0,17,7,23,2,3,1,1,0,44,10,54
348,Gujarat,Criminal Breach of Trust,6,2,646,63,816,99,375,56,65,21,1908,241,2149
349,Haryana,Criminal Breach of Trust,1,0,211,10,303,15,124,3,10,2,649,30,679
350,Himachal Pradesh,Criminal Breach of Trust,0,0,26,2,49,1,14,0,2,1,91,4,95
351,Jammu & Kashmir,Criminal Breach of Trust,0,0,65,0,124,0,73,0,32,0,294,0,294
352,Jharkhand,Criminal Breach of Trust,2,0,193,6,384,11,56,0,1,0,636,17,653
353,Karnataka,Criminal Breach of Trust,0,0,115,4,276,30,114,17,22,2,527,53,580
354,Kerala,Criminal Breach of Trust,0,0,33,0,112,13,40,5,10,0,195,18,213
355,Madhya Pradesh,Criminal Breach of Trust,1,0,224,3,260,32,114,3,7,1,606,39,645
356,Maharashtra,Criminal Breach of Trust,5,0,1003,44,1172,45,492,42,54,7,2726,138,2864
357,Manipur,Criminal Breach of Trust,0,0,0,0,6,0,0,3,0,0,6,3,9
358,Meghalaya,Criminal Breach of Trust,0,0,23,3,18,6,11,0,0,0,52,9,61
359,Mizoram,Criminal Breach of Trust,0,0,6,0,8,1,9,3,2,0,25,4,29
360,Nagaland,Criminal Breach of Trust,0,0,5,1,3,0,1,0,0,0,9,1,10
361,Odisha,Criminal Breach of Trust,1,0,195,29,216,34,65,12,3,0,480,75,555
362,Punjab,Criminal Breach of Trust,5,0,92,7,120,34,61,5,0,3,278,49,327
363,Rajasthan,Criminal Breach of Trust,0,0,97,0,109,2,49,2,4,0,259,4,263
364,Sikkim,Criminal Breach of Trust,0,0,1,0,2,0,3,0,0,0,6,0,6
365,Tamil Nadu,Criminal Breach of Trust,0,0,80,3,166,9,83,4,8,3,337,19,356
366,Tripura,Criminal Breach of Trust,2,0,25,0,24,0,8,0,0,0,59,0,59
367,Uttar Pradesh,Criminal Breach of Trust,1,0,3974,2,2484,14,1307,1,57,0,7823,17,7840
368,Uttarakhand,Criminal Breach of Trust,0,0,3,0,49,0,21,0,2,0,75,0,75
369,West Bengal,Criminal Breach of Trust,1,0,355,30,675,22,330,10,12,0,1373,62,1435
370,Total (State),Criminal Breach of Trust,26,2,9326,244,9709,427,4066,186,347,42,23474,901,24375
371,A&N Islands,Criminal Breach of Trust,0,0,1,0,1,0,0,0,0,0,2,0,2
372,Chandigarh,Criminal Breach of Trust,0,0,16,0,15,0,1,0,0,0,32,0,32
373,D&N Haveli,Criminal Breach of Trust,0,0,0,0,0,0,0,0,0,0,0,0,0
374,Daman & Diu,Criminal Breach of Trust,0,0,6,0,0,0,1,0,0,0,7,0,7
375,Delhi UT,Criminal Breach of Trust,1,0,104,3,118,0,13,0,2,0,238,3,241
376,Lakshadweep,Criminal Breach of Trust,0,0,0,0,0,0,0,0,0,0,0,0,0
377,Puducherry,Criminal Breach of Trust,0,0,3,1,5,1,0,0,1,0,9,2,11
378,Total (UTs),Criminal Breach of Trust,1,0,130,4,139,1,15,0,3,0,288,5,293
379,Total (All-India),Criminal Breach of Trust,27,2,9456,248,9848,428,4081,186,350,42,23762,906,24668
380,Andhra Pradesh,Cruelty by Husband or his Relatives,10,0,6911,1320,6840,1623,3128,1486,584,363,17473,4792,22265
381,Arunachal Pradesh,Cruelty by Husband or his Relatives,0,0,10,0,22,0,0,0,0,0,32,0,32
382,Assam,Cruelty by Husband or his Relatives,7,0,2581,34,4477,17,673,9,7,1,7745,61,7806
383,Bihar,Cruelty by Husband or his Relatives,4,4,3913,212,1999,379,823,431,126,32,6865,1058,7923
384,Chhattisgarh,Cruelty by Husband or his Relatives,9,11,894,200,681,266,398,265,112,56,2094,798,2892
385,Goa,Cruelty by Husband or his Relatives,0,0,11,3,25,5,13,15,7,5,56,28,84
386,Gujarat,Cruelty by Husband or his Relatives,28,29,6424,1761,7123,2585,3326,2240,650,445,17551,7060,24611
387,Haryana,Cruelty by Husband or his Relatives,11,0,2079,109,1165,223,676,307,173,60,4104,699,4803
388,Himachal Pradesh,Cruelty by Husband or his Relatives,0,1,156,46,199,91,107,109,36,20,498,267,765
389,Jammu & Kashmir,Cruelty by Husband or his Relatives,0,0,224,69,318,98,110,51,19,9,671,227,898
390,Jharkhand,Cruelty by Husband or his Relatives,0,0,1136,174,1218,155,225,71,23,18,2602,418,3020
391,Karnataka,Cruelty by Husband or his Relatives,0,0,1377,320,1861,462,917,426,256,152,4411,1360,5771
392,Kerala,Cruelty by Husband or his Relatives,0,0,1433,234,2621,539,806,385,183,129,5043,1287,6330
393,Madhya Pradesh,Cruelty by Husband or his Relatives,43,35,4021,1063,3071,1250,2023,1042,344,235,9502,3625,13127
394,Maharashtra,Cruelty by Husband or his Relatives,44,43,7633,2754,7578,3646,4474,3060,1400,860,21129,10363,31492
395,Manipur,Cruelty by Husband or his Relatives,0,0,1,0,13,1,3,0,0,0,17,1,18
396,Meghalaya,Cruelty by Husband or his Relatives,0,0,8,0,17,0,0,0,0,0,25,0,25
397,Mizoram,Cruelty by Husband or his Relatives,0,0,0,0,5,0,0,0,0,0,5,0,5
398,Nagaland,Cruelty by Husband or his Relatives,0,0,2,0,2,0,1,1,0,0,5,1,6
399,Odisha,Cruelty by Husband or his Relatives,3,3,1574,368,1218,432,685,265,99,26,3579,1094,4673
400,Punjab,Cruelty by Husband or his Relatives,0,0,1134,239,661,230,365,113,33,10,2193,592,2785
401,Rajasthan,Cruelty by Husband or his Relatives,5,1,3738,225,3448,636,1848,661,291,91,9330,1614,10944
402,Sikkim,Cruelty by Husband or his Relatives,0,0,3,0,2,0,0,0,0,0,5,0,5
403,Tamil Nadu,Cruelty by Husband or his Relatives,2,2,1435,190,1321,396,717,289,82,41,3557,918,4475
404,Tripura,Cruelty by Husband or his Relatives,3,5,507,141,371,139,202,68,50,5,1133,358,1491
405,Uttar Pradesh,Cruelty by Husband or his Relatives,6,7,22523,2030,9280,1808,5004,984,955,79,37768,4908,42676
406,Uttarakhand,Cruelty by Husband or his Relatives,1,2,142,6,230,17,72,21,0,0,445,46,491
407,West Bengal,Cruelty by Husband or his Relatives,13,2,2026,1463,9783,2275,3388,1834,383,233,15593,5807,21400
408,Total (State),Cruelty by Husband or his Relatives,189,145,71896,12961,65549,17273,29984,14133,5813,2870,173431,47382,220813
409,A&N Islands,Cruelty by Husband or his Relatives,0,0,3,0,5,0,1,1,0,0,9,1,10
410,Chandigarh,Cruelty by Husband or his Relatives,0,0,41,4,30,6,26,5,0,0,97,15,112
411,D&N Haveli,Cruelty by Husband or his Relatives,0,0,0,0,0,0,0,0,0,0,0,0,0
412,Daman & Diu,Cruelty by Husband or his Relatives,0,0,2,0,1,0,0,0,0,0,3,0,3
413,Delhi UT,Cruelty by Husband or his Relatives,0,0,599,24,389,25,72,20,8,0,1068,69,1137
414,Lakshadweep,Cruelty by Husband or his Relatives,0,0,0,0,0,0,0,0,0,0,0,0,0
415,Puducherry,Cruelty by Husband or his Relatives,0,0,2,1,8,2,1,1,1,0,12,4,16
416,Total (UTs),Cruelty by Husband or his Relatives,0,0,647,29,433,33,100,27,9,0,1189,89,1278
417,Total (All-India),Cruelty by Husband or his Relatives,189,145,72543,12990,65982,17306,30084,14160,5822,2870,174620,47471,222091
418,Andhra Pradesh,Custodial Rape,0,0,0,0,0,0,0,0,0,0,0,0,0
419,Arunachal Pradesh,Custodial Rape,0,0,0,0,0,0,0,0,0,0,0,0,0
420,Assam,Custodial Rape,0,0,0,0,0,0,0,0,0,0,0,0,0
421,Bihar,Custodial Rape,0,0,0,0,0,0,0,0,0,0,0,0,0
422,Chhattisgarh,Custodial Rape,0,0,0,0,0,0,0,0,0,0,0,0,0
423,Goa,Custodial Rape,0,0,0,0,0,0,0,0,0,0,0,0,0
424,Gujarat,Custodial Rape,0,0,0,0,0,0,0,0,0,0,0,0,0
425,Haryana,Custodial Rape,0,0,0,0,0,0,0,0,0,0,0,0,0
426,Himachal Pradesh,Custodial Rape,0,0,0,0,0,0,0,0,0,0,0,0,0
427,Jammu & Kashmir,Custodial Rape,0,0,0,0,0,0,0,0,0,0,0,0,0
428,Jharkhand,Custodial Rape,0,0,0,0,0,0,0,0,0,0,0,0,0
429,Karnataka,Custodial Rape,0,0,1,1,2,1,0,0,0,0,3,2,5
430,Kerala,Custodial Rape,0,0,0,0,0,0,0,0,0,0,0,0,0
431,Madhya Pradesh,Custodial Rape,0,0,0,0,0,0,0,0,0,0,0,0,0
432,Maharashtra,Custodial Rape,0,0,0,0,0,0,0,0,0,0,0,0,0
433,Manipur,Custodial Rape,0,0,0,0,0,0,0,0,0,0,0,0,0
434,Meghalaya,Custodial Rape,0,0,0,0,0,0,0,0,0,0,0,0,0
435,Mizoram,Custodial Rape,0,0,0,0,0,0,0,0,0,0,0,0,0
436,Nagaland,Custodial Rape,0,0,0,0,0,0,0,0,0,0,0,0,0
437,Odisha,Custodial Rape,0,0,0,0,0,0,0,0,0,0,0,0,0
438,Punjab,Custodial Rape,0,0,0,0,0,0,0,0,0,0,0,0,0
439,Rajasthan,Custodial Rape,0,0,0,0,0,0,0,0,0,0,0,0,0
440,Sikkim,Custodial Rape,0,0,0,0,0,0,0,0,0,0,0,0,0
441,Tamil Nadu,Custodial Rape,0,0,0,0,0,0,0,0,0,0,0,0,0
442,Tripura,Custodial Rape,0,0,0,0,0,0,0,0,0,0,0,0,0
443,Uttar Pradesh,Custodial Rape,0,0,0,0,0,0,0,0,0,0,0,0,0
444,Uttarakhand,Custodial Rape,0,0,0,0,0,0,0,0,0,0,0,0,0
445,West Bengal,Custodial Rape,0,0,0,0,0,0,0,0,0,0,0,0,0
446,Total (State),Custodial Rape,0,0,1,1,2,1,0,0,0,0,3,2,5
447,A&N Islands,Custodial Rape,0,0,0,0,0,0,0,0,0,0,0,0,0
448,Chandigarh,Custodial Rape,0,0,0,0,0,0,0,0,0,0,0,0,0
449,D&N Haveli,Custodial Rape,0,0,0,0,0,0,0,0,0,0,0,0,0
450,Daman & Diu,Custodial Rape,0,0,0,0,0,0,0,0,0,0,0,0,0
451,Delhi UT,Custodial Rape,0,0,0,0,0,0,0,0,0,0,0,0,0
452,Lakshadweep,Custodial Rape,0,0,0,0,0,0,0,0,0,0,0,0,0
453,Puducherry,Custodial Rape,0,0,0,0,0,0,0,0,0,0,0,0,0
454,Total (UTs),Custodial Rape,0,0,0,0,0,0,0,0,0,0,0,0,0
455,Total (All-India),Custodial Rape,0,0,1,1,2,1,0,0,0,0,3,2,5
456,Andhra Pradesh,Dacoity,5,0,302,7,178,6,44,0,0,0,529,13,542
457,Arunachal Pradesh,Dacoity,0,0,18,0,11,0,2,0,0,0,31,0,31
458,Assam,Dacoity,0,0,223,0,270,0,47,0,0,0,540,0,540
459,Bihar,Dacoity,11,0,1174,0,709,0,129,0,24,0,2047,0,2047
460,Chhattisgarh,Dacoity,15,0,125,0,87,0,27,0,0,0,254,0,254
461,Goa,Dacoity,0,0,36,0,11,0,1,0,0,0,48,0,48
462,Gujarat,Dacoity,15,1,632,16,451,5,140,4,11,0,1249,26,1275
463,Haryana,Dacoity,12,0,385,0,206,0,29,0,0,0,632,0,632
464,Himachal Pradesh,Dacoity,0,0,45,0,14,0,0,0,0,0,59,0,59
465,Jammu & Kashmir,Dacoity,0,0,2,0,13,0,0,0,0,0,15,0,15
466,Jharkhand,Dacoity,3,0,365,1,152,0,30,0,0,0,550,1,551
467,Karnataka,Dacoity,16,0,397,1,315,3,80,1,11,0,819,5,824
468,Kerala,Dacoity,1,0,141,2,102,0,15,0,1,0,260,2,262
469,Madhya Pradesh,Dacoity,0,0,279,0,224,0,100,0,4,0,607,0,607
470,Maharashtra,Dacoity,109,1,2173,42,1041,52,439,15,65,7,3827,117,3944
471,Manipur,Dacoity,0,0,0,0,0,0,0,0,0,0,0,0,0
472,Meghalaya,Dacoity,4,0,77,0,15,0,0,0,0,0,96,0,96
473,Mizoram,Dacoity,0,0,3,0,5,0,2,0,0,0,10,0,10
474,Nagaland,Dacoity,0,0,1,0,0,0,0,0,0,0,1,0,1
475,Odisha,Dacoity,19,0,861,2,736,4,269,0,1,0,1886,6,1892
476,Punjab,Dacoity,0,0,45,1,22,1,2,0,0,0,69,2,71
477,Rajasthan,Dacoity,2,0,132,0,58,0,1,0,0,0,193,0,193
478,Sikkim,Dacoity,0,0,0,0,0,0,0,0,0,0,0,0,0
479,Tamil Nadu,Dacoity,9,1,236,4,185,1,40,0,0,0,470,6,476
480,Tripura,Dacoity,0,0,4,0,5,0,0,0,0,0,9,0,9
481,Uttar Pradesh,Dacoity,4,0,3122,0,1968,1,1006,0,0,0,6100,1,6101
482,Uttarakhand,Dacoity,1,0,36,0,27,0,4,0,0,0,68,0,68
483,West Bengal,Dacoity,4,0,344,9,263,2,71,0,2,0,684,11,695
484,Total (State),Dacoity,230,3,11158,85,7068,75,2478,20,119,7,21053,190,21243
485,A&N Islands,Dacoity,0,0,0,0,0,0,0,0,0,0,0,0,0
486,Chandigarh,Dacoity,0,0,17,0,12,0,5,0,0,0,34,0,34
487,D&N Haveli,Dacoity,0,0,2,0,5,0,2,0,0,0,9,0,9
488,Daman & Diu,Dacoity,0,0,20,0,7,0,1,0,0,0,28,0,28
489,Delhi UT,Dacoity,7,0,87,0,35,0,1,1,1,0,131,1,132
490,Lakshadweep,Dacoity,0,0,0,0,0,0,0,0,0,0,0,0,0
491,Puducherry,Dacoity,0,0,6,0,0,0,0,0,0,0,6,0,6
492,Total (UTs),Dacoity,7,0,132,0,59,0,9,1,1,0,208,1,209
493,Total (All-India),Dacoity,237,3,11290,85,7127,75,2487,21,120,7,21261,191,21452
494,Andhra Pradesh,Dowry Deaths,1,0,350,70,288,125,184,125,24,17,847,337,1184
495,Arunachal Pradesh,Dowry Deaths,0,0,0,0,0,0,0,0,0,0,0,0,0
496,Assam,Dowry Deaths,0,0,74,2,118,0,10,0,1,0,203,2,205
497,Bihar,Dowry Deaths,14,0,1148,168,827,187,329,164,42,14,2360,533,2893
498,Chhattisgarh,Dowry Deaths,1,0,86,21,64,29,29,18,6,2,186,70,256
499,Goa,Dowry Deaths,0,0,0,0,1,0,0,0,0,0,1,0,1
500,Gujarat,Dowry Deaths,0,0,24,3,18,4,10,4,3,1,55,12,67
501,Haryana,Dowry Deaths,0,1,190,6,140,24,58,28,6,2,394,61,455
502,Himachal Pradesh,Dowry Deaths,0,0,0,0,0,0,0,0,0,0,0,0,0
503,Jammu & Kashmir,Dowry Deaths,0,0,5,2,4,1,0,2,0,0,9,5,14
504,Jharkhand,Dowry Deaths,0,0,223,33,228,69,30,7,2,3,483,112,595
505,Karnataka,Dowry Deaths,0,0,157,34,227,84,130,94,30,14,544,226,770
506,Kerala,Dowry Deaths,0,0,5,2,11,2,2,3,1,3,19,10,29
507,Madhya Pradesh,Dowry Deaths,7,12,714,174,465,228,280,198,66,18,1532,630,2162
508,Maharashtra,Dowry Deaths,8,0,336,93,257,131,179,112,39,24,819,360,1179
509,Manipur,Dowry Deaths,0,0,0,0,0,0,0,0,0,0,0,0,0
510,Meghalaya,Dowry Deaths,0,0,0,0,1,0,0,0,0,0,1,0,1
511,Mizoram,Dowry Deaths,0,0,0,0,0,0,0,0,0,0,0,0,0
512,Nagaland,Dowry Deaths,0,0,1,0,0,0,0,0,0,0,1,0,1
513,Odisha,Dowry Deaths,0,0,223,55,237,74,139,40,14,3,613,172,785
514,Punjab,Dowry Deaths,0,1,101,24,81,33,54,16,0,4,236,78,314
515,Rajasthan,Dowry Deaths,4,0,242,14,168,25,59,41,15,13,488,93,581
516,Sikkim,Dowry Deaths,0,0,0,0,0,0,0,0,0,0,0,0,0
517,Tamil Nadu,Dowry Deaths,0,0,104,6,83,13,28,26,2,0,217,45,262
518,Tripura,Dowry Deaths,0,0,34,1,27,11,4,0,0,0,65,12,77
519,Uttar Pradesh,Dowry Deaths,8,1,4733,634,2266,584,1460,396,309,14,8776,1629,10405
520,Uttarakhand,Dowry Deaths,0,0,9,0,34,7,14,6,0,0,57,13,70
521,West Bengal,Dowry Deaths,1,2,408,40,488,80,208,44,12,1,1117,167,1284
522,Total (State),Dowry Deaths,44,17,9167,1382,6033,1711,3207,1324,572,133,19023,4567,23590
523,A&N Islands,Dowry Deaths,0,0,1,0,1,0,0,0,0,0,2,0,2
524,Chandigarh,Dowry Deaths,0,0,0,0,3,0,1,0,0,0,4,0,4
525,D&N Haveli,Dowry Deaths,0,0,0,0,0,0,0,0,0,0,0,0,0
526,Daman & Diu,Dowry Deaths,0,0,0,0,0,0,0,0,0,0,0,0,0
527,Delhi UT,Dowry Deaths,0,0,125,10,38,29,28,25,9,4,200,68,268
528,Lakshadweep,Dowry Deaths,0,0,0,0,0,0,0,0,0,0,0,0,0
529,Puducherry,Dowry Deaths,0,0,0,0,0,0,0,0,0,0,0,0,0
530,Total (UTs),Dowry Deaths,0,0,126,10,42,29,29,25,9,4,206,68,274
531,Total (All-India),Dowry Deaths,44,17,9293,1392,6075,1740,3236,1349,581,137,19229,4635,23864
532,Andhra Pradesh,Hurt/Grevious Hurt,524,15,31465,2808,28429,2703,10477,958,1060,92,71955,6576,78531
533,Arunachal Pradesh,Hurt/Grevious Hurt,38,0,312,11,205,0,71,0,8,0,634,11,645
534,Assam,Hurt/Grevious Hurt,27,0,2886,100,4324,65,1253,2,16,0,8506,167,8673
535,Bihar,Hurt/Grevious Hurt,356,21,28216,2049,18032,1959,7224,665,1055,36,54883,4730,59613
536,Chhattisgarh,Hurt/Grevious Hurt,552,48,7963,484,5277,544,2642,231,285,30,16719,1337,18056
537,Goa,Hurt/Grevious Hurt,2,0,157,13,151,19,71,15,24,6,405,53,458
538,Gujarat,Hurt/Grevious Hurt,340,17,9415,683,7179,723,3063,224,292,22,20289,1669,21958
539,Haryana,Hurt/Grevious Hurt,128,1,2637,123,2812,178,984,64,201,9,6762,375,7137
540,Himachal Pradesh,Hurt/Grevious Hurt,20,1,586,48,481,71,168,39,44,7,1299,166,1465
541,Jammu & Kashmir,Hurt/Grevious Hurt,0,0,226,22,244,47,100,21,9,1,579,91,670
542,Jharkhand,Hurt/Grevious Hurt,21,0,4006,229,2990,166,1328,60,76,8,8421,463,8884
543,Karnataka,Hurt/Grevious Hurt,60,1,10964,998,11644,1495,6392,833,1129,145,30189,3472,33661
544,Kerala,Hurt/Grevious Hurt,178,1,10784,316,9519,498,4492,204,653,46,25626,1065,26691
545,Madhya Pradesh,Hurt/Grevious Hurt,1186,83,30883,1875,23834,1778,10911,562,1627,70,68441,4368,72809
546,Maharashtra,Hurt/Grevious Hurt,1420,65,26710,1806,17296,2073,8124,985,1281,201,54831,5130,59961
547,Manipur,Hurt/Grevious Hurt,0,0,33,1,40,2,10,0,2,0,85,3,88
548,Meghalaya,Hurt/Grevious Hurt,4,0,166,8,90,3,51,0,1,0,312,11,323
549,Mizoram,Hurt/Grevious Hurt,6,0,72,0,36,0,5,0,1,0,120,0,120
550,Nagaland,Hurt/Grevious Hurt,6,0,31,0,25,0,10,0,2,0,74,0,74
551,Odisha,Hurt/Grevious Hurt,89,8,5431,496,5980,589,3480,263,284,27,15264,1383,16647
552,Punjab,Hurt/Grevious Hurt,37,6,2995,264,3232,268,1057,71,21,1,7342,610,7952
553,Rajasthan,Hurt/Grevious Hurt,332,14,13265,1058,11112,1107,5354,471,471,51,30534,2701,33235
554,Sikkim,Hurt/Grevious Hurt,10,0,58,2,39,1,12,0,0,0,119,3,122
555,Tamil Nadu,Hurt/Grevious Hurt,174,0,11428,852,11616,1211,5586,448,680,36,29484,2547,32031
556,Tripura,Hurt/Grevious Hurt,4,0,1269,86,806,75,219,10,13,0,2311,171,2482
557,Uttar Pradesh,Hurt/Grevious Hurt,22,1,17603,402,9100,494,5295,220,378,0,32398,1117,33515
558,Uttarakhand,Hurt/Grevious Hurt,24,0,445,46,428,36,70,6,0,0,967,88,1055
559,West Bengal,Hurt/Grevious Hurt,63,5,6553,1324,7251,998,3697,301,254,30,17818,2658,20476
560,Total (State),Hurt/Grevious Hurt,5623,287,226559,16104,182172,17103,82146,6653,9867,818,506367,40965,547332
561,A&N Islands,Hurt/Grevious Hurt,0,0,21,0,20,0,17,4,1,0,59,4,63
562,Chandigarh,Hurt/Grevious Hurt,10,0,62,2,46,1,14,1,0,0,132,4,136
563,D&N Haveli,Hurt/Grevious Hurt,0,0,26,0,6,0,4,1,0,0,36,1,37
564,Daman & Diu,Hurt/Grevious Hurt,1,0,12,0,3,0,0,0,0,0,16,0,16
565,Delhi UT,Hurt/Grevious Hurt,106,0,1610,64,708,74,194,18,7,2,2625,158,2783
566,Lakshadweep,Hurt/Grevious Hurt,0,0,0,0,0,0,0,0,0,0,0,0,0
567,Puducherry,Hurt/Grevious Hurt,16,0,780,15,649,24,133,8,13,3,1591,50,1641
568,Total (UTs),Hurt/Grevious Hurt,133,0,2511,81,1432,99,362,32,21,5,4459,217,4676
569,Total (All-India),Hurt/Grevious Hurt,5756,287,229070,16185,183604,17202,82508,6685,9888,823,510826,41182,552008
570,Andhra Pradesh,Importation of girls from Foreign Countries,0,0,0,0,0,0,0,0,0,0,0,0,0
571,Arunachal Pradesh,Importation of girls from Foreign Countries,0,0,0,0,0,0,0,0,0,0,0,0,0
572,Assam,Importation of girls from Foreign Countries,0,0,0,0,7,0,0,0,0,0,7,0,7
573,Bihar,Importation of girls from Foreign Countries,0,0,5,0,2,0,0,0,0,0,7,0,7
574,Chhattisgarh,Importation of girls from Foreign Countries,0,0,3,0,0,0,0,0,0,0,3,0,3
575,Goa,Importation of girls from Foreign Countries,0,0,0,0,0,0,0,0,0,0,0,0,0
576,Gujarat,Importation of girls from Foreign Countries,0,0,0,0,0,0,0,0,0,0,0,0,0
577,Haryana,Importation of girls from Foreign Countries,0,0,0,0,0,0,1,0,0,0,1,0,1
578,Himachal Pradesh,Importation of girls from Foreign Countries,0,0,0,0,0,0,0,0,0,0,0,0,0
579,Jammu & Kashmir,Importation of girls from Foreign Countries,0,0,0,0,0,0,0,0,0,0,0,0,0
580,Jharkhand,Importation of girls from Foreign Countries,0,0,0,0,0,0,0,0,0,0,0,0,0
581,Karnataka,Importation of girls from Foreign Countries,0,0,0,0,0,0,0,0,0,0,0,0,0
582,Kerala,Importation of girls from Foreign Countries,0,0,0,0,0,0,0,0,0,0,0,0,0
583,Madhya Pradesh,Importation of girls from Foreign Countries,0,0,10,3,2,1,0,0,0,1,12,5,17
584,Maharashtra,Importation of girls from Foreign Countries,0,0,0,0,0,0,0,0,0,0,0,0,0
585,Manipur,Importation of girls from Foreign Countries,0,0,0,0,0,0,0,0,0,0,0,0,0
586,Meghalaya,Importation of girls from Foreign Countries,0,0,0,0,0,0,0,0,0,0,0,0,0
587,Mizoram,Importation of girls from Foreign Countries,0,0,0,0,0,0,0,0,0,0,0,0,0
588,Nagaland,Importation of girls from Foreign Countries,0,0,0,0,0,0,0,0,0,0,0,0,0
589,Odisha,Importation of girls from Foreign Countries,0,0,0,0,0,0,0,0,0,0,0,0,0
590,Punjab,Importation of girls from Foreign Countries,0,0,0,0,0,0,0,0,0,0,0,0,0
591,Rajasthan,Importation of girls from Foreign Countries,0,0,0,0,4,0,0,0,0,0,4,0,4
592,Sikkim,Importation of girls from Foreign Countries,0,0,0,0,0,0,0,0,0,0,0,0,0
593,Tamil Nadu,Importation of girls from Foreign Countries,0,0,0,0,0,0,0,0,0,0,0,0,0
594,Tripura,Importation of girls from Foreign Countries,0,0,0,0,0,0,0,0,0,0,0,0,0
595,Uttar Pradesh,Importation of girls from Foreign Countries,0,0,0,0,0,0,0,0,0,0,0,0,0
596,Uttarakhand,Importation of girls from Foreign Countries,0,0,0,0,0,0,0,0,0,0,0,0,0
597,West Bengal,Importation of girls from Foreign Countries,0,0,13,3,3,0,0,0,0,0,16,3,19
598,Total (State),Importation of girls from Foreign Countries,0,0,31,6,18,1,1,0,0,1,50,8,58
599,A&N Islands,Importation of girls from Foreign Countries,0,0,0,0,0,0,0,0,0,0,0,0,0
600,Chandigarh,Importation of girls from Foreign Countries,0,0,0,0,0,0,0,0,0,0,0,0,0
601,D&N Haveli,Importation of girls from Foreign Countries,0,0,0,0,0,0,0,0,0,0,0,0,0
602,Daman & Diu,Importation of girls from Foreign Countries,0,0,0,0,0,0,0,0,0,0,0,0,0
603,Delhi UT,Importation of girls from Foreign Countries,0,0,0,0,0,0,0,0,0,0,0,0,0
604,Lakshadweep,Importation of girls from Foreign Countries,0,0,0,0,0,0,0,0,0,0,0,0,0
605,Puducherry,Importation of girls from Foreign Countries,0,0,0,0,0,0,0,0,0,0,0,0,0
606,Total (UTs),Importation of girls from Foreign Countries,0,0,0,0,0,0,0,0,0,0,0,0,0
607,Total (All-India),Importation of girls from Foreign Countries,0,0,31,6,18,1,1,0,0,1,50,8,58
608,Andhra Pradesh,Insult to Modesty of Women,173,2,3084,51,1598,44,320,24,31,0,5206,121,5327
609,Arunachal Pradesh,Insult to Modesty of Women,0,0,2,0,1,0,0,0,0,0,3,0,3
610,Assam,Insult to Modesty of Women,0,0,3,0,11,0,0,0,0,0,14,0,14
611,Bihar,Insult to Modesty of Women,1,0,46,0,7,0,0,0,0,0,54,0,54
612,Chhattisgarh,Insult to Modesty of Women,8,0,173,13,59,2,46,1,2,0,288,16,304
613,Goa,Insult to Modesty of Women,0,0,19,0,18,0,5,0,1,0,43,0,43
614,Gujarat,Insult to Modesty of Women,2,0,83,0,26,0,4,0,0,0,115,0,115
615,Haryana,Insult to Modesty of Women,13,0,479,1,221,0,56,0,6,0,775,1,776
616,Himachal Pradesh,Insult to Modesty of Women,1,0,62,3,33,3,13,4,1,1,110,11,121
617,Jammu & Kashmir,Insult to Modesty of Women,3,0,277,2,112,7,31,0,0,0,423,9,432
618,Jharkhand,Insult to Modesty of Women,0,0,20,0,7,0,0,0,0,0,27,0,27
619,Karnataka,Insult to Modesty of Women,1,0,118,2,44,1,4,0,0,0,167,3,170
620,Kerala,Insult to Modesty of Women,5,0,220,2,149,0,46,0,7,1,427,3,430
621,Madhya Pradesh,Insult to Modesty of Women,63,0,578,2,253,5,51,1,13,0,958,8,966
622,Maharashtra,Insult to Modesty of Women,79,3,1556,46,1079,58,303,20,38,6,3055,133,3188
623,Manipur,Insult to Modesty of Women,0,0,0,0,0,0,0,0,0,0,0,0,0
624,Meghalaya,Insult to Modesty of Women,0,0,0,0,0,0,0,0,0,0,0,0,0
625,Mizoram,Insult to Modesty of Women,0,0,0,0,0,0,0,0,0,0,0,0,0
626,Nagaland,Insult to Modesty of Women,0,0,1,0,0,0,0,0,0,0,1,0,1
627,Odisha,Insult to Modesty of Women,2,0,353,0,149,3,6,0,3,0,513,3,516
628,Punjab,Insult to Modesty of Women,0,0,43,6,20,3,14,0,0,0,77,9,86
629,Rajasthan,Insult to Modesty of Women,1,0,17,0,5,2,3,0,0,0,26,2,28
630,Sikkim,Insult to Modesty of Women,0,0,0,0,0,0,0,0,0,0,0,0,0
631,Tamil Nadu,Insult to Modesty of Women,5,0,222,0,89,0,16,0,0,0,332,0,332
632,Tripura,Insult to Modesty of Women,0,0,14,0,2,0,0,0,0,0,16,0,16
633,Uttar Pradesh,Insult to Modesty of Women,0,0,19,0,17,0,3,0,0,0,39,0,39
634,Uttarakhand,Insult to Modesty of Women,0,0,55,9,18,2,4,2,0,0,77,13,90
635,West Bengal,Insult to Modesty of Women,2,0,292,0,187,0,82,0,8,0,571,0,571
636,Total (State),Insult to Modesty of Women,359,5,7736,137,4105,130,1007,52,110,8,13317,332,13649
637,A&N Islands,Insult to Modesty of Women,0,0,5,0,6,0,0,0,0,0,11,0,11
638,Chandigarh,Insult to Modesty of Women,0,0,14,0,8,0,4,0,0,0,26,0,26
639,D&N Haveli,Insult to Modesty of Women,0,0,1,0,0,0,0,0,0,0,1,0,1
640,Daman & Diu,Insult to Modesty of Women,0,0,0,0,0,0,0,0,0,0,0,0,0
641,Delhi UT,Insult to Modesty of Women,23,0,751,12,211,4,36,4,5,0,1026,20,1046
642,Lakshadweep,Insult to Modesty of Women,0,0,0,0,0,0,0,0,0,0,0,0,0
643,Puducherry,Insult to Modesty of Women,0,0,5,0,1,0,0,0,0,0,6,0,6
644,Total (UTs),Insult to Modesty of Women,23,0,776,12,226,4,40,4,5,0,1070,20,1090
645,Total (All-India),Insult to Modesty of Women,382,5,8512,149,4331,134,1047,56,115,8,14387,352,14739
646,Andhra Pradesh,K & A of others,11,1,337,54,300,10,64,0,14,0,726,65,791
647,Arunachal Pradesh,K & A of others,0,0,10,0,12,0,7,0,0,0,29,0,29
648,Assam,K & A of others,9,1,297,4,334,4,61,1,5,0,706,10,716
649,Bihar,K & A of others,29,3,1113,20,806,31,316,7,36,0,2300,61,2361
650,Chhattisgarh,K & A of others,10,1,81,2,33,3,9,3,2,0,135,9,144
651,Goa,K & A of others,0,0,15,1,11,1,0,0,0,0,26,2,28
652,Gujarat,K & A of others,9,6,262,7,171,4,49,1,2,0,493,18,511
653,Haryana,K & A of others,1,0,244,18,190,15,30,1,0,0,465,34,499
654,Himachal Pradesh,K & A of others,0,0,4,0,1,1,1,0,0,0,6,1,7
655,Jammu & Kashmir,K & A of others,0,0,36,0,32,0,7,0,0,0,75,0,75
656,Jharkhand,K & A of others,5,3,238,3,134,5,20,1,0,0,397,12,409
657,Karnataka,K & A of others,1,0,208,12,185,7,95,2,13,0,502,21,523
658,Kerala,K & A of others,0,0,79,0,74,2,11,0,0,0,164,2,166
659,Madhya Pradesh,K & A of others,5,5,229,5,154,3,46,1,2,0,436,14,450
660,Maharashtra,K & A of others,20,1,439,17,278,13,53,7,6,1,796,39,835
661,Manipur,K & A of others,0,0,15,0,15,0,2,0,0,0,32,0,32
662,Meghalaya,K & A of others,1,0,47,1,51,1,10,1,0,0,109,3,112
663,Mizoram,K & A of others,0,0,4,0,3,0,0,0,0,0,7,0,7
664,Nagaland,K & A of others,0,0,16,0,11,1,1,0,0,0,28,1,29
665,Odisha,K & A of others,4,0,115,3,109,8,34,0,0,0,262,11,273
666,Punjab,K & A of others,0,0,101,11,111,7,41,3,2,0,255,21,276
667,Rajasthan,K & A of others,9,0,330,0,257,2,68,0,1,1,665,3,668
668,Sikkim,K & A of others,0,0,0,0,0,0,0,0,0,0,0,0,0
669,Tamil Nadu,K & A of others,6,0,201,4,205,7,45,1,2,1,459,13,472
670,Tripura,K & A of others,2,0,16,0,13,0,3,0,1,0,35,0,35
671,Uttar Pradesh,K & A of others,6,0,1663,22,725,15,143,0,8,0,2545,37,2582
672,Uttarakhand,K & A of others,0,0,17,1,13,0,2,0,0,0,32,1,33
673,West Bengal,K & A of others,7,2,140,17,352,18,191,12,6,0,696,49,745
674,Total (State),K & A of others,135,23,6257,202,4580,158,1309,41,100,3,12381,427,12808
675,A&N Islands,K & A of others,0,0,0,0,0,0,0,0,0,0,0,0,0
676,Chandigarh,K & A of others,0,0,11,0,10,0,6,0,0,0,27,0,27
677,D&N Haveli,K & A of others,0,0,0,0,0,0,0,0,0,0,0,0,0
678,Daman & Diu,K & A of others,0,0,3,0,1,0,0,0,0,0,4,0,4
679,Delhi UT,K & A of others,5,2,157,2,36,0,1,0,0,0,199,4,203
680,Lakshadweep,K & A of others,0,0,0,0,0,0,0,0,0,0,0,0,0
681,Puducherry,K & A of others,0,0,3,0,2,0,0,0,0,0,5,0,5
682,Total (UTs),K & A of others,5,2,174,2,49,0,7,0,0,0,235,4,239
683,Total (All-India),K & A of others,140,25,6431,204,4629,158,1316,41,100,3,12616,431,13047
684,Andhra Pradesh,K & A of Women and Girls,42,0,993,50,515,59,124,16,12,0,1686,125,1811
685,Arunachal Pradesh,K & A of Women and Girls,0,0,49,0,58,0,3,0,0,0,110,0,110
686,Assam,K & A of Women and Girls,69,0,1242,14,1829,35,332,0,10,0,3482,49,3531
687,Bihar,K & A of Women and Girls,123,2,2666,173,1351,104,432,37,37,0,4609,316,4925
688,Chhattisgarh,K & A of Women and Girls,36,3,359,12,63,6,18,1,0,0,476,22,498
689,Goa,K & A of Women and Girls,3,1,15,7,3,0,0,0,0,0,21,8,29
690,Gujarat,K & A of Women and Girls,65,8,1538,55,653,67,191,32,35,2,2482,164,2646
691,Haryana,K & A of Women and Girls,41,0,678,14,271,15,42,3,3,0,1035,32,1067
692,Himachal Pradesh,K & A of Women and Girls,3,0,89,3,28,6,1,1,0,0,121,10,131
693,Jammu & Kashmir,K & A of Women and Girls,0,0,330,16,234,15,91,0,0,0,655,31,686
694,Jharkhand,K & A of Women and Girls,14,31,506,20,375,16,136,11,2,0,1033,78,1111
695,Karnataka,K & A of Women and Girls,5,0,429,10,303,37,95,14,8,1,840,62,902
696,Kerala,K & A of Women and Girls,7,0,163,4,48,6,12,3,0,0,230,13,243
697,Madhya Pradesh,K & A of Women and Girls,97,4,1120,14,430,19,171,3,2,0,1820,40,1860
698,Maharashtra,K & A of Women and Girls,91,8,1345,86,485,144,140,52,17,5,2078,295,2373
699,Manipur,K & A of Women and Girls,0,0,55,5,29,2,11,6,6,1,101,14,115
700,Meghalaya,K & A of Women and Girls,6,0,21,1,3,1,0,0,0,0,30,2,32
701,Mizoram,K & A of Women and Girls,0,0,5,1,0,0,0,0,0,0,5,1,6
702,Nagaland,K & A of Women and Girls,0,0,14,0,5,2,1,0,0,0,20,2,22
703,Odisha,K & A of Women and Girls,10,1,1017,24,452,42,107,3,5,0,1591,70,1661
704,Punjab,K & A of Women and Girls,17,1,447,55,261,44,82,12,1,0,808,112,920
705,Rajasthan,K & A of Women and Girls,87,1,1009,60,387,45,139,3,5,0,1627,109,1736
706,Sikkim,K & A of Women and Girls,0,0,14,0,11,0,0,0,0,0,25,0,25
707,Tamil Nadu,K & A of Women and Girls,13,0,741,26,435,71,181,15,7,1,1377,113,1490
708,Tripura,K & A of Women and Girls,1,0,134,0,56,0,1,0,0,0,192,0,192
709,Uttar Pradesh,K & A of Women and Girls,109,5,15588,219,5522,197,1661,45,52,7,22932,473,23405
710,Uttarakhand,K & A of Women and Girls,23,0,149,8,73,10,17,3,0,0,262,21,283
711,West Bengal,K & A of Women and Girls,66,5,1195,100,1914,189,615,92,42,4,3832,390,4222
712,Total (State),K & A of Women and Girls,928,70,31911,977,15794,1132,4603,352,244,21,53480,2552,56032
713,A&N Islands,K & A of Women and Girls,0,0,5,0,4,0,0,0,0,0,9,0,9
714,Chandigarh,K & A of Women and Girls,8,0,38,1,31,1,15,1,0,0,92,3,95
715,D&N Haveli,K & A of Women and Girls,0,0,4,0,0,0,0,0,0,0,4,0,4
716,Daman & Diu,K & A of Women and Girls,1,0,3,0,0,0,0,0,0,0,4,0,4
717,Delhi UT,K & A of Women and Girls,58,0,445,14,71,18,3,4,1,0,578,36,614
718,Lakshadweep,K & A of Women and Girls,0,0,0,0,0,0,0,0,0,0,0,0,0
719,Puducherry,K & A of Women and Girls,0,0,6,0,0,0,0,0,0,0,6,0,6
720,Total (UTs),K & A of Women and Girls,67,0,501,15,106,19,18,5,1,0,693,39,732
721,Total (All-India),K & A of Women and Girls,995,70,32412,992,15900,1151,4621,357,245,21,54173,2591,56764
722,Andhra Pradesh,Kidnapping & Abduction,53,1,1330,104,815,69,188,16,26,0,2412,190,2602
723,Arunachal Pradesh,Kidnapping & Abduction,0,0,59,0,70,0,10,0,0,0,139,0,139
724,Assam,Kidnapping & Abduction,78,1,1539,18,2163,39,393,1,15,0,4188,59,4247
725,Bihar,Kidnapping & Abduction,152,5,3779,193,2157,135,748,44,73,0,6909,377,7286
726,Chhattisgarh,Kidnapping & Abduction,46,4,440,14,96,9,27,4,2,0,611,31,642
727,Goa,Kidnapping & Abduction,3,1,30,8,14,1,0,0,0,0,47,10,57
728,Gujarat,Kidnapping & Abduction,74,14,1800,62,824,71,240,33,37,2,2975,182,3157
729,Haryana,Kidnapping & Abduction,42,0,922,32,461,30,72,4,3,0,1500,66,1566
730,Himachal Pradesh,Kidnapping & Abduction,3,0,93,3,29,7,2,1,0,0,127,11,138
731,Jammu & Kashmir,Kidnapping & Abduction,0,0,366,16,266,15,98,0,0,0,730,31,761
732,Jharkhand,Kidnapping & Abduction,19,34,744,23,509,21,156,12,2,0,1430,90,1520
733,Karnataka,Kidnapping & Abduction,6,0,637,22,488,44,190,16,21,1,1342,83,1425
734,Kerala,Kidnapping & Abduction,7,0,242,4,122,8,23,3,0,0,394,15,409
735,Madhya Pradesh,Kidnapping & Abduction,102,9,1349,19,584,22,217,4,4,0,2256,54,2310
736,Maharashtra,Kidnapping & Abduction,111,9,1784,103,763,157,193,59,23,6,2874,334,3208
737,Manipur,Kidnapping & Abduction,0,0,70,5,44,2,13,6,6,1,133,14,147
738,Meghalaya,Kidnapping & Abduction,7,0,68,2,54,2,10,1,0,0,139,5,144
739,Mizoram,Kidnapping & Abduction,0,0,9,1,3,0,0,0,0,0,12,1,13
740,Nagaland,Kidnapping & Abduction,0,0,30,0,16,3,2,0,0,0,48,3,51
741,Odisha,Kidnapping & Abduction,14,1,1132,27,561,50,141,3,5,0,1853,81,1934
742,Punjab,Kidnapping & Abduction,17,1,548,66,372,51,123,15,3,0,1063,133,1196
743,Rajasthan,Kidnapping & Abduction,96,1,1339,60,644,47,207,3,6,1,2292,112,2404
744,Sikkim,Kidnapping & Abduction,0,0,14,0,11,0,0,0,0,0,25,0,25
745,Tamil Nadu,Kidnapping & Abduction,19,0,942,30,640,78,226,16,9,2,1836,126,1962
746,Tripura,Kidnapping & Abduction,3,0,150,0,69,0,4,0,1,0,227,0,227
747,Uttar Pradesh,Kidnapping & Abduction,115,5,17251,241,6247,212,1804,45,60,7,25477,510,25987
748,Uttarakhand,Kidnapping & Abduction,23,0,166,9,86,10,19,3,0,0,294,22,316
749,West Bengal,Kidnapping & Abduction,73,7,1335,117,2266,207,806,104,48,4,4528,439,4967
750,Total (State),Kidnapping & Abduction,1063,93,38168,1179,20374,1290,5912,393,344,24,65861,2979,68840
751,A&N Islands,Kidnapping & Abduction,0,0,5,0,4,0,0,0,0,0,9,0,9
752,Chandigarh,Kidnapping & Abduction,8,0,49,1,41,1,21,1,0,0,119,3,122
753,D&N Haveli,Kidnapping & Abduction,0,0,4,0,0,0,0,0,0,0,4,0,4
754,Daman & Diu,Kidnapping & Abduction,1,0,6,0,1,0,0,0,0,0,8,0,8
755,Delhi UT,Kidnapping & Abduction,63,2,602,16,107,18,4,4,1,0,777,40,817
756,Lakshadweep,Kidnapping & Abduction,0,0,0,0,0,0,0,0,0,0,0,0,0
757,Puducherry,Kidnapping & Abduction,0,0,9,0,2,0,0,0,0,0,11,0,11
758,Total (UTs),Kidnapping & Abduction,72,2,675,17,155,19,25,5,1,0,928,43,971
759,Total (All-India),Kidnapping & Abduction,1135,95,38843,1196,20529,1309,5937,398,345,24,66789,3022,69811
760,Andhra Pradesh,Murder,72,4,1950,170,1896,209,561,86,74,11,4553,480,5033
761,Arunachal Pradesh,Murder,0,0,22,0,62,0,2,0,0,0,86,0,86
762,Assam,Murder,23,0,536,14,830,13,168,3,3,0,1560,30,1590
763,Bihar,Murder,66,7,2923,103,2154,108,923,47,104,4,6170,269,6439
764,Chhattisgarh,Murder,54,4,539,28,538,34,220,17,18,1,1369,84,1453
765,Goa,Murder,1,0,35,0,24,2,8,1,3,0,71,3,74
766,Gujarat,Murder,53,3,893,45,767,69,296,32,32,7,2041,156,2197
767,Haryana,Murder,46,2,744,39,772,40,266,17,37,3,1865,101,1966
768,Himachal Pradesh,Murder,3,0,66,4,48,9,14,1,3,0,134,14,148
769,Jammu & Kashmir,Murder,6,0,76,8,108,10,39,4,1,0,230,22,252
770,Jharkhand,Murder,23,0,966,33,605,41,165,0,0,0,1759,74,1833
771,Karnataka,Murder,29,3,1037,91,1237,134,458,67,69,16,2830,311,3141
772,Kerala,Murder,7,0,298,9,253,17,90,14,13,2,661,42,703
773,Madhya Pradesh,Murder,153,4,1925,133,1523,135,685,52,89,5,4375,329,4704
774,Maharashtra,Murder,189,12,2507,164,1540,198,593,112,96,22,4925,508,5433
775,Manipur,Murder,3,0,38,3,26,0,10,1,1,0,78,4,82
776,Meghalaya,Murder,9,0,76,9,50,3,18,1,0,0,153,13,166
777,Mizoram,Murder,1,0,13,0,12,0,3,0,3,0,32,0,32
778,Nagaland,Murder,0,0,29,0,18,1,3,0,0,0,50,1,51
779,Odisha,Murder,35,0,725,116,810,148,293,47,25,1,1888,312,2200
780,Punjab,Murder,15,4,401,59,442,66,226,22,7,1,1091,152,1243
781,Rajasthan,Murder,70,6,723,58,766,49,285,24,39,6,1883,143,2026
782,Sikkim,Murder,0,0,7,2,5,1,3,0,0,0,15,3,18
783,Tamil Nadu,Murder,64,1,1871,99,1467,165,682,47,50,10,4134,322,4456
784,Tripura,Murder,3,0,65,3,87,10,33,1,5,2,193,16,209
785,Uttar Pradesh,Murder,116,10,7421,142,4729,146,2060,33,127,0,14453,331,14784
786,Uttarakhand,Murder,5,1,90,4,75,15,29,5,1,0,200,25,225
787,West Bengal,Murder,36,2,1219,57,1198,91,593,48,29,5,3075,203,3278
788,Total (State),Murder,1082,63,27195,1393,22042,1714,8726,682,829,96,59874,3948,63822
789,A&N Islands,Murder,0,0,4,0,2,1,2,0,0,0,8,1,9
790,Chandigarh,Murder,5,0,14,1,8,1,4,1,0,0,31,3,34
791,D&N Haveli,Murder,0,0,2,0,1,0,0,0,1,0,4,0,4
792,Daman & Diu,Murder,0,0,7,0,2,0,0,0,0,0,9,0,9
793,Delhi UT,Murder,76,0,501,15,193,11,41,4,0,1,811,31,842
794,Lakshadweep,Murder,0,0,0,0,0,0,0,0,0,0,0,0,0
795,Puducherry,Murder,4,0,63,4,18,2,1,0,1,0,87,6,93
796,Total (UTs),Murder,85,0,591,20,224,15,48,5,2,1,950,41,991
797,Total (All-India),Murder,1167,63,27786,1413,22266,1729,8774,687,831,97,60824,3989,64813
798,Andhra Pradesh,Other IPC Crimes,333,30,31441,2051,28705,2434,14911,1176,2024,109,77414,5800,83214
799,Arunachal Pradesh,Other IPC Crimes,1,0,476,10,233,0,105,0,6,0,821,10,831
800,Assam,Other IPC Crimes,102,1,10755,203,14214,109,2997,7,58,0,28126,320,28446
801,Bihar,Other IPC Crimes,279,7,41131,2195,29253,1913,13159,1064,1937,47,85759,5226,90985
802,Chhattisgarh,Other IPC Crimes,527,41,12689,434,11500,534,5123,232,550,40,30389,1281,31670
803,Goa,Other IPC Crimes,2,0,424,7,335,23,156,15,36,3,953,48,1001
804,Gujarat,Other IPC Crimes,371,33,49019,1921,47585,2179,16415,1041,1302,182,114692,5356,120048
805,Haryana,Other IPC Crimes,345,3,10845,188,10706,219,4147,98,573,18,26616,526,27142
806,Himachal Pradesh,Other IPC Crimes,67,0,3355,363,3709,636,1219,282,246,75,8596,1356,9952
807,Jammu & Kashmir,Other IPC Crimes,43,2,6858,618,7761,634,4114,369,287,32,19063,1655,20718
808,Jharkhand,Other IPC Crimes,44,0,9423,363,6589,363,2668,66,42,12,18766,804,19570
809,Karnataka,Other IPC Crimes,50,3,19551,849,21914,1241,10213,576,1396,140,53124,2809,55933
810,Kerala,Other IPC Crimes,146,0,55481,456,43810,494,20816,248,2367,53,122620,1251,123871
811,Madhya Pradesh,Other IPC Crimes,2712,172,79014,3089,56012,3293,29001,1249,3976,325,170715,8128,178843
812,Maharashtra,Other IPC Crimes,574,41,27751,2585,22685,2340,10541,1228,1560,210,63111,6404,69515
813,Manipur,Other IPC Crimes,0,0,130,5,126,12,33,4,6,0,295,21,316
814,Meghalaya,Other IPC Crimes,25,5,492,19,306,10,74,2,12,0,909,36,945
815,Mizoram,Other IPC Crimes,3,0,123,11,81,11,37,9,1,0,245,31,276
816,Nagaland,Other IPC Crimes,1,0,126,3,104,2,31,0,2,0,264,5,269
817,Odisha,Other IPC Crimes,284,5,10557,1352,10565,1158,4342,801,264,63,26012,3379,29391
818,Punjab,Other IPC Crimes,64,0,5285,234,4769,322,2192,100,75,6,12385,662,13047
819,Rajasthan,Other IPC Crimes,901,27,36634,2571,31681,2833,16873,1320,1864,153,87953,6904,94857
820,Sikkim,Other IPC Crimes,0,0,160,29,112,3,78,0,45,0,395,32,427
821,Tamil Nadu,Other IPC Crimes,396,2,51790,4239,51269,3879,21786,1384,1686,114,126927,9618,136545
822,Tripura,Other IPC Crimes,8,0,831,69,606,48,143,9,14,0,1602,126,1728
823,Uttar Pradesh,Other IPC Crimes,220,8,79815,952,52271,961,26092,557,1870,11,160268,2489,162757
824,Uttarakhand,Other IPC Crimes,36,4,1015,57,1084,68,486,27,24,7,2645,163,2808
825,West Bengal,Other IPC Crimes,211,8,18966,2256,27536,1901,10919,1261,601,63,58233,5489,63722
826,Total (State),Other IPC Crimes,7745,392,564137,27129,485521,27620,218671,13125,22824,1663,1298898,69929,1368827
827,A&N Islands,Other IPC Crimes,1,0,193,12,149,12,59,1,13,0,415,25,440
828,Chandigarh,Other IPC Crimes,14,0,486,21,492,12,134,8,0,0,1126,41,1167
829,D&N Haveli,Other IPC Crimes,0,0,107,0,65,0,24,2,2,0,198,2,200
830,Daman & Diu,Other IPC Crimes,2,0,51,2,18,0,0,0,1,0,72,2,74
831,Delhi UT,Other IPC Crimes,479,3,12809,362,6540,366,1911,94,186,16,21925,841,22766
832,Lakshadweep,Other IPC Crimes,0,0,8,0,5,0,0,0,0,0,13,0,13
833,Puducherry,Other IPC Crimes,13,3,858,74,637,32,205,9,18,1,1731,119,1850
834,Total (UTs),Other IPC Crimes,509,6,14512,471,7906,422,2333,114,220,17,25480,1030,26510
835,Total (All-India),Other IPC Crimes,8254,398,578649,27600,493427,28042,221004,13239,23044,1680,1324378,70959,1395337
836,Andhra Pradesh,Other Rape,115,0,1148,36,468,36,127,11,19,0,1877,83,1960
837,Arunachal Pradesh,Other Rape,0,0,75,0,26,0,5,0,0,0,106,0,106
838,Assam,Other Rape,49,0,730,0,843,0,113,0,10,0,1745,0,1745
839,Bihar,Other Rape,66,0,695,0,327,0,65,0,3,0,1156,0,1156
840,Chhattisgarh,Other Rape,135,0,1021,10,345,9,95,5,17,0,1613,24,1637
841,Goa,Other Rape,1,0,58,0,27,3,8,2,4,0,98,5,103
842,Gujarat,Other Rape,27,0,646,13,244,18,69,7,3,0,989,38,1027
843,Haryana,Other Rape,51,1,801,12,395,13,100,5,19,1,1366,32,1398
844,Himachal Pradesh,Other Rape,15,0,179,8,68,4,21,2,2,0,285,14,299
845,Jammu & Kashmir,Other Rape,5,0,206,4,134,2,50,3,0,0,395,9,404
846,Jharkhand,Other Rape,36,0,776,2,260,4,49,7,1,0,1122,13,1135
847,Karnataka,Other Rape,16,2,635,10,421,27,111,18,16,2,1199,59,1258
848,Kerala,Other Rape,34,0,590,5,464,16,200,6,42,1,1330,28,1358
849,Madhya Pradesh,Other Rape,361,5,3413,63,1446,65,454,19,50,3,5724,155,5879
850,Maharashtra,Other Rape,220,6,2423,76,1037,119,258,53,43,8,3981,262,4243
851,Manipur,Other Rape,2,0,22,0,8,0,5,0,0,0,37,0,37
852,Meghalaya,Other Rape,23,0,99,1,42,0,22,0,3,0,189,1,190
853,Mizoram,Other Rape,9,0,25,0,39,0,14,0,2,0,89,0,89
854,Nagaland,Other Rape,0,0,18,0,17,1,4,0,1,0,40,1,41
855,Odisha,Other Rape,98,0,1091,24,636,45,173,9,4,0,2002,78,2080
856,Punjab,Other Rape,16,1,584,28,296,42,73,8,0,0,969,79,1048
857,Rajasthan,Other Rape,206,2,1541,26,790,14,189,4,11,0,2737,46,2783
858,Sikkim,Other Rape,0,0,25,0,16,0,2,0,0,0,43,0,43
859,Tamil Nadu,Other Rape,32,0,694,10,325,11,87,13,20,1,1158,35,1193
860,Tripura,Other Rape,12,1,200,3,94,0,43,1,2,0,351,5,356
861,Uttar Pradesh,Other Rape,219,1,3815,12,1309,17,213,1,0,0,5556,31,5587
862,Uttarakhand,Other Rape,15,0,127,2,108,4,32,0,1,0,283,6,289
863,West Bengal,Other Rape,119,0,987,0,1150,0,405,0,13,0,2674,0,2674
864,Total (State),Other Rape,1882,19,22624,345,11335,450,2987,174,286,16,39114,1004,40118
865,A&N Islands,Other Rape,2,0,19,0,12,0,3,0,0,0,36,0,36
866,Chandigarh,Other Rape,3,0,18,3,14,1,9,1,0,0,44,5,49
867,D&N Haveli,Other Rape,2,0,5,0,2,0,0,0,0,0,9,0,9
868,Daman & Diu,Other Rape,0,0,10,0,0,0,0,0,0,0,10,0,10
869,Delhi UT,Other Rape,162,1,1163,29,368,30,79,5,13,1,1785,66,1851
870,Lakshadweep,Other Rape,0,0,2,0,2,0,0,0,0,0,4,0,4
871,Puducherry,Other Rape,3,0,23,0,4,0,3,0,0,0,33,0,33
872,Total (UTs),Other Rape,172,1,1240,32,402,31,94,6,13,1,1921,71,1992
873,Total (All-India),Other Rape,2054,20,23864,377,11737,481,3081,180,299,17,41035,1075,42110
874,Andhra Pradesh,Other Theft,665,18,8838,473,5623,416,1782,84,64,18,16972,1009,17981
875,Arunachal Pradesh,Other Theft,50,0,197,1,75,0,18,0,0,0,340,1,341
876,Assam,Other Theft,176,6,2280,8,2850,22,669,2,17,0,5992,38,6030
877,Bihar,Other Theft,253,0,5127,22,4804,48,1809,7,31,0,12024,77,12101
878,Chhattisgarh,Other Theft,221,3,1155,29,561,20,122,9,11,4,2070,65,2135
879,Goa,Other Theft,26,0,177,21,104,20,25,10,4,1,336,52,388
880,Gujarat,Other Theft,211,18,3151,72,1777,73,382,12,35,2,5556,177,5733
881,Haryana,Other Theft,67,1,1530,35,1039,51,238,9,14,2,2888,98,2986
882,Himachal Pradesh,Other Theft,22,0,298,11,167,15,43,9,5,1,535,36,571
883,Jammu & Kashmir,Other Theft,12,0,542,8,729,16,444,1,35,0,1762,25,1787
884,Jharkhand,Other Theft,60,1,1013,39,769,34,212,7,0,0,2054,81,2135
885,Karnataka,Other Theft,51,1,2072,61,1319,62,490,34,79,1,4011,159,4170
886,Kerala,Other Theft,143,4,1018,155,842,117,367,27,27,3,2397,306,2703
887,Madhya Pradesh,Other Theft,402,15,4411,79,2206,70,784,15,46,5,7849,184,8033
888,Maharashtra,Other Theft,1168,57,14827,625,7444,461,2212,147,205,26,25856,1316,27172
889,Manipur,Other Theft,0,0,59,2,36,1,6,1,0,0,101,4,105
890,Meghalaya,Other Theft,22,3,180,3,64,3,35,0,0,0,301,9,310
891,Mizoram,Other Theft,55,3,380,23,141,1,20,0,0,0,596,27,623
892,Nagaland,Other Theft,4,0,121,0,39,0,6,0,1,0,171,0,171
893,Odisha,Other Theft,245,1,3137,56,2372,49,557,14,64,0,6375,120,6495
894,Punjab,Other Theft,33,1,1167,69,967,85,444,8,6,0,2617,163,2780
895,Rajasthan,Other Theft,268,5,2322,92,1337,81,345,25,31,4,4303,207,4510
896,Sikkim,Other Theft,12,0,55,0,30,0,12,0,0,0,109,0,109
897,Tamil Nadu,Other Theft,391,16,4656,189,2525,245,1004,79,96,23,8672,552,9224
898,Tripura,Other Theft,57,0,215,0,119,0,27,0,5,0,423,0,423
899,Uttar Pradesh,Other Theft,224,11,8061,56,4474,60,1544,27,40,0,14343,154,14497
900,Uttarakhand,Other Theft,53,12,335,2,208,1,57,0,0,0,653,15,668
901,West Bengal,Other Theft,110,9,5135,455,3976,596,1798,170,107,0,11126,1230,12356
902,Total (State),Other Theft,5001,185,72459,2586,46597,2547,15452,697,923,90,140432,6105,146537
903,A&N Islands,Other Theft,0,0,16,2,6,0,1,0,0,0,23,2,25
904,Chandigarh,Other Theft,24,0,219,32,227,16,4,2,0,0,474,50,524
905,D&N Haveli,Other Theft,18,0,45,0,52,0,12,1,0,0,127,1,128
906,Daman & Diu,Other Theft,1,0,8,0,6,0,1,0,0,0,16,0,16
907,Delhi UT,Other Theft,359,12,3122,87,1222,45,191,10,3,1,4897,155,5052
908,Lakshadweep,Other Theft,0,0,0,0,0,0,0,0,0,0,0,0,0
909,Puducherry,Other Theft,10,0,103,5,30,7,8,2,1,0,152,14,166
910,Total (UTs),Other Theft,412,12,3513,126,1543,68,217,15,4,1,5689,222,5911
911,Total (All-India),Other Theft,5413,197,75972,2712,48140,2615,15669,712,927,91,146121,6327,152448
912,Andhra Pradesh,Preparation & Assembly for Dacoity,2,0,19,0,13,0,0,0,0,0,34,0,34
913,Arunachal Pradesh,Preparation & Assembly for Dacoity,0,0,0,0,0,0,0,0,0,0,0,0,0
914,Assam,Preparation & Assembly for Dacoity,0,0,14,0,20,0,0,0,0,0,34,0,34
915,Bihar,Preparation & Assembly for Dacoity,3,0,224,0,115,0,8,0,5,0,355,0,355
916,Chhattisgarh,Preparation & Assembly for Dacoity,0,0,16,0,12,0,2,0,0,0,30,0,30
917,Goa,Preparation & Assembly for Dacoity,0,0,0,0,0,0,0,0,0,0,0,0,0
918,Gujarat,Preparation & Assembly for Dacoity,2,0,95,0,33,0,6,0,0,0,136,0,136
919,Haryana,Preparation & Assembly for Dacoity,8,0,298,0,141,0,10,0,0,0,457,0,457
920,Himachal Pradesh,Preparation & Assembly for Dacoity,0,0,0,0,0,0,0,0,0,0,0,0,0
921,Jammu & Kashmir,Preparation & Assembly for Dacoity,0,0,0,0,0,0,0,0,0,0,0,0,0
922,Jharkhand,Preparation & Assembly for Dacoity,1,0,106,0,24,0,5,0,0,0,136,0,136
923,Karnataka,Preparation & Assembly for Dacoity,7,0,1779,6,559,1,84,0,6,0,2435,7,2442
924,Kerala,Preparation & Assembly for Dacoity,1,0,301,0,333,0,91,0,7,0,733,0,733
925,Madhya Pradesh,Preparation & Assembly for Dacoity,4,0,528,0,334,1,171,0,0,0,1037,1,1038
926,Maharashtra,Preparation & Assembly for Dacoity,32,0,936,0,321,0,37,0,0,0,1326,0,1326
927,Manipur,Preparation & Assembly for Dacoity,0,0,98,1,85,4,18,1,1,0,202,6,208
928,Meghalaya,Preparation & Assembly for Dacoity,0,0,2,0,0,0,0,0,0,0,2,0,2
929,Mizoram,Preparation & Assembly for Dacoity,0,0,0,0,0,0,0,0,0,0,0,0,0
930,Nagaland,Preparation & Assembly for Dacoity,0,0,0,0,0,0,0,0,0,0,0,0,0
931,Odisha,Preparation & Assembly for Dacoity,2,0,415,0,229,0,8,0,0,0,654,0,654
932,Punjab,Preparation & Assembly for Dacoity,22,0,396,0,210,0,50,0,0,0,678,0,678
933,Rajasthan,Preparation & Assembly for Dacoity,2,0,209,0,85,1,7,0,0,0,303,1,304
934,Sikkim,Preparation & Assembly for Dacoity,0,0,0,0,0,0,0,0,0,0,0,0,0
935,Tamil Nadu,Preparation & Assembly for Dacoity,2,0,150,0,120,0,37,0,0,0,309,0,309
936,Tripura,Preparation & Assembly for Dacoity,0,0,0,0,2,0,0,0,0,0,2,0,2
937,Uttar Pradesh,Preparation & Assembly for Dacoity,0,0,272,0,96,0,12,0,0,0,380,0,380
938,Uttarakhand,Preparation & Assembly for Dacoity,6,0,14,0,22,0,0,0,0,0,42,0,42
939,West Bengal,Preparation & Assembly for Dacoity,17,0,2248,3,1352,0,381,0,0,0,3998,3,4001
940,Total (State),Preparation & Assembly for Dacoity,111,0,8120,10,4106,7,927,1,19,0,13283,18,13301
941,A&N Islands,Preparation & Assembly for Dacoity,0,0,0,0,0,0,0,0,0,0,0,0,0
942,Chandigarh,Preparation & Assembly for Dacoity,0,0,4,0,0,0,0,0,0,0,4,0,4
943,D&N Haveli,Preparation & Assembly for Dacoity,0,0,0,0,0,0,0,0,0,0,0,0,0
944,Daman & Diu,Preparation & Assembly for Dacoity,0,0,0,0,0,0,0,0,0,0,0,0,0
945,Delhi UT,Preparation & Assembly for Dacoity,0,0,19,0,2,0,0,0,0,0,21,0,21
946,Lakshadweep,Preparation & Assembly for Dacoity,0,0,0,0,0,0,0,0,0,0,0,0,0
947,Puducherry,Preparation & Assembly for Dacoity,0,0,34,0,7,0,0,0,0,0,41,0,41
948,Total (UTs),Preparation & Assembly for Dacoity,0,0,57,0,9,0,0,0,0,0,66,0,66
949,Total (All-India),Preparation & Assembly for Dacoity,111,0,8177,10,4115,7,927,1,19,0,13349,18,13367
950,Andhra Pradesh,Rape,115,0,1148,36,468,36,127,11,19,0,1877,83,1960
951,Arunachal Pradesh,Rape,0,0,75,0,26,0,5,0,0,0,106,0,106
952,Assam,Rape,49,0,730,0,843,0,113,0,10,0,1745,0,1745
953,Bihar,Rape,66,0,695,0,327,0,65,0,3,0,1156,0,1156
954,Chhattisgarh,Rape,135,0,1021,10,345,9,95,5,17,0,1613,24,1637
955,Goa,Rape,1,0,58,0,27,3,8,2,4,0,98,5,103
956,Gujarat,Rape,27,0,646,13,244,18,69,7,3,0,989,38,1027
957,Haryana,Rape,51,1,801,12,395,13,100,5,19,1,1366,32,1398
958,Himachal Pradesh,Rape,15,0,179,8,68,4,21,2,2,0,285,14,299
959,Jammu & Kashmir,Rape,5,0,206,4,134,2,50,3,0,0,395,9,404
960,Jharkhand,Rape,36,0,776,2,260,4,49,7,1,0,1122,13,1135
961,Karnataka,Rape,16,2,636,11,423,28,111,18,16,2,1202,61,1263
962,Kerala,Rape,34,0,590,5,464,16,200,6,42,1,1330,28,1358
963,Madhya Pradesh,Rape,361,5,3413,63,1446,65,454,19,50,3,5724,155,5879
964,Maharashtra,Rape,220,6,2423,76,1037,119,258,53,43,8,3981,262,4243
965,Manipur,Rape,2,0,22,0,8,0,5,0,0,0,37,0,37
966,Meghalaya,Rape,23,0,99,1,42,0,22,0,3,0,189,1,190
967,Mizoram,Rape,9,0,25,0,39,0,14,0,2,0,89,0,89
968,Nagaland,Rape,0,0,18,0,17,1,4,0,1,0,40,1,41
969,Odisha,Rape,98,0,1091,24,636,45,173,9,4,0,2002,78,2080
970,Punjab,Rape,16,1,584,28,296,42,73,8,0,0,969,79,1048
971,Rajasthan,Rape,206,2,1541,26,790,14,189,4,11,0,2737,46,2783
972,Sikkim,Rape,0,0,25,0,16,0,2,0,0,0,43,0,43
973,Tamil Nadu,Rape,32,0,694,10,325,11,87,13,20,1,1158,35,1193
974,Tripura,Rape,12,1,200,3,94,0,43,1,2,0,351,5,356
975,Uttar Pradesh,Rape,219,1,3815,12,1309,17,213,1,0,0,5556,31,5587
976,Uttarakhand,Rape,15,0,127,2,108,4,32,0,1,0,283,6,289
977,West Bengal,Rape,119,0,987,0,1150,0,405,0,13,0,2674,0,2674
978,Total (State),Rape,1882,19,22625,346,11337,451,2987,174,286,16,39117,1006,40123
979,A&N Islands,Rape,2,0,19,0,12,0,3,0,0,0,36,0,36
980,Chandigarh,Rape,3,0,18,3,14,1,9,1,0,0,44,5,49
981,D&N Haveli,Rape,2,0,5,0,2,0,0,0,0,0,9,0,9
982,Daman & Diu,Rape,0,0,10,0,0,0,0,0,0,0,10,0,10
983,Delhi UT,Rape,162,1,1163,29,368,30,79,5,13,1,1785,66,1851
984,Lakshadweep,Rape,0,0,2,0,2,0,0,0,0,0,4,0,4
985,Puducherry,Rape,3,0,23,0,4,0,3,0,0,0,33,0,33
986,Total (UTs),Rape,172,1,1240,32,402,31,94,6,13,1,1921,71,1992
987,Total (All-India),Rape,2054,20,23865,378,11739,482,3081,180,299,17,41038,1077,42115
988,Andhra Pradesh,Riots,78,4,5265,320,4424,268,1845,79,237,10,11849,681,12530
989,Arunachal Pradesh,Riots,0,0,75,1,36,3,5,0,0,0,116,4,120
990,Assam,Riots,24,0,3029,41,4364,64,692,0,103,0,8212,105,8317
991,Bihar,Riots,223,4,30192,1040,20404,814,9394,452,573,12,60786,2322,63108
992,Chhattisgarh,Riots,61,11,2038,103,1662,155,655,60,92,10,4508,339,4847
993,Goa,Riots,3,0,143,13,162,20,33,10,18,4,359,47,406
994,Gujarat,Riots,103,7,5249,292,4137,342,1567,163,230,17,11286,821,12107
995,Haryana,Riots,84,0,2527,90,2573,115,842,26,119,7,6145,238,6383
996,Himachal Pradesh,Riots,13,4,883,100,700,172,300,75,50,14,1946,365,2311
997,Jammu & Kashmir,Riots,28,0,2486,203,2500,244,1516,159,216,10,6746,616,7362
998,Jharkhand,Riots,42,7,3481,130,2232,130,1063,34,95,0,6913,301,7214
999,Karnataka,Riots,16,0,9496,815,12136,1452,5138,694,826,146,27612,3107,30719
1000,Kerala,Riots,313,0,20714,350,16559,504,7625,244,703,5,45914,1103,47017
1001,Madhya Pradesh,Riots,98,5,5648,165,4178,175,1932,79,215,16,12071,440,12511
1002,Maharashtra,Riots,798,49,24157,2030,17594,2444,8456,1232,1440,271,52445,6026,58471
1003,Manipur,Riots,0,0,28,0,7,0,1,0,0,0,36,0,36
1004,Meghalaya,Riots,0,0,4,0,9,0,0,0,0,0,13,0,13
1005,Mizoram,Riots,0,0,0,0,0,0,0,0,0,0,0,0,0
1006,Nagaland,Riots,0,0,13,0,6,0,2,0,0,0,21,0,21
1007,Odisha,Riots,27,5,3654,239,3575,302,1734,71,78,3,9068,620,9688
1008,Punjab,Riots,0,0,0,0,0,0,0,0,0,0,0,0,0
1009,Rajasthan,Riots,28,0,790,99,629,85,271,28,28,10,1746,222,1968
1010,Sikkim,Riots,0,0,21,6,14,2,5,0,0,0,40,8,48
1011,Tamil Nadu,Riots,69,2,6068,386,4635,568,2902,247,112,13,13786,1216,15002
1012,Tripura,Riots,0,0,205,2,174,0,90,0,15,0,484,2,486
1013,Uttar Pradesh,Riots,26,0,25130,302,14769,477,6254,261,760,0,46939,1040,47979
1014,Uttarakhand,Riots,7,0,388,52,456,31,103,13,0,0,954,96,1050
1015,West Bengal,Riots,31,1,5916,301,6162,342,1929,144,87,3,14125,791,14916
1016,Total (State),Riots,2072,99,157600,7080,124097,8709,54354,4071,5997,551,344120,20510,364630
1017,A&N Islands,Riots,0,0,0,0,0,0,0,0,0,0,0,0,0
1018,Chandigarh,Riots,3,0,82,3,56,2,22,0,0,0,163,5,168
1019,D&N Haveli,Riots,4,0,38,0,8,0,0,0,0,0,50,0,50
1020,Daman & Diu,Riots,0,0,55,0,6,0,1,0,0,0,62,0,62
1021,Delhi UT,Riots,3,3,284,13,247,16,96,4,49,0,679,36,715
1022,Lakshadweep,Riots,0,0,3,0,8,0,0,0,0,0,11,0,11
1023,Puducherry,Riots,4,0,330,3,169,11,40,2,2,1,545,17,562
1024,Total (UTs),Riots,14,3,792,19,494,29,159,6,51,1,1510,58,1568
1025,Total (All-India),Riots,2086,102,158392,7099,124591,8738,54513,4077,6048,552,345630,20568,366198
1026,Andhra Pradesh,Robbery,30,0,719,20,359,8,61,1,1,1,1170,30,1200
1027,Arunachal Pradesh,Robbery,3,0,49,0,31,0,3,0,0,0,86,0,86
1028,Assam,Robbery,1,0,277,0,431,0,58,0,0,0,767,0,767
1029,Bihar,Robbery,46,0,1323,0,735,2,129,0,8,0,2241,2,2243
1030,Chhattisgarh,Robbery,25,0,324,0,151,0,24,0,0,0,524,0,524
1031,Goa,Robbery,2,0,30,1,5,4,3,0,0,0,40,5,45
1032,Gujarat,Robbery,64,0,974,11,483,16,114,0,13,1,1648,28,1676
1033,Haryana,Robbery,23,0,757,1,376,1,99,0,1,0,1256,2,1258
1034,Himachal Pradesh,Robbery,0,0,7,0,6,0,0,0,0,0,13,0,13
1035,Jammu & Kashmir,Robbery,2,0,55,0,48,0,24,0,0,0,129,0,129
1036,Jharkhand,Robbery,8,0,441,0,255,0,87,0,0,0,791,0,791
1037,Karnataka,Robbery,43,0,917,13,639,26,176,8,9,1,1784,48,1832
1038,Kerala,Robbery,18,0,505,17,349,13,87,3,5,0,964,33,997
1039,Madhya Pradesh,Robbery,74,0,1615,4,810,6,282,3,0,0,2781,13,2794
1040,Maharashtra,Robbery,392,7,6854,103,2108,67,437,25,61,3,9852,205,10057
1041,Manipur,Robbery,0,0,0,0,0,0,0,0,0,0,0,0,0
1042,Meghalaya,Robbery,5,0,35,1,16,0,0,0,0,0,56,1,57
1043,Mizoram,Robbery,0,0,1,0,0,0,0,0,0,0,1,0,1
1044,Nagaland,Robbery,0,0,46,0,23,0,0,0,0,0,69,0,69
1045,Odisha,Robbery,26,0,1297,9,888,3,237,3,8,0,2456,15,2471
1046,Punjab,Robbery,5,0,187,0,104,0,21,0,0,0,317,0,317
1047,Rajasthan,Robbery,63,0,716,3,319,2,49,3,2,1,1149,9,1158
1048,Sikkim,Robbery,0,0,12,0,3,0,2,0,0,0,17,0,17
1049,Tamil Nadu,Robbery,57,0,1644,13,855,9,147,1,5,0,2708,23,2731
1050,Tripura,Robbery,0,0,39,0,19,0,6,0,1,0,65,0,65
1051,Uttar Pradesh,Robbery,43,0,4108,3,2156,3,447,0,1,0,6755,6,6761
1052,Uttarakhand,Robbery,20,0,126,0,66,0,30,0,0,0,242,0,242
1053,West Bengal,Robbery,6,0,414,0,293,45,100,13,0,0,813,58,871
1054,Total (State),Robbery,956,7,23472,199,11528,205,2623,60,115,7,38694,478,39172
1055,A&N Islands,Robbery,0,0,0,0,0,0,1,0,0,0,1,0,1
1056,Chandigarh,Robbery,11,0,56,1,39,0,7,0,0,0,113,1,114
1057,D&N Haveli,Robbery,0,0,3,0,2,0,0,0,0,0,5,0,5
1058,Daman & Diu,Robbery,0,0,0,0,1,0,0,0,0,0,1,0,1
1059,Delhi UT,Robbery,220,0,1223,4,395,3,29,2,6,0,1873,9,1882
1060,Lakshadweep,Robbery,0,0,0,0,0,0,0,0,0,0,0,0,0
1061,Puducherry,Robbery,0,0,12,0,3,0,0,0,0,0,15,0,15
1062,Total (UTs),Robbery,231,0,1294,5,440,3,37,2,6,0,2008,10,2018
1063,Total (All-India),Robbery,1187,7,24766,204,11968,208,2660,62,121,7,40702,488,41190
1064,Andhra Pradesh,Theft,894,23,12628,492,7200,430,2090,90,79,22,22891,1057,23948
1065,Arunachal Pradesh,Theft,57,0,267,1,102,0,18,0,0,0,444,1,445
1066,Assam,Theft,178,6,2919,8,3783,22,812,2,17,0,7709,38,7747
1067,Bihar,Theft,329,0,7709,23,6023,48,1920,7,34,0,16015,78,16093
1068,Chhattisgarh,Theft,289,3,1836,29,807,20,168,9,11,4,3111,65,3176
1069,Goa,Theft,32,0,239,21,112,20,27,10,4,1,414,52,466
1070,Gujarat,Theft,430,18,4861,78,2507,75,510,16,39,2,8347,189,8536
1071,Haryana,Theft,169,1,3853,35,2115,51,514,9,47,2,6698,98,6796
1072,Himachal Pradesh,Theft,33,0,371,11,201,15,50,9,5,1,660,36,696
1073,Jammu & Kashmir,Theft,13,0,603,8,803,16,470,1,35,0,1924,25,1949
1074,Jharkhand,Theft,69,1,1523,39,995,36,323,7,0,0,2910,83,2993
1075,Karnataka,Theft,129,1,3585,62,2134,72,768,46,119,1,6735,182,6917
1076,Kerala,Theft,270,4,1545,155,1114,118,425,27,29,3,3383,307,3690
1077,Madhya Pradesh,Theft,609,20,7097,79,3300,71,1019,15,56,5,12081,190,12271
1078,Maharashtra,Theft,1738,58,18909,630,8644,466,2465,148,210,26,31966,1328,33294
1079,Manipur,Theft,0,0,139,6,82,6,8,1,1,0,230,13,243
1080,Meghalaya,Theft,25,3,199,3,86,3,38,0,0,0,348,9,357
1081,Mizoram,Theft,55,3,423,23,173,1,20,0,0,0,671,27,698
1082,Nagaland,Theft,4,0,205,0,64,0,10,0,1,0,284,0,284
1083,Odisha,Theft,262,1,4207,62,3153,51,691,15,64,0,8377,129,8506
1084,Punjab,Theft,56,1,1844,81,1359,95,577,8,8,0,3844,185,4029
1085,Rajasthan,Theft,470,5,4276,99,2033,81,512,25,36,4,7327,214,7541
1086,Sikkim,Theft,12,0,65,0,38,0,15,0,0,0,130,0,130
1087,Tamil Nadu,Theft,500,16,6863,189,3606,245,1642,79,115,23,12726,552,13278
1088,Tripura,Theft,63,0,258,0,156,0,39,0,6,0,522,0,522
1089,Uttar Pradesh,Theft,254,11,11847,56,6045,60,1725,27,40,0,19911,154,20065
1090,Uttarakhand,Theft,70,12,523,2,359,1,59,0,0,0,1011,15,1026
1091,West Bengal,Theft,118,9,6329,455,5076,596,2025,170,107,0,13655,1230,14885
1092,Total (State),Theft,7128,196,105123,2647,62070,2599,18940,721,1063,94,194324,6257,200581
1093,A&N Islands,Theft,0,0,17,2,6,0,1,0,0,0,24,2,26
1094,Chandigarh,Theft,45,0,576,34,371,16,11,2,0,0,1003,52,1055
1095,D&N Haveli,Theft,18,0,59,0,53,0,12,1,0,0,142,1,143
1096,Daman & Diu,Theft,4,0,12,0,9,0,1,0,0,0,26,0,26
1097,Delhi UT,Theft,552,12,5473,87,1821,45,246,10,4,1,8096,155,8251
1098,Lakshadweep,Theft,0,0,0,0,0,0,0,0,0,0,0,0,0
1099,Puducherry,Theft,14,0,143,5,41,7,9,2,1,0,208,14,222
1100,Total (UTs),Theft,633,12,6280,128,2301,68,280,15,5,1,9499,224,9723
1101,Total (All-India),Theft,7761,208,111403,2775,64371,2667,19220,736,1068,95,203823,6481,210304
1102,Andhra Pradesh,Total IPC Crimes,2913,85,114959,7924,97171,8521,40049,4288,4885,642,259977,21460,281437
1103,Arunachal Pradesh,Total IPC Crimes,122,0,1633,23,952,3,233,0,15,0,2955,26,2981
1104,Assam,Total IPC Crimes,640,8,30366,434,42750,334,8673,24,245,1,82674,801,83475
1105,Bihar,Total IPC Crimes,1762,52,133920,6143,91806,5781,38742,2967,4530,148,270760,15091,285851
1106,Chhattisgarh,Total IPC Crimes,2148,128,32898,1397,24621,1660,10563,876,1180,151,71410,4212,75622
1107,Goa,Total IPC Crimes,69,1,1547,90,1181,110,442,75,115,23,3354,299,3653
1108,Gujarat,Total IPC Crimes,1762,134,87351,5082,77727,6376,28180,3886,2841,709,197861,16187,214048
1109,Haryana,Total IPC Crimes,1181,9,32140,718,26957,999,9483,581,1425,108,71186,2415,73601
1110,Himachal Pradesh,Total IPC Crimes,212,8,6641,621,6289,1065,2171,542,424,122,15737,2358,18095
1111,Jammu & Kashmir,Total IPC Crimes,129,2,13395,1110,14807,1223,7689,655,723,58,36743,3048,39791
1112,Jharkhand,Total IPC Crimes,316,42,26107,1079,18659,1049,6911,277,249,41,52242,2488,54730
1113,Karnataka,Total IPC Crimes,473,13,58216,3667,61322,5813,28076,3200,4608,693,152695,13386,166081
1114,Kerala,Total IPC Crimes,1132,7,96945,1679,80569,2522,36833,1260,4240,259,219719,5727,225446
1115,Madhya Pradesh,Total IPC Crimes,6499,358,154240,6850,107278,7270,50975,3306,6854,696,325846,18480,344326
1116,Maharashtra,Total IPC Crimes,7289,324,150894,11326,101881,12940,44125,7645,7328,1764,311517,33999,345516
1117,Manipur,Total IPC Crimes,6,0,649,27,519,33,132,19,23,1,1329,80,1409
1118,Meghalaya,Total IPC Crimes,140,8,1677,56,943,36,263,5,24,0,3047,105,3152
1119,Mizoram,Total IPC Crimes,113,3,983,51,561,24,141,12,10,0,1808,90,1898
1120,Nagaland,Total IPC Crimes,11,0,602,6,350,9,84,1,7,0,1054,16,1070
1121,Odisha,Total IPC Crimes,1052,26,40370,3049,35793,3194,14923,1620,1127,127,93265,8016,101281
1122,Punjab,Total IPC Crimes,326,19,18474,1338,16588,1516,7003,477,212,26,42603,3376,45979
1123,Rajasthan,Total IPC Crimes,2696,62,73914,4461,60967,5200,29420,2754,3165,353,170162,12830,182992
1124,Sikkim,Total IPC Crimes,22,0,485,41,331,7,166,0,45,0,1049,48,1097
1125,Tamil Nadu,Total IPC Crimes,1632,32,95820,6280,89037,7107,39742,2746,3228,255,229459,16420,245879
1126,Tripura,Total IPC Crimes,110,7,4324,310,2813,288,903,91,116,7,8266,703,8969
1127,Uttar Pradesh,Total IPC Crimes,1245,46,248162,4892,137406,4993,63047,2611,5160,117,455020,12659,467679
1128,Uttarakhand,Total IPC Crimes,272,19,3892,191,3808,199,1227,89,28,7,9227,505,9732
1129,West Bengal,Total IPC Crimes,749,36,54821,6233,72334,6801,28584,4070,1751,355,158239,17495,175734
1130,Total (State),Total IPC Crimes,35021,1429,1485425,75078,1175420,85073,498780,44077,54558,6663,3249204,212320,3461524
1131,A&N Islands,Total IPC Crimes,7,0,316,14,243,17,98,6,19,0,683,37,720
1132,Chandigarh,Total IPC Crimes,117,0,1722,73,1466,44,412,24,4,2,3721,143,3864
1133,D&N Haveli,Total IPC Crimes,26,0,289,0,154,0,49,4,3,0,521,4,525
1134,Daman & Diu,Total IPC Crimes,14,0,245,2,70,0,5,0,1,0,335,2,337
1135,Delhi UT,Total IPC Crimes,2064,23,30714,712,13519,731,3260,219,358,28,49915,1713,51628
1136,Lakshadweep,Total IPC Crimes,0,0,14,0,16,0,0,0,0,0,30,0,30
1137,Puducherry,Total IPC Crimes,60,4,2516,106,1661,89,434,27,45,7,4716,233,4949
1138,Total (UTs),Total IPC Crimes,2288,27,35816,907,17129,881,4258,280,430,37,59921,2132,62053
1139,Total (All-India),Total IPC Crimes,37309,1456,1521241,75985,1192549,85954,503038,44357,54988,6700,3309125,214452,3523577
