index,STATE/UT,YEAR,Place Of Occurrence,Dacoity (Section 395-398 IPC) - Number of cases registered,Dacoity (Section 395-398 IPC) - Value Of Property Stolen (in rupees),"Robbery(Section 392-394, 397, 398 IPC) - Number of cases registered","Robbery(Section 392-394, 397, 398 IPC) - Value Of Property Stolen (in rupees)","Burglary(Section 449-452, 454, 455, 457-460 IPC) - Number of cases registered","Burglary(Section 449-452, 454, 455, 457-460 IPC) - Value Of Property Stolen (in rupees)",Theft (Section 379-382 IPC) - Number of cases registered,Theft (Section 379-382 IPC) - Value Of Property Stolen (in rupees)
0,Andhra Pradesh,2013,RESIDENTIAL PREMISES,43,21295800,229,23719985,7264,409568072,10539,470463463
1,Andhra Pradesh,2013,HIGH-WAY,31,6713585,109,11701238,0,0,528,24368531
2,Andhra Pradesh,2013,RIVER & SEA,0,0,1,8000,0,0,58,6612000
3,Andhra Pradesh,2013,RAILWAYS,3,37500,14,246920,0,0,1627,75617986
4,Andhra Pradesh,2013,RUNNING TRAINS,2,4000,4,58000,0,0,818,33655111
5,Andhra Pradesh,2013,OTHERS RLY.,1,33500,10,188920,0,0,809,41962875
6,Andhra Pradesh,2013,BANKS,0,0,4,0,20,58578851,32,9881012
7,Andhra Pradesh,2013,COMMERCIAL ESTABLISHMENTS,3,209000,27,2553995,796,75936113,2578,157278686
8,Andhra Pradesh,2013,OTHER PLACES,45,17679650,325,30644184,1740,121416764,15670,812260965
9,Andhra Pradesh,2013,TOTAL (MANUAL),125,45935535,709,68874322,9820,665499800,31032,1556482643
10,Andhra Pradesh,2013,TOTAL COMPUTER FROM 1 TO 7,125,45935535,709,68874322,9820,665499800,31032,1556482643
11,Arunachal Pradesh,2013,RESIDENTIAL PREMISES,6,992000,19,331880,85,6772760,138,20473100
12,Arunachal Pradesh,2013,HIGH-WAY,3,24500,12,315500,0,0,7,407858
13,Arunachal Pradesh,2013,RIVER & SEA,0,0,1,9000,0,0,1,300000
14,Arunachal Pradesh,2013,RAILWAYS,0,0,0,0,0,0,0,0
15,Arunachal Pradesh,2013,RUNNING TRAINS,0,0,0,0,0,0,0,0
16,Arunachal Pradesh,2013,OTHERS RLY.,0,0,0,0,0,0,0,0
17,Arunachal Pradesh,2013,BANKS,0,0,2,9556465,0,0,0,0
18,Arunachal Pradesh,2013,COMMERCIAL ESTABLISHMENTS,0,0,13,573697,54,10548035,168,4095043
19,Arunachal Pradesh,2013,OTHER PLACES,15,295400,28,3877825,57,2440533,200,48995908
20,Arunachal Pradesh,2013,TOTAL (MANUAL),24,1311900,75,14664367,196,19761328,514,74271909
21,Arunachal Pradesh,2013,TOTAL COMPUTER FROM 1 TO 7,24,1311900,75,14664367,196,19761328,514,74271909
22,Assam,2013,RESIDENTIAL PREMISES,133,12380547,313,20039790,2652,41874757,6449,247764676
23,Assam,2013,HIGH-WAY,12,1560800,92,706420,17,47240,22,449913
24,Assam,2013,RIVER & SEA,0,0,0,0,0,0,0,0
25,Assam,2013,RAILWAYS,0,0,0,0,7,124000,21,670000
26,Assam,2013,RUNNING TRAINS,0,0,0,0,0,0,9,655000
27,Assam,2013,OTHERS RLY.,0,0,0,0,7,124000,12,15000
28,Assam,2013,BANKS,1,598400,1,20000,1,1100000,3,98000
29,Assam,2013,COMMERCIAL ESTABLISHMENTS,8,724700,80,1537305,542,11595624,797,25808634
30,Assam,2013,OTHER PLACES,92,8926598,437,9412304,1072,24788737,3223,101070236
31,Assam,2013,TOTAL (MANUAL),246,24191045,923,31715819,4291,79530358,10515,375861459
32,Assam,2013,TOTAL COMPUTER FROM 1 TO 7,246,24191045,923,31715819,4291,79530358,10515,375861459
33,Bihar,2013,RESIDENTIAL PREMISES,260,21417401,85,6523927,3084,38797988,9360,158032701
34,Bihar,2013,HIGH-WAY,240,55165019,1244,55175304,9,150000,588,14401986
35,Bihar,2013,RIVER & SEA,0,0,0,0,0,0,0,0
36,Bihar,2013,RAILWAYS,9,737716,33,531411,3,68639,1350,6975548
37,Bihar,2013,RUNNING TRAINS,8,697716,18,333631,0,0,814,4415095
38,Bihar,2013,OTHERS RLY.,1,40000,15,197780,3,68639,536,2560453
39,Bihar,2013,BANKS,9,2313709,2,450000,0,0,7,96000
40,Bihar,2013,COMMERCIAL ESTABLISHMENTS,19,1322608,38,1256376,312,4300852,2129,37881841
41,Bihar,2013,OTHER PLACES,42,3160578,119,7477188,777,7791131,7989,233199360
42,Bihar,2013,TOTAL (MANUAL),579,84117031,1521,71414206,4185,51108610,21423,450587436
43,Bihar,2013,TOTAL COMPUTER FROM 1 TO 7,579,84117031,1521,71414206,4185,51108610,21423,450587436
44,Chhattisgarh,2013,RESIDENTIAL PREMISES,7,2391100,15,549548,2759,102593178,1356,49008673
45,Chhattisgarh,2013,HIGH-WAY,7,2471880,51,4601770,67,1575530,37,2547000
46,Chhattisgarh,2013,RIVER & SEA,1,5000000,0,0,0,0,1,2230
47,Chhattisgarh,2013,RAILWAYS,0,0,3,10301,2,83151,193,4395555
48,Chhattisgarh,2013,RUNNING TRAINS,0,0,2,8801,0,0,124,3588980
49,Chhattisgarh,2013,OTHERS RLY.,0,0,1,1500,2,83151,69,806575
50,Chhattisgarh,2013,BANKS,0,0,2,215280,10,297240,0,0
51,Chhattisgarh,2013,COMMERCIAL ESTABLISHMENTS,1,34000,9,177550,313,7537282,402,15777297
52,Chhattisgarh,2013,OTHER PLACES,31,14596900,271,24336856,376,69884976,3200,153001636
53,Chhattisgarh,2013,TOTAL (MANUAL),47,24493880,351,29891305,3527,181971357,5189,224732391
54,Chhattisgarh,2013,TOTAL COMPUTER FROM 1 TO 7,47,24493880,351,29891305,3527,181971357,5189,224732391
55,Goa,2013,RESIDENTIAL PREMISES,2,303500,7,6665400,229,36876118,195,29736325
56,Goa,2013,HIGH-WAY,3,64000,4,23700,0,0,6,590100
57,Goa,2013,RIVER & SEA,0,0,0,0,0,0,0,0
58,Goa,2013,RAILWAYS,0,0,1,5000,0,0,26,2281778
59,Goa,2013,RUNNING TRAINS,0,0,1,5000,0,0,21,2078778
60,Goa,2013,OTHERS RLY.,0,0,0,0,0,0,5,203000
61,Goa,2013,BANKS,0,0,0,0,2,0,4,160000
62,Goa,2013,COMMERCIAL ESTABLISHMENTS,6,735000,25,2423950,154,11195047,907,67403729
63,Goa,2013,OTHER PLACES,0,0,0,0,0,0,0,0
64,Goa,2013,TOTAL (MANUAL),11,1102500,37,9118050,385,48071165,1138,100171932
65,Goa,2013,TOTAL COMPUTER FROM 1 TO 7,11,1102500,37,9118050,385,48071165,1138,100171932
66,Gujarat,2013,RESIDENTIAL PREMISES,89,27513394,186,16147043,2919,265476025,3656,288191167
67,Gujarat,2013,HIGH-WAY,24,61585516,68,15800246,15,3080269,105,13952462
68,Gujarat,2013,RIVER & SEA,0,0,1,50000,0,0,14,48595770
69,Gujarat,2013,RAILWAYS,2,26300,14,6434220,0,0,678,53805521
70,Gujarat,2013,RUNNING TRAINS,1,800,4,6237750,0,0,381,43961871
71,Gujarat,2013,OTHERS RLY.,1,25500,10,196470,0,0,297,9843650
72,Gujarat,2013,BANKS,0,0,2,852311,15,2682010,32,3179367
73,Gujarat,2013,COMMERCIAL ESTABLISHMENTS,38,37530470,66,6463367,883,86157264,1406,165283317
74,Gujarat,2013,OTHER PLACES,135,242894812,1092,109176576,1148,166631032,9422,798901003
75,Gujarat,2013,TOTAL (MANUAL),288,369550492,1429,154923763,4980,524026600,15313,1371908607
76,Gujarat,2013,TOTAL COMPUTER FROM 1 TO 7,288,369550492,1429,154923763,4980,524026600,15313,1371908607
77,Haryana,2013,RESIDENTIAL PREMISES,21,7117800,81,15663200,3618,280657736,6070,402716879
78,Haryana,2013,HIGH-WAY,43,27652000,167,34056250,414,24456983,1378,80013707
79,Haryana,2013,RIVER & SEA,0,0,0,0,0,0,0,0
80,Haryana,2013,RAILWAYS,1,800000,20,229307,1,7900,453,14884525
81,Haryana,2013,RUNNING TRAINS,0,0,8,58300,0,0,135,5489420
82,Haryana,2013,OTHERS RLY.,1,800000,12,171007,1,7900,318,9395105
83,Haryana,2013,BANKS,0,0,3,468208,22,2771658,2,52950
84,Haryana,2013,COMMERCIAL ESTABLISHMENTS,18,2719283,74,11943105,1157,65429746,2914,100774451
85,Haryana,2013,OTHER PLACES,71,44441306,418,78885653,909,54830111,7803,307078844
86,Haryana,2013,TOTAL (MANUAL),154,82730389,763,141245723,6121,428154134,18620,905521356
87,Haryana,2013,TOTAL COMPUTER FROM 1 TO 7,154,82730389,763,141245723,6121,428154134,18620,905521356
88,Himachal Pradesh,2013,RESIDENTIAL PREMISES,4,487500,3,43200,443,45420625,73,5853481
89,Himachal Pradesh,2013,HIGH-WAY,2,184390,1,63000,0,0,22,4521450
90,Himachal Pradesh,2013,RIVER & SEA,0,0,0,0,0,0,0,0
91,Himachal Pradesh,2013,RAILWAYS,1,6400,0,0,0,0,3,248500
92,Himachal Pradesh,2013,RUNNING TRAINS,1,6400,0,0,0,0,3,248500
93,Himachal Pradesh,2013,OTHERS RLY.,0,0,0,0,0,0,0,0
94,Himachal Pradesh,2013,BANKS,0,0,0,0,9,172460,4,276346
95,Himachal Pradesh,2013,COMMERCIAL ESTABLISHMENTS,1,320000,1,157260,145,11197153,62,3458410
96,Himachal Pradesh,2013,OTHER PLACES,6,3048480,9,2308400,335,16002839,654,65660284
97,Himachal Pradesh,2013,TOTAL (MANUAL),14,4046770,14,2571860,932,72793077,818,80018471
98,Himachal Pradesh,2013,TOTAL COMPUTER FROM 1 TO 7,14,4046770,14,2571860,932,72793077,818,80018471
99,Jammu & Kashmir,2013,RESIDENTIAL PREMISES,0,0,15,2208390,801,66912289,359,19067686
100,Jammu & Kashmir,2013,HIGH-WAY,1,80362,1,24000,9,545302,23,6613000
101,Jammu & Kashmir,2013,RIVER & SEA,0,0,0,0,0,0,0,0
102,Jammu & Kashmir,2013,RAILWAYS,0,0,18,1161020,0,0,4,265000
103,Jammu & Kashmir,2013,RUNNING TRAINS,0,0,0,0,0,0,0,0
104,Jammu & Kashmir,2013,OTHERS RLY.,0,0,18,1161020,0,0,4,265000
105,Jammu & Kashmir,2013,BANKS,0,0,1,280436,0,0,0,0
106,Jammu & Kashmir,2013,COMMERCIAL ESTABLISHMENTS,0,0,1,0,231,13238137,91,1261544
107,Jammu & Kashmir,2013,OTHER PLACES,5,16900,51,4455030,346,17484590,1385,89963987
108,Jammu & Kashmir,2013,TOTAL (MANUAL),6,97262,87,8128876,1387,98180318,1862,117171217
109,Jammu & Kashmir,2013,TOTAL COMPUTER FROM 1 TO 7,6,97262,87,8128876,1387,98180318,1862,117171217
110,Jharkhand,2013,RESIDENTIAL PREMISES,125,18099253,88,8272158,924,119283586,1850,28001558
111,Jharkhand,2013,HIGH-WAY,60,12410913,259,15425685,0,0,141,23543980
112,Jharkhand,2013,RIVER & SEA,0,0,0,0,0,0,0,0
113,Jharkhand,2013,RAILWAYS,9,1294525,14,4784435,6,181000,409,9833192
114,Jharkhand,2013,RUNNING TRAINS,7,1271525,11,4690093,0,0,241,6485069
115,Jharkhand,2013,OTHERS RLY.,2,23000,3,94342,6,181000,168,3348123
116,Jharkhand,2013,BANKS,0,0,2,163600,0,0,1,10000
117,Jharkhand,2013,COMMERCIAL ESTABLISHMENTS,6,368000,3,146000,105,3034300,1064,26764377
118,Jharkhand,2013,OTHER PLACES,32,4245044,202,9607286,304,4634937,3374,126391183
119,Jharkhand,2013,TOTAL (MANUAL),232,36417735,568,38399164,1339,127133823,6839,214544290
120,Jharkhand,2013,TOTAL COMPUTER FROM 1 TO 7,232,36417735,568,38399164,1339,127133823,6839,214544290
121,Karnataka,2013,RESIDENTIAL PREMISES,54,16066750,201,26806328,3903,527780978,5078,286208759
122,Karnataka,2013,HIGH-WAY,33,15075803,93,15102680,5,3234918,122,24996880
123,Karnataka,2013,RIVER & SEA,0,0,0,0,0,0,1,135969
124,Karnataka,2013,RAILWAYS,7,108000,72,7419509,2,0,738,47603694
125,Karnataka,2013,RUNNING TRAINS,7,108000,71,7329509,2,0,724,44978500
126,Karnataka,2013,OTHERS RLY.,0,0,1,90000,0,0,14,2625194
127,Karnataka,2013,BANKS,0,0,5,15500,55,5917415,15,725500
128,Karnataka,2013,COMMERCIAL ESTABLISHMENTS,11,10572740,83,30789672,845,108048848,2256,139490933
129,Karnataka,2013,OTHER PLACES,175,82729304,1696,184540844,1193,854994626,11546,630201777
130,Karnataka,2013,TOTAL (MANUAL),280,124552597,2150,264674533,6003,1499976785,19756,1129363512
131,Karnataka,2013,TOTAL COMPUTER FROM 1 TO 7,280,124552597,2150,264674533,6003,1499976785,19756,1129363512
132,Kerala,2013,RESIDENTIAL PREMISES,21,4660240,131,6775540,1494,149681192,719,43900970
133,Kerala,2013,HIGH-WAY,7,7099500,55,4775900,0,0,101,8671427
134,Kerala,2013,RIVER & SEA,0,0,0,0,1,40000,5,149500
135,Kerala,2013,RAILWAYS,0,0,3,13200,2,6040,180,10949319
136,Kerala,2013,RUNNING TRAINS,0,0,1,10000,0,0,0,0
137,Kerala,2013,OTHERS RLY.,0,0,2,3200,2,6040,180,10949319
138,Kerala,2013,BANKS,0,0,0,0,10,21000,62,942150
139,Kerala,2013,COMMERCIAL ESTABLISHMENTS,4,45070,34,1667452,496,43256060,361,15454745
140,Kerala,2013,OTHER PLACES,35,22569000,561,36474866,926,64298854,2651,170346292
141,Kerala,2013,TOTAL (MANUAL),67,34373810,784,49706958,2929,257303146,4079,250414403
142,Kerala,2013,TOTAL COMPUTER FROM 1 TO 7,67,34373810,784,49706958,2929,257303146,4079,250414403
143,Madhya Pradesh,2013,RESIDENTIAL PREMISES,38,8509380,212,11757745,8318,331874782,7642,263519870
144,Madhya Pradesh,2013,HIGH-WAY,10,10824500,256,32711150,24,710642,781,43791483
145,Madhya Pradesh,2013,RIVER & SEA,0,0,15,913254,9,420200,77,815295
146,Madhya Pradesh,2013,RAILWAYS,0,0,56,1167415,10,170390,2761,99611970
147,Madhya Pradesh,2013,RUNNING TRAINS,0,0,31,911340,0,0,2026,70871812
148,Madhya Pradesh,2013,OTHERS RLY.,0,0,25,256075,10,170390,735,28740158
149,Madhya Pradesh,2013,BANKS,0,0,2,737000,11,1432046,64,1993325
150,Madhya Pradesh,2013,COMMERCIAL ESTABLISHMENTS,3,388000,67,4277299,993,53694191,2751,91830836
151,Madhya Pradesh,2013,OTHER PLACES,47,13464500,1224,121486063,1642,45210717,10969,426296728
152,Madhya Pradesh,2013,TOTAL (MANUAL),98,33186380,1832,173049926,11007,433512968,25045,927859507
153,Madhya Pradesh,2013,TOTAL COMPUTER FROM 1 TO 7,98,33186380,1832,173049926,11007,433512968,25045,927859507
154,Maharashtra,2013,RESIDENTIAL PREMISES,140,24083290,423,48044143,11977,1062698169,8897,661052666
155,Maharashtra,2013,HIGH-WAY,77,66163832,555,106940051,52,3106782,251,27921495
156,Maharashtra,2013,RIVER & SEA,0,0,1,12500,1,14500,676,59216480
157,Maharashtra,2013,RAILWAYS,7,176740,309,10271459,0,0,2403,134672869
158,Maharashtra,2013,RUNNING TRAINS,6,176740,242,7181629,0,0,1652,108489848
159,Maharashtra,2013,OTHERS RLY.,1,0,67,3089830,0,0,751,26183021
160,Maharashtra,2013,BANKS,1,688134,5,658380,66,36729024,44,7280529
161,Maharashtra,2013,COMMERCIAL ESTABLISHMENTS,50,37063669,158,15486956,2458,421273619,2945,335001015
162,Maharashtra,2013,OTHER PLACES,558,339087269,8295,587931535,3774,229936095,37454,4139877754
163,Maharashtra,2013,TOTAL (MANUAL),833,467262934,9746,769345024,18328,1753758189,52670,5365022808
164,Maharashtra,2013,TOTAL COMPUTER FROM 1 TO 7,833,467262934,9746,769345024,18328,1753758189,52670,5365022808
165,Manipur,2013,RESIDENTIAL PREMISES,0,0,1,4705000,18,1595600,221,14869700
166,Manipur,2013,HIGH-WAY,0,0,1,8000,3,258400,39,2468500
167,Manipur,2013,RIVER & SEA,0,0,0,0,3,102800,1,55000
168,Manipur,2013,RAILWAYS,0,0,0,0,0,0,0,0
169,Manipur,2013,RUNNING TRAINS,0,0,0,0,0,0,0,0
170,Manipur,2013,OTHERS RLY.,0,0,0,0,0,0,0,0
171,Manipur,2013,BANKS,0,0,0,0,0,0,2,230000
172,Manipur,2013,COMMERCIAL ESTABLISHMENTS,0,0,0,0,27,2883259,224,11863050
173,Manipur,2013,OTHER PLACES,0,0,1,8000,34,6593610,367,22758399
174,Manipur,2013,TOTAL (MANUAL),0,0,3,4721000,85,11433669,854,52244649
175,Manipur,2013,TOTAL COMPUTER FROM 1 TO 7,0,0,3,4721000,85,11433669,854,52244649
176,Meghalaya,2013,RESIDENTIAL PREMISES,7,757150,6,90000,57,6181980,121,8750158
177,Meghalaya,2013,HIGH-WAY,18,4157400,9,2235200,0,0,14,2187698
178,Meghalaya,2013,RIVER & SEA,0,0,0,0,0,0,0,0
179,Meghalaya,2013,RAILWAYS,0,0,0,0,0,0,0,0
180,Meghalaya,2013,RUNNING TRAINS,0,0,0,0,0,0,0,0
181,Meghalaya,2013,OTHERS RLY.,0,0,0,0,0,0,0,0
182,Meghalaya,2013,BANKS,0,0,0,0,1,5000,18,365900
183,Meghalaya,2013,COMMERCIAL ESTABLISHMENTS,1,20000,8,160900,61,6084841,123,9904235
184,Meghalaya,2013,OTHER PLACES,25,923650,45,1770310,68,3298325,341,23483624
185,Meghalaya,2013,TOTAL (MANUAL),51,5858200,68,4256410,187,15570146,617,44691615
186,Meghalaya,2013,TOTAL COMPUTER FROM 1 TO 7,51,5858200,68,4256410,187,15570146,617,44691615
187,Mizoram,2013,RESIDENTIAL PREMISES,1,5000,0,0,268,12026482,417,16160174
188,Mizoram,2013,HIGH-WAY,3,28450,1,400,0,0,0,0
189,Mizoram,2013,RIVER & SEA,0,0,0,0,0,0,0,0
190,Mizoram,2013,RAILWAYS,0,0,0,0,0,0,0,0
191,Mizoram,2013,RUNNING TRAINS,0,0,0,0,0,0,0,0
192,Mizoram,2013,OTHERS RLY.,0,0,0,0,0,0,0,0
193,Mizoram,2013,BANKS,0,0,0,0,0,0,0,0
194,Mizoram,2013,COMMERCIAL ESTABLISHMENTS,0,0,0,0,87,5657607,112,7488198
195,Mizoram,2013,OTHER PLACES,0,0,2,44730,19,6161164,114,8593394
196,Mizoram,2013,TOTAL (MANUAL),4,33450,3,45130,374,23845253,643,32241766
197,Mizoram,2013,TOTAL COMPUTER FROM 1 TO 7,4,33450,3,45130,374,23845253,643,32241766
198,Nagaland,2013,RESIDENTIAL PREMISES,2,918000,9,2422231,17,732810,170,18178005
199,Nagaland,2013,HIGH-WAY,1,459000,22,2790171,1,8758,11,6035105
200,Nagaland,2013,RIVER & SEA,0,0,4,491767,0,0,8,91647
201,Nagaland,2013,RAILWAYS,0,0,3,524315,3,460629,9,244785
202,Nagaland,2013,RUNNING TRAINS,0,0,0,0,0,0,2,51780
203,Nagaland,2013,OTHERS RLY.,0,0,3,524315,3,460629,7,193005
204,Nagaland,2013,BANKS,0,0,0,0,0,0,2,33000
205,Nagaland,2013,COMMERCIAL ESTABLISHMENTS,0,0,5,681160,5,119500,43,4592728
206,Nagaland,2013,OTHER PLACES,0,0,6,449799,10,394282,163,16973583
207,Nagaland,2013,TOTAL (MANUAL),3,1377000,49,7359443,36,1715979,406,46148853
208,Nagaland,2013,TOTAL COMPUTER FROM 1 TO 7,3,1377000,49,7359443,36,1715979,406,46148853
209,Odisha,2013,RESIDENTIAL PREMISES,104,30438465,199,23453249,2199,161006462,2424,150984455
210,Odisha,2013,HIGH-WAY,97,20452119,421,33555002,2,99659,258,49987269
211,Odisha,2013,RIVER & SEA,0,0,0,0,0,0,0,0
212,Odisha,2013,RAILWAYS,9,834825,45,3080573,28,1798839,633,26677105
213,Odisha,2013,RUNNING TRAINS,2,1000,11,1705552,0,0,462,23936135
214,Odisha,2013,OTHERS RLY.,7,833825,34,1375021,28,1798839,171,2740970
215,Odisha,2013,BANKS,3,12894001,8,26757804,23,4214202,0,0
216,Odisha,2013,COMMERCIAL ESTABLISHMENTS,60,16996145,162,18662244,663,65567821,725,74564081
217,Odisha,2013,OTHER PLACES,163,50918782,843,81486313,832,81355742,6004,3189222274
218,Odisha,2013,TOTAL (MANUAL),436,132534337,1678,186995185,3747,314042725,10044,3491435184
219,Odisha,2013,TOTAL COMPUTER FROM 1 TO 7,436,132534337,1678,186995185,3747,314042725,10044,3491435184
220,Punjab,2013,RESIDENTIAL PREMISES,4,556000,14,7752516,1289,122697674,992,104733407
221,Punjab,2013,HIGH-WAY,3,2833000,27,21942226,6,54200,141,19920779
222,Punjab,2013,RIVER & SEA,0,0,0,0,0,0,0,0
223,Punjab,2013,RAILWAYS,0,0,3,90500,2,228000,85,12598960
224,Punjab,2013,RUNNING TRAINS,0,0,2,90500,0,0,43,3134090
225,Punjab,2013,OTHERS RLY.,0,0,1,0,2,228000,42,9464870
226,Punjab,2013,BANKS,0,0,2,4955000,27,6232300,5,1628500
227,Punjab,2013,COMMERCIAL ESTABLISHMENTS,0,0,8,418678,562,52508606,850,74396385
228,Punjab,2013,OTHER PLACES,11,1760500,87,47866987,821,76030700,2812,211058743
229,Punjab,2013,TOTAL (MANUAL),18,5149500,141,83025907,2707,257751480,4885,424336774
230,Punjab,2013,TOTAL COMPUTER FROM 1 TO 7,18,5149500,141,83025907,2707,257751480,4885,424336774
231,Rajasthan,2013,RESIDENTIAL PREMISES,2,120000,25,5207500,3370,209933096,3009,154517209
232,Rajasthan,2013,HIGH-WAY,25,50113000,107,94951920,0,0,98,41896583
233,Rajasthan,2013,RIVER & SEA,0,0,0,0,0,0,0,0
234,Rajasthan,2013,RAILWAYS,4,730000,3,73500,0,0,781,23845647
235,Rajasthan,2013,RUNNING TRAINS,4,730000,0,0,0,0,640,19955246
236,Rajasthan,2013,OTHERS RLY.,0,0,3,73500,0,0,141,3890401
237,Rajasthan,2013,BANKS,0,0,1,605510,31,3678438,2,38100
238,Rajasthan,2013,COMMERCIAL ESTABLISHMENTS,4,17600000,9,12565450,1228,100697049,1043,48504180
239,Rajasthan,2013,OTHER PLACES,24,66303750,920,109662151,1154,47707232,23995,1420455508
240,Rajasthan,2013,TOTAL (MANUAL),59,134866750,1065,223066031,5783,362015815,28928,1689257227
241,Rajasthan,2013,TOTAL COMPUTER FROM 1 TO 7,59,134866750,1065,223066031,5783,362015815,28928,1689257227
242,Sikkim,2013,RESIDENTIAL PREMISES,0,0,2,87000,62,5677100,100,4317800
243,Sikkim,2013,HIGH-WAY,0,0,1,20000,0,0,0,0
244,Sikkim,2013,RIVER & SEA,0,0,0,0,0,0,0,0
245,Sikkim,2013,RAILWAYS,0,0,0,0,0,0,0,0
246,Sikkim,2013,RUNNING TRAINS,0,0,0,0,0,0,0,0
247,Sikkim,2013,OTHERS RLY.,0,0,0,0,0,0,0,0
248,Sikkim,2013,BANKS,0,0,0,0,0,0,0,0
249,Sikkim,2013,COMMERCIAL ESTABLISHMENTS,0,0,1,38000,4,123000,0,0
250,Sikkim,2013,OTHER PLACES,0,0,2,251000,19,1765020,22,1211100
251,Sikkim,2013,TOTAL (MANUAL),0,0,6,396000,85,7565120,122,5528900
252,Sikkim,2013,TOTAL COMPUTER FROM 1 TO 7,0,0,6,396000,85,7565120,122,5528900
253,Tamil Nadu,2013,RESIDENTIAL PREMISES,27,34943650,566,36865190,3577,289332342,3048,139856689
254,Tamil Nadu,2013,HIGH-WAY,17,33783700,197,16363090,0,0,151,59520652
255,Tamil Nadu,2013,RIVER & SEA,1,80000,3,69500,0,0,9,47848
256,Tamil Nadu,2013,RAILWAYS,1,1000,43,2279705,7,54734,359,18384697
257,Tamil Nadu,2013,RUNNING TRAINS,0,0,22,1609000,0,0,213,15778838
258,Tamil Nadu,2013,OTHERS RLY.,1,1000,21,670705,7,54734,146,2605859
259,Tamil Nadu,2013,BANKS,0,0,1,1060000,24,9869049,6,204000
260,Tamil Nadu,2013,COMMERCIAL ESTABLISHMENTS,4,6576550,201,22963123,571,64432633,1948,125908005
261,Tamil Nadu,2013,OTHER PLACES,33,39082866,1175,89887786,946,49795055,6429,838658900
262,Tamil Nadu,2013,TOTAL (MANUAL),83,114467766,2186,169488394,5125,413483813,11950,1182580791
263,Tamil Nadu,2013,TOTAL COMPUTER FROM 1 TO 7,83,114467766,2186,169488394,5125,413483813,11950,1182580791
264,Tripura,2013,RESIDENTIAL PREMISES,8,1472000,19,586846,114,6553568,292,12832501
265,Tripura,2013,HIGH-WAY,0,0,4,125000,0,0,3,162711
266,Tripura,2013,RIVER & SEA,0,0,0,0,0,0,0,0
267,Tripura,2013,RAILWAYS,0,0,1,6000,0,0,5,63000
268,Tripura,2013,RUNNING TRAINS,0,0,0,0,0,0,0,0
269,Tripura,2013,OTHERS RLY.,0,0,1,6000,0,0,5,63000
270,Tripura,2013,BANKS,0,0,0,0,3,1295830,1,4000
271,Tripura,2013,COMMERCIAL ESTABLISHMENTS,1,56000,1,85454,46,3172155,26,6064259
272,Tripura,2013,OTHER PLACES,0,0,19,294525,60,2183071,206,13962155
273,Tripura,2013,TOTAL (MANUAL),9,1528000,44,1097825,223,13204624,533,33088626
274,Tripura,2013,TOTAL COMPUTER FROM 1 TO 7,9,1528000,44,1097825,223,13204624,533,33088626
275,Uttar Pradesh,2013,RESIDENTIAL PREMISES,395,70385400,210,28253100,4806,371369765,5470,193729492
276,Uttar Pradesh,2013,HIGH-WAY,77,85452115,1584,300477656,0,0,24957,810728543
277,Uttar Pradesh,2013,RIVER & SEA,0,0,0,0,0,0,0,0
278,Uttar Pradesh,2013,RAILWAYS,8,905300,52,965105,1,0,2870,71865317
279,Uttar Pradesh,2013,RUNNING TRAINS,7,905300,39,670705,0,0,2625,67355916
280,Uttar Pradesh,2013,OTHERS RLY.,1,0,13,294400,1,0,245,4509401
281,Uttar Pradesh,2013,BANKS,7,4109718,2,3122486,5,3324000,2,150500
282,Uttar Pradesh,2013,COMMERCIAL ESTABLISHMENTS,13,8820000,22,4049185,271,17262790,1213,36868882
283,Uttar Pradesh,2013,OTHER PLACES,96,64332894,1721,147886846,1600,119569599,7437,484235002
284,Uttar Pradesh,2013,TOTAL (MANUAL),596,234005427,3591,484754378,6683,511526154,41949,1597577736
285,Uttar Pradesh,2013,TOTAL COMPUTER FROM 1 TO 7,596,234005427,3591,484754378,6683,511526154,41949,1597577736
286,Uttarakhand,2013,RESIDENTIAL PREMISES,15,2451500,54,3260600,156,13435989,498,27827499
287,Uttarakhand,2013,HIGH-WAY,0,0,20,2801500,0,0,48,4253732
288,Uttarakhand,2013,RIVER & SEA,0,0,0,0,0,0,0,0
289,Uttarakhand,2013,RAILWAYS,0,0,0,0,0,0,73,1074360
290,Uttarakhand,2013,RUNNING TRAINS,0,0,0,0,0,0,0,0
291,Uttarakhand,2013,OTHERS RLY.,0,0,0,0,0,0,73,1074360
292,Uttarakhand,2013,BANKS,0,0,0,0,2,507763,0,0
293,Uttarakhand,2013,COMMERCIAL ESTABLISHMENTS,1,410000,4,136500,21,2469700,85,1116825
294,Uttarakhand,2013,OTHER PLACES,1,29000,60,10719305,69,6617064,892,43123638
295,Uttarakhand,2013,TOTAL (MANUAL),17,2890500,138,16917905,248,23030516,1596,77396054
296,Uttarakhand,2013,TOTAL COMPUTER FROM 1 TO 7,17,2890500,138,16917905,248,23030516,1596,77396054
297,West Bengal,2013,RESIDENTIAL PREMISES,79,16436500,91,10759867,295,25688630,6065,1188308128
298,West Bengal,2013,HIGH-WAY,25,44610060,78,13379141,2,250000,180,15002450
299,West Bengal,2013,RIVER & SEA,0,0,0,0,0,0,0,0
300,West Bengal,2013,RAILWAYS,0,0,9,130300,0,0,965,17442767
301,West Bengal,2013,RUNNING TRAINS,0,0,8,126300,0,0,561,11830472
302,West Bengal,2013,OTHERS RLY.,0,0,1,4000,0,0,404,5612295
303,West Bengal,2013,BANKS,7,15252073,3,505790,7,3081151,2,512000
304,West Bengal,2013,COMMERCIAL ESTABLISHMENTS,31,18899861,62,8037124,41,1602300,2888,1188665799
305,West Bengal,2013,OTHER PLACES,64,102102032,404,27997642,95,3967374,12804,2414115596
306,West Bengal,2013,TOTAL (MANUAL),206,197300526,647,60809864,440,34589455,22904,4824046740
307,West Bengal,2013,TOTAL COMPUTER FROM 1 TO 7,206,197300526,647,60809864,440,34589455,22904,4824046740
308,A&N Islands,2013,RESIDENTIAL PREMISES,0,0,1,95200,24,2062570,5,1197000
309,A&N Islands,2013,HIGH-WAY,0,0,0,0,0,0,0,0
310,A&N Islands,2013,RIVER & SEA,0,0,0,0,0,0,0,0
311,A&N Islands,2013,RAILWAYS,0,0,0,0,0,0,0,0
312,A&N Islands,2013,RUNNING TRAINS,0,0,0,0,0,0,0,0
313,A&N Islands,2013,OTHERS RLY.,0,0,0,0,0,0,0,0
314,A&N Islands,2013,BANKS,0,0,0,0,0,0,0,0
315,A&N Islands,2013,COMMERCIAL ESTABLISHMENTS,0,0,0,0,5,170440,2,103100
316,A&N Islands,2013,OTHER PLACES,1,15000,0,0,13,556665,30,3282071
317,A&N Islands,2013,TOTAL (MANUAL),1,15000,1,95200,42,2789675,37,4582171
318,A&N Islands,2013,TOTAL COMPUTER FROM 1 TO 7,1,15000,1,95200,42,2789675,37,4582171
319,Chandigarh,2013,RESIDENTIAL PREMISES,0,0,9,704250,184,13408295,401,18928650
320,Chandigarh,2013,HIGH-WAY,0,0,0,0,0,0,0,0
321,Chandigarh,2013,RIVER & SEA,0,0,0,0,0,0,0,0
322,Chandigarh,2013,RAILWAYS,0,0,0,0,0,0,0,0
323,Chandigarh,2013,RUNNING TRAINS,0,0,0,0,0,0,0,0
324,Chandigarh,2013,OTHERS RLY.,0,0,0,0,0,0,0,0
325,Chandigarh,2013,BANKS,0,0,0,0,0,0,7,50000
326,Chandigarh,2013,COMMERCIAL ESTABLISHMENTS,2,10500,12,104200,73,4988069,226,10748616
327,Chandigarh,2013,OTHER PLACES,9,257150,41,305320,1,40000,885,49239161
328,Chandigarh,2013,TOTAL (MANUAL),11,267650,62,1113770,258,18436364,1519,78966427
329,Chandigarh,2013,TOTAL COMPUTER FROM 1 TO 7,11,267650,62,1113770,258,18436364,1519,78966427
330,D&N Haveli,2013,RESIDENTIAL PREMISES,1,210000,0,0,15,1601580,12,1674567
331,D&N Haveli,2013,HIGH-WAY,0,0,0,0,0,0,22,6471889
332,D&N Haveli,2013,RIVER & SEA,0,0,0,0,0,0,0,0
333,D&N Haveli,2013,RAILWAYS,0,0,0,0,0,0,0,0
334,D&N Haveli,2013,RUNNING TRAINS,0,0,0,0,0,0,0,0
335,D&N Haveli,2013,OTHERS RLY.,0,0,0,0,0,0,0,0
336,D&N Haveli,2013,BANKS,0,0,0,0,0,0,0,0
337,D&N Haveli,2013,COMMERCIAL ESTABLISHMENTS,0,0,0,0,4,347340,10,2099451
338,D&N Haveli,2013,OTHER PLACES,0,0,0,0,2,232000,14,1222500
339,D&N Haveli,2013,TOTAL (MANUAL),1,210000,0,0,21,2180920,58,11468407
340,D&N Haveli,2013,TOTAL COMPUTER FROM 1 TO 7,1,210000,0,0,21,2180920,58,11468407
341,Daman & Diu,2013,RESIDENTIAL PREMISES,2,23400,1,6000,8,285000,24,5528315
342,Daman & Diu,2013,HIGH-WAY,0,0,0,0,0,0,0,0
343,Daman & Diu,2013,RIVER & SEA,0,0,0,0,0,0,0,0
344,Daman & Diu,2013,RAILWAYS,0,0,0,0,0,0,0,0
345,Daman & Diu,2013,RUNNING TRAINS,0,0,0,0,0,0,0,0
346,Daman & Diu,2013,OTHERS RLY.,0,0,0,0,0,0,0,0
347,Daman & Diu,2013,BANKS,0,0,0,0,0,0,0,0
348,Daman & Diu,2013,COMMERCIAL ESTABLISHMENTS,2,0,0,0,9,3193260,2,90000
349,Daman & Diu,2013,OTHER PLACES,2,0,0,0,2,0,12,990320
350,Daman & Diu,2013,TOTAL (MANUAL),6,23400,1,6000,19,3478260,38,6608635
351,Daman & Diu,2013,TOTAL COMPUTER FROM 1 TO 7,6,23400,1,6000,19,3478260,38,6608635
352,Delhi UT,2013,RESIDENTIAL PREMISES,5,1195000,121,10337359,1908,270058331,10055,1510514221
353,Delhi UT,2013,HIGH-WAY,1,300000,37,11187914,0,0,423,10249522
354,Delhi UT,2013,RIVER & SEA,0,0,0,0,0,0,0,0
355,Delhi UT,2013,RAILWAYS,0,0,25,746140,0,0,1426,66793072
356,Delhi UT,2013,RUNNING TRAINS,0,0,9,281840,0,0,613,38216519
357,Delhi UT,2013,OTHERS RLY.,0,0,16,464300,0,0,813,28576553
358,Delhi UT,2013,BANKS,0,0,0,0,0,0,20,576871
359,Delhi UT,2013,COMMERCIAL ESTABLISHMENTS,6,3542000,82,8531352,551,78285370,1567,139168514
360,Delhi UT,2013,OTHER PLACES,21,16833900,980,416111690,376,51742536,16633,1121278114
361,Delhi UT,2013,TOTAL (MANUAL),33,21870900,1245,446914455,2835,400086237,30124,2848580314
362,Delhi UT,2013,TOTAL COMPUTER FROM 1 TO 7,33,21870900,1245,446914455,2835,400086237,30124,2848580314
363,Lakshadweep,2013,RESIDENTIAL PREMISES,0,0,0,0,2,1000,8,126000
364,Lakshadweep,2013,HIGH-WAY,0,0,0,0,0,0,0,0
365,Lakshadweep,2013,RIVER & SEA,0,0,0,0,0,0,0,0
366,Lakshadweep,2013,RAILWAYS,0,0,0,0,0,0,0,0
367,Lakshadweep,2013,RUNNING TRAINS,0,0,0,0,0,0,0,0
368,Lakshadweep,2013,OTHERS RLY.,0,0,0,0,0,0,0,0
369,Lakshadweep,2013,BANKS,0,0,0,0,0,0,0,0
370,Lakshadweep,2013,COMMERCIAL ESTABLISHMENTS,0,0,0,0,0,0,0,0
371,Lakshadweep,2013,OTHER PLACES,0,0,0,0,0,0,0,0
372,Lakshadweep,2013,TOTAL (MANUAL),0,0,0,0,2,1000,8,126000
373,Lakshadweep,2013,TOTAL COMPUTER FROM 1 TO 7,0,0,0,0,2,1000,8,126000
374,Puducherry,2013,RESIDENTIAL PREMISES,0,0,2,67000,48,10816487,54,6917800
375,Puducherry,2013,HIGH-WAY,0,0,0,0,0,0,0,0
376,Puducherry,2013,RIVER & SEA,0,0,0,0,0,0,0,0
377,Puducherry,2013,RAILWAYS,0,0,0,0,0,0,0,0
378,Puducherry,2013,RUNNING TRAINS,0,0,0,0,0,0,0,0
379,Puducherry,2013,OTHERS RLY.,0,0,0,0,0,0,0,0
380,Puducherry,2013,BANKS,0,0,0,0,2,1070500,3,281000
381,Puducherry,2013,COMMERCIAL ESTABLISHMENTS,1,15350,1,65000,21,9420211,30,6384600
382,Puducherry,2013,OTHER PLACES,0,0,7,525000,0,0,507,21071301
383,Puducherry,2013,TOTAL (MANUAL),1,15350,10,657000,71,21307198,594,34654701
384,Puducherry,2013,TOTAL COMPUTER FROM 1 TO 7,1,15350,10,657000,71,21307198,594,34654701
