index,Area_Name,Year,Sub_Group_Name,Economic_Set_up_Annual_Income_250001_to_50000,Economic_Set_up_Annual_Income_upto_Rs_25000,Economic_Set_up_Middle_income_from_100001_to_200000,Economic_Set_up_Middle_income_from_50001_to_100000,Economic_Set_up_Total,Economic_Set_up_Upper_income_above_Rs_300000,Economic_Set_up_Upper_middle_income_from_200001_to_300000
0,Andaman & Nicobar Islands,2001,2. Economic Setup,12,4,0,0,16,0,0
1,Andhra Pradesh,2001,2. Economic Setup,104,1421,9,27,1565,4,0
2,Arunachal Pradesh,2001,2. Economic Setup,38,99,0,0,137,0,0
3,Assam,2001,2. Economic Setup,47,177,13,16,253,0,0
4,Bihar,2001,2. Economic Setup,213,303,12,58,586,0,0
5,Chandigarh,2001,2. Economic Setup,40,29,0,2,71,0,0
6,Chhattisgarh,2001,2. Economic Setup,224,1071,19,43,1362,3,2
7,Dadra & Nagar Haveli,2001,2. Economic Setup,0,2,0,0,2,0,0
8,Daman & Diu,2001,2. Economic Setup,0,2,0,0,2,0,0
9,Delhi,2001,2. Economic Setup,129,686,0,40,858,3,0
10,Goa,2001,2. Economic Setup,28,62,1,1,93,1,0
11,Gujarat,2001,2. Economic Setup,711,3332,9,306,4370,5,7
12,Haryana,2001,2. Economic Setup,502,1086,86,339,2015,0,2
13,Himachal Pradesh,2001,2. Economic Setup,32,84,0,26,142,0,0
14,Jammu & Kashmir,2001,2. Economic Setup,1,1,0,0,2,0,0
15,Jharkhand,2001,2. Economic Setup,35,248,3,11,298,0,1
16,Karnataka,2001,2. Economic Setup,42,736,11,51,843,0,3
17,Kerala,2001,2. Economic Setup,1,127,0,4,132,0,0
18,Lakshadweep,2001,2. Economic Setup,0,1,0,0,1,0,0
19,Madhya Pradesh,2001,2. Economic Setup,1797,2451,293,2625,7328,61,101
20,Maharashtra,2001,2. Economic Setup,314,4626,4,46,4990,0,0
21,Manipur,2001,2. Economic Setup,0,0,0,0,0,0,0
22,Meghalaya,2001,2. Economic Setup,7,56,0,3,66,0,0
23,Mizoram,2001,2. Economic Setup,6,41,0,2,49,0,0
24,Nagaland,2001,2. Economic Setup,0,26,0,0,26,0,0
25,Odisha,2001,2. Economic Setup,23,188,0,1,212,0,0
26,Puducherry,2001,2. Economic Setup,0,3,0,0,3,0,0
27,Punjab,2001,2. Economic Setup,5,15,3,6,29,0,0
28,Rajasthan,2001,2. Economic Setup,666,2202,64,301,3245,0,12
29,Sikkim,2001,2. Economic Setup,0,17,0,0,17,0,0
30,Tamil Nadu,2001,2. Economic Setup,211,4144,29,144,4555,5,22
31,Tripura,2001,2. Economic Setup,6,12,1,1,20,0,0
32,Uttar Pradesh,2001,2. Economic Setup,93,122,12,29,256,0,0
33,Uttarakhand,2001,2. Economic Setup,33,24,0,0,57,0,0
34,West Bengal,2001,2. Economic Setup,5,22,0,0,27,0,0
35,Andaman & Nicobar Islands,2002,2. Economic Setup,5,1,0,0,6,0,0
36,Andhra Pradesh,2002,2. Economic Setup,521,1256,37,270,2084,0,0
37,Arunachal Pradesh,2002,2. Economic Setup,66,30,10,26,132,0,0
38,Assam,2002,2. Economic Setup,46,199,27,40,332,2,18
39,Bihar,2002,2. Economic Setup,168,360,23,109,660,0,0
40,Chandigarh,2002,2. Economic Setup,14,31,2,28,75,0,0
41,Chhattisgarh,2002,2. Economic Setup,304,958,30,88,1407,6,21
42,Dadra & Nagar Haveli,2002,2. Economic Setup,0,0,0,0,0,0,0
43,Daman & Diu,2002,2. Economic Setup,0,0,0,0,0,0,0
44,Delhi,2002,2. Economic Setup,214,868,6,99,1192,4,1
45,Goa,2002,2. Economic Setup,7,60,0,1,68,0,0
46,Gujarat,2002,2. Economic Setup,292,2824,29,180,3335,2,8
47,Haryana,2002,2. Economic Setup,577,1518,80,336,2511,0,0
48,Himachal Pradesh,2002,2. Economic Setup,70,47,0,4,121,0,0
49,Jammu & Kashmir,2002,2. Economic Setup,0,3,0,0,3,0,0
50,Jharkhand,2002,2. Economic Setup,188,356,73,89,746,20,20
51,Karnataka,2002,2. Economic Setup,47,215,1,13,277,0,1
52,Kerala,2002,2. Economic Setup,41,188,0,5,234,0,0
53,Lakshadweep,2002,2. Economic Setup,0,0,0,0,0,0,0
54,Madhya Pradesh,2002,2. Economic Setup,956,6916,148,516,8536,0,0
55,Maharashtra,2002,2. Economic Setup,930,4256,32,159,5379,0,2
56,Manipur,2002,2. Economic Setup,0,0,0,0,0,0,0
57,Meghalaya,2002,2. Economic Setup,3,65,0,0,68,0,0
58,Mizoram,2002,2. Economic Setup,10,39,0,11,60,0,0
59,Nagaland,2002,2. Economic Setup,2,12,0,0,14,0,0
60,Odisha,2002,2. Economic Setup,39,151,0,2,192,0,0
61,Puducherry,2002,2. Economic Setup,3,13,0,0,16,0,0
62,Punjab,2002,2. Economic Setup,31,67,3,54,156,0,1
63,Rajasthan,2002,2. Economic Setup,298,1527,36,65,1937,0,11
64,Sikkim,2002,2. Economic Setup,0,2,0,0,2,0,0
65,Tamil Nadu,2002,2. Economic Setup,886,5177,3,12,6082,2,2
66,Tripura,2002,2. Economic Setup,2,5,0,0,7,0,0
67,Uttar Pradesh,2002,2. Economic Setup,14,79,0,3,96,0,0
68,Uttarakhand,2002,2. Economic Setup,19,12,0,3,34,0,0
69,West Bengal,2002,2. Economic Setup,3,14,0,0,17,0,0
70,Andaman & Nicobar Islands,2003,2. Economic Setup,3,2,0,4,9,0,0
71,Andhra Pradesh,2003,2. Economic Setup,617,1774,5,277,2673,0,0
72,Arunachal Pradesh,2003,2. Economic Setup,63,69,0,64,196,0,0
73,Assam,2003,2. Economic Setup,40,274,17,34,378,7,6
74,Bihar,2003,2. Economic Setup,123,150,5,14,292,0,0
75,Chandigarh,2003,2. Economic Setup,41,23,4,48,116,0,0
76,Chhattisgarh,2003,2. Economic Setup,323,1174,37,62,1602,1,5
77,Dadra & Nagar Haveli,2003,2. Economic Setup,0,2,0,0,2,0,0
78,Daman & Diu,2003,2. Economic Setup,0,0,0,2,2,0,0
79,Delhi,2003,2. Economic Setup,119,659,6,18,802,0,0
80,Goa,2003,2. Economic Setup,5,75,1,6,87,0,0
81,Gujarat,2003,2. Economic Setup,484,2163,10,57,2717,1,2
82,Haryana,2003,2. Economic Setup,493,1178,84,202,2026,0,69
83,Himachal Pradesh,2003,2. Economic Setup,32,49,1,42,124,0,0
84,Jammu & Kashmir,2003,2. Economic Setup,2,15,0,1,18,0,0
85,Jharkhand,2003,2. Economic Setup,287,305,94,135,821,0,0
86,Karnataka,2003,2. Economic Setup,72,263,0,23,358,0,0
87,Kerala,2003,2. Economic Setup,467,248,1,48,764,0,0
88,Lakshadweep,2003,2. Economic Setup,0,0,0,0,0,0,0
89,Madhya Pradesh,2003,2. Economic Setup,1682,5137,72,766,7672,0,15
90,Maharashtra,2003,2. Economic Setup,481,4328,80,160,5070,7,14
91,Manipur,2003,2. Economic Setup,0,0,0,0,0,0,0
92,Meghalaya,2003,2. Economic Setup,4,31,0,0,35,0,0
93,Mizoram,2003,2. Economic Setup,17,61,1,3,82,0,0
94,Nagaland,2003,2. Economic Setup,0,1,0,0,1,0,0
95,Odisha,2003,2. Economic Setup,26,286,0,1,313,0,0
96,Puducherry,2003,2. Economic Setup,5,35,0,0,40,0,0
97,Punjab,2003,2. Economic Setup,20,105,3,4,132,0,0
98,Rajasthan,2003,2. Economic Setup,339,1322,28,155,1862,0,18
99,Sikkim,2003,2. Economic Setup,0,17,0,0,17,0,0
100,Tamil Nadu,2003,2. Economic Setup,178,4712,1,3,4895,0,1
101,Tripura,2003,2. Economic Setup,0,0,0,0,0,0,0
102,Uttar Pradesh,2003,2. Economic Setup,8,43,0,10,61,0,0
103,Uttarakhand,2003,2. Economic Setup,15,4,0,11,30,0,0
104,West Bengal,2003,2. Economic Setup,35,88,0,0,123,0,0
105,Andaman & Nicobar Islands,2004,2. Economic Setup,1,12,0,0,13,0,0
106,Andhra Pradesh,2004,2. Economic Setup,437,1620,8,131,2196,0,0
107,Arunachal Pradesh,2004,2. Economic Setup,56,35,0,0,91,0,0
108,Assam,2004,2. Economic Setup,101,153,23,35,331,2,17
109,Bihar,2004,2. Economic Setup,92,124,0,20,236,0,0
110,Chandigarh,2004,2. Economic Setup,35,20,4,48,109,0,2
111,Chhattisgarh,2004,2. Economic Setup,319,1474,118,85,2002,0,6
112,Dadra & Nagar Haveli,2004,2. Economic Setup,0,4,0,0,4,0,0
113,Daman & Diu,2004,2. Economic Setup,0,0,0,0,0,0,0
114,Delhi,2004,2. Economic Setup,244,556,17,92,909,0,0
115,Goa,2004,2. Economic Setup,14,50,1,9,74,0,0
116,Gujarat,2004,2. Economic Setup,238,2392,19,33,2689,1,6
117,Haryana,2004,2. Economic Setup,516,848,81,186,1677,0,46
118,Himachal Pradesh,2004,2. Economic Setup,41,72,0,4,117,0,0
119,Jammu & Kashmir,2004,2. Economic Setup,1,9,0,0,11,1,0
120,Jharkhand,2004,2. Economic Setup,290,302,98,132,822,0,0
121,Karnataka,2004,2. Economic Setup,39,353,8,40,440,0,0
122,Kerala,2004,2. Economic Setup,96,264,4,18,382,0,0
123,Lakshadweep,2004,2. Economic Setup,0,0,0,0,0,0,0
124,Madhya Pradesh,2004,2. Economic Setup,1576,4885,76,891,7433,0,5
125,Maharashtra,2004,2. Economic Setup,968,4248,59,220,5496,0,1
126,Manipur,2004,2. Economic Setup,0,0,0,0,0,0,0
127,Meghalaya,2004,2. Economic Setup,19,36,0,0,55,0,0
128,Mizoram,2004,2. Economic Setup,115,703,0,0,818,0,0
129,Nagaland,2004,2. Economic Setup,0,3,0,0,3,0,0
130,Odisha,2004,2. Economic Setup,24,335,0,0,359,0,0
131,Puducherry,2004,2. Economic Setup,0,55,0,0,55,0,0
132,Punjab,2004,2. Economic Setup,27,58,2,9,96,0,0
133,Rajasthan,2004,2. Economic Setup,368,1303,26,162,1875,1,15
134,Sikkim,2004,2. Economic Setup,6,3,0,4,13,0,0
135,Tamil Nadu,2004,2. Economic Setup,72,2296,0,5,2373,0,0
136,Tripura,2004,2. Economic Setup,0,0,0,0,0,0,0
137,Uttar Pradesh,2004,2. Economic Setup,24,91,5,12,135,0,3
138,Uttarakhand,2004,2. Economic Setup,25,5,0,6,36,0,0
139,West Bengal,2004,2. Economic Setup,15,78,0,0,93,0,0
140,Andaman & Nicobar Islands,2005,2. Economic Setup,8,2,0,0,10,0,0
141,Andhra Pradesh,2005,2. Economic Setup,611,1633,19,165,2428,0,0
142,Arunachal Pradesh,2005,2. Economic Setup,54,23,20,50,147,0,0
143,Assam,2005,2. Economic Setup,69,244,13,29,373,6,12
144,Bihar,2005,2. Economic Setup,63,160,5,109,337,0,0
145,Chandigarh,2005,2. Economic Setup,34,82,0,0,116,0,0
146,Chhattisgarh,2005,2. Economic Setup,505,2500,20,102,3137,0,10
147,Dadra & Nagar Haveli,2005,2. Economic Setup,0,19,0,0,19,0,0
148,Daman & Diu,2005,2. Economic Setup,0,0,0,1,1,0,0
149,Delhi,2005,2. Economic Setup,240,938,17,53,1250,1,1
150,Goa,2005,2. Economic Setup,6,51,4,5,66,0,0
151,Gujarat,2005,2. Economic Setup,330,2192,49,169,2748,4,4
152,Haryana,2005,2. Economic Setup,546,886,52,139,1623,0,0
153,Himachal Pradesh,2005,2. Economic Setup,95,89,0,10,194,0,0
154,Jammu & Kashmir,2005,2. Economic Setup,0,7,0,0,7,0,0
155,Jharkhand,2005,2. Economic Setup,349,361,158,192,1060,0,0
156,Karnataka,2005,2. Economic Setup,47,188,0,6,242,1,0
157,Kerala,2005,2. Economic Setup,133,296,3,32,464,0,0
158,Lakshadweep,2005,2. Economic Setup,0,1,0,0,1,0,0
159,Madhya Pradesh,2005,2. Economic Setup,1346,4136,181,611,6378,22,82
160,Maharashtra,2005,2. Economic Setup,993,4951,105,247,6303,4,3
161,Manipur,2005,2. Economic Setup,0,0,0,0,0,0,0
162,Meghalaya,2005,2. Economic Setup,18,62,12,15,107,0,0
163,Mizoram,2005,2. Economic Setup,127,132,49,78,413,3,24
164,Nagaland,2005,2. Economic Setup,0,3,0,0,3,0,0
165,Odisha,2005,2. Economic Setup,42,603,4,6,655,0,0
166,Puducherry,2005,2. Economic Setup,16,23,0,3,42,0,0
167,Punjab,2005,2. Economic Setup,69,55,2,8,135,0,1
168,Rajasthan,2005,2. Economic Setup,339,1413,32,171,1958,0,3
169,Sikkim,2005,2. Economic Setup,0,24,0,0,24,0,0
170,Tamil Nadu,2005,2. Economic Setup,161,1985,1,1,2148,0,0
171,Tripura,2005,2. Economic Setup,0,0,0,0,0,0,0
172,Uttar Pradesh,2005,2. Economic Setup,44,57,0,14,115,0,0
173,Uttarakhand,2005,2. Economic Setup,8,24,0,7,39,0,0
174,West Bengal,2005,2. Economic Setup,2,136,0,0,138,0,0
175,Andaman & Nicobar Islands,2006,2. Economic Setup,73,15,3,0,91,0,0
176,Andhra Pradesh,2006,2. Economic Setup,382,1425,14,58,1879,0,0
177,Arunachal Pradesh,2006,2. Economic Setup,43,9,0,28,80,0,0
178,Assam,2006,2. Economic Setup,191,289,2,57,539,0,0
179,Bihar,2006,2. Economic Setup,51,162,0,26,239,0,0
180,Chandigarh,2006,2. Economic Setup,21,70,4,12,107,0,0
181,Chhattisgarh,2006,2. Economic Setup,409,1432,27,170,2053,0,15
182,Dadra & Nagar Haveli,2006,2. Economic Setup,0,9,0,0,9,0,0
183,Daman & Diu,2006,2. Economic Setup,0,1,0,4,5,0,0
184,Delhi,2006,2. Economic Setup,353,1125,0,35,1513,0,0
185,Goa,2006,2. Economic Setup,5,60,1,1,68,1,0
186,Gujarat,2006,2. Economic Setup,314,2363,10,74,2807,38,8
187,Haryana,2006,2. Economic Setup,619,850,47,196,1712,0,0
188,Himachal Pradesh,2006,2. Economic Setup,27,90,6,5,128,0,0
189,Jammu & Kashmir,2006,2. Economic Setup,0,0,3,2,8,1,2
190,Jharkhand,2006,2. Economic Setup,272,565,0,25,862,0,0
191,Karnataka,2006,2. Economic Setup,61,558,4,26,659,0,10
192,Kerala,2006,2. Economic Setup,69,338,7,29,444,0,1
193,Lakshadweep,2006,2. Economic Setup,0,0,0,0,0,0,0
194,Madhya Pradesh,2006,2. Economic Setup,1745,4353,182,523,6814,10,1
195,Maharashtra,2006,2. Economic Setup,735,5486,145,274,6658,3,15
196,Manipur,2006,2. Economic Setup,0,0,0,0,0,0,0
197,Meghalaya,2006,2. Economic Setup,2,51,0,5,58,0,0
198,Mizoram,2006,2. Economic Setup,5,55,20,9,89,0,0
199,Nagaland,2006,2. Economic Setup,0,3,0,0,3,0,0
200,Odisha,2006,2. Economic Setup,59,552,1,15,627,0,0
201,Puducherry,2006,2. Economic Setup,20,14,0,3,37,0,0
202,Punjab,2006,2. Economic Setup,92,59,0,1,159,7,0
203,Rajasthan,2006,2. Economic Setup,539,1253,15,279,2086,0,0
204,Sikkim,2006,2. Economic Setup,4,31,0,0,35,0,0
205,Tamil Nadu,2006,2. Economic Setup,138,1825,0,11,1974,0,0
206,Tripura,2006,2. Economic Setup,0,0,0,0,0,0,0
207,Uttar Pradesh,2006,2. Economic Setup,58,83,6,25,172,0,0
208,Uttarakhand,2006,2. Economic Setup,34,57,2,13,106,0,0
209,West Bengal,2006,2. Economic Setup,32,85,0,7,124,0,0
210,Andaman & Nicobar Islands,2007,2. Economic Setup,57,13,0,5,75,0,0
211,Andhra Pradesh,2007,2. Economic Setup,297,1550,40,54,1953,9,3
212,Arunachal Pradesh,2007,2. Economic Setup,56,40,0,9,105,0,0
213,Assam,2007,2. Economic Setup,76,1050,6,23,1155,0,0
214,Bihar,2007,2. Economic Setup,404,879,12,174,1469,0,0
215,Chandigarh,2007,2. Economic Setup,51,33,15,17,118,0,2
216,Chhattisgarh,2007,2. Economic Setup,314,1249,157,157,2027,67,83
217,Dadra & Nagar Haveli,2007,2. Economic Setup,9,2,0,0,11,0,0
218,Daman & Diu,2007,2. Economic Setup,11,3,0,0,14,0,0
219,Delhi,2007,2. Economic Setup,210,689,14,53,970,0,4
220,Goa,2007,2. Economic Setup,20,50,0,5,77,1,1
221,Gujarat,2007,2. Economic Setup,416,2333,3,124,2878,0,2
222,Haryana,2007,2. Economic Setup,778,849,50,161,1840,2,0
223,Himachal Pradesh,2007,2. Economic Setup,53,73,2,17,145,0,0
224,Jammu & Kashmir,2007,2. Economic Setup,5,5,0,5,15,0,0
225,Jharkhand,2007,2. Economic Setup,36,466,0,7,509,0,0
226,Karnataka,2007,2. Economic Setup,97,446,23,46,617,0,5
227,Kerala,2007,2. Economic Setup,233,289,41,112,675,0,0
228,Lakshadweep,2007,2. Economic Setup,0,0,0,0,0,0,0
229,Madhya Pradesh,2007,2. Economic Setup,1595,4755,343,650,7350,0,7
230,Maharashtra,2007,2. Economic Setup,1334,4945,231,304,6836,11,11
231,Manipur,2007,2. Economic Setup,0,0,0,0,0,0,0
232,Meghalaya,2007,2. Economic Setup,9,97,0,0,106,0,0
233,Mizoram,2007,2. Economic Setup,35,56,0,0,91,0,0
234,Nagaland,2007,2. Economic Setup,0,0,0,0,0,0,0
235,Odisha,2007,2. Economic Setup,164,446,0,48,658,0,0
236,Puducherry,2007,2. Economic Setup,37,17,0,8,62,0,0
237,Punjab,2007,2. Economic Setup,63,63,0,0,129,3,0
238,Rajasthan,2007,2. Economic Setup,579,1269,76,182,2124,0,18
239,Sikkim,2007,2. Economic Setup,0,94,0,0,94,0,0
240,Tamil Nadu,2007,2. Economic Setup,179,1448,0,94,1721,0,0
241,Tripura,2007,2. Economic Setup,2,0,0,0,2,0,0
242,Uttar Pradesh,2007,2. Economic Setup,127,209,22,69,427,0,0
243,Uttarakhand,2007,2. Economic Setup,12,103,0,14,129,0,0
244,West Bengal,2007,2. Economic Setup,37,105,2,1,145,0,0
245,Andaman & Nicobar Islands,2008,2. Economic Setup,16,0,8,31,55,0,0
246,Andhra Pradesh,2008,2. Economic Setup,215,1309,9,85,1622,0,4
247,Arunachal Pradesh,2008,2. Economic Setup,31,50,0,4,85,0,0
248,Assam,2008,2. Economic Setup,254,315,24,40,644,11,0
249,Bihar,2008,2. Economic Setup,448,597,63,124,1244,3,9
250,Chandigarh,2008,2. Economic Setup,79,46,1,34,162,0,2
251,Chhattisgarh,2008,2. Economic Setup,671,1555,88,672,3046,0,60
252,Dadra & Nagar Haveli,2008,2. Economic Setup,8,14,0,0,22,0,0
253,Daman & Diu,2008,2. Economic Setup,0,11,0,0,11,0,0
254,Delhi,2008,2. Economic Setup,158,310,7,41,523,2,5
255,Goa,2008,2. Economic Setup,20,29,0,17,67,0,1
256,Gujarat,2008,2. Economic Setup,405,2113,10,140,2699,0,31
257,Haryana,2008,2. Economic Setup,804,718,43,218,1799,7,9
258,Himachal Pradesh,2008,2. Economic Setup,35,85,11,32,163,0,0
259,Jammu & Kashmir,2008,2. Economic Setup,12,0,0,0,12,0,0
260,Jharkhand,2008,2. Economic Setup,138,401,0,10,549,0,0
261,Karnataka,2008,2. Economic Setup,120,323,16,47,515,3,6
262,Kerala,2008,2. Economic Setup,233,373,23,147,776,0,0
263,Lakshadweep,2008,2. Economic Setup,0,0,0,0,0,0,0
264,Madhya Pradesh,2008,2. Economic Setup,1326,4516,301,960,7108,0,5
265,Maharashtra,2008,2. Economic Setup,1620,4524,99,654,7019,7,115
266,Manipur,2008,2. Economic Setup,0,0,0,0,0,0,0
267,Meghalaya,2008,2. Economic Setup,41,87,2,8,139,0,1
268,Mizoram,2008,2. Economic Setup,7,63,0,0,70,0,0
269,Nagaland,2008,2. Economic Setup,0,0,0,0,0,0,0
270,Odisha,2008,2. Economic Setup,174,577,0,22,773,0,0
271,Puducherry,2008,2. Economic Setup,18,33,0,4,55,0,0
272,Punjab,2008,2. Economic Setup,38,51,14,10,113,0,0
273,Rajasthan,2008,2. Economic Setup,533,1335,68,386,2352,2,28
274,Sikkim,2008,2. Economic Setup,4,31,0,2,37,0,0
275,Tamil Nadu,2008,2. Economic Setup,172,1384,0,37,1593,0,0
276,Tripura,2008,2. Economic Setup,12,21,2,8,43,0,0
277,Uttar Pradesh,2008,2. Economic Setup,127,115,24,80,347,0,1
278,Uttarakhand,2008,2. Economic Setup,33,98,1,25,157,0,0
279,West Bengal,2008,2. Economic Setup,273,369,12,47,707,2,4
280,Andaman & Nicobar Islands,2009,2. Economic Setup,18,8,1,11,38,0,0
281,Andhra Pradesh,2009,2. Economic Setup,263,1177,15,108,1565,0,2
282,Arunachal Pradesh,2009,2. Economic Setup,88,22,0,29,139,0,0
283,Assam,2009,2. Economic Setup,148,376,10,29,563,0,0
284,Bihar,2009,2. Economic Setup,393,537,67,69,1066,0,0
285,Chandigarh,2009,2. Economic Setup,4,82,16,33,135,0,0
286,Chhattisgarh,2009,2. Economic Setup,887,1500,140,509,3112,0,76
287,Dadra & Nagar Haveli,2009,2. Economic Setup,12,6,2,6,26,0,0
288,Daman & Diu,2009,2. Economic Setup,2,0,0,1,3,0,0
289,Delhi,2009,2. Economic Setup,114,425,0,47,586,0,0
290,Goa,2009,2. Economic Setup,14,52,2,8,76,0,0
291,Gujarat,2009,2. Economic Setup,333,1960,14,146,2466,5,8
292,Haryana,2009,2. Economic Setup,587,491,36,236,1374,9,15
293,Himachal Pradesh,2009,2. Economic Setup,59,85,0,26,170,0,0
294,Jammu & Kashmir,2009,2. Economic Setup,7,4,0,0,11,0,0
295,Jharkhand,2009,2. Economic Setup,173,546,5,64,788,0,0
296,Karnataka,2009,2. Economic Setup,60,158,21,40,282,2,1
297,Kerala,2009,2. Economic Setup,208,340,31,118,707,0,10
298,Lakshadweep,2009,2. Economic Setup,0,0,0,0,0,0,0
299,Madhya Pradesh,2009,2. Economic Setup,1271,4112,316,484,6186,1,2
300,Maharashtra,2009,2. Economic Setup,1204,4713,267,645,6972,15,128
301,Manipur,2009,2. Economic Setup,0,0,0,0,0,0,0
302,Meghalaya,2009,2. Economic Setup,38,45,0,5,88,0,0
303,Mizoram,2009,2. Economic Setup,3,17,0,0,20,0,0
304,Nagaland,2009,2. Economic Setup,0,2,3,14,20,0,1
305,Odisha,2009,2. Economic Setup,76,357,6,39,483,0,5
306,Puducherry,2009,2. Economic Setup,46,33,0,2,81,0,0
307,Punjab,2009,2. Economic Setup,103,122,0,8,233,0,0
308,Rajasthan,2009,2. Economic Setup,545,1509,138,233,2456,0,31
309,Sikkim,2009,2. Economic Setup,14,43,0,3,60,0,0
310,Tamil Nadu,2009,2. Economic Setup,448,2418,0,55,2921,0,0
311,Tripura,2009,2. Economic Setup,22,47,0,22,91,0,0
312,Uttar Pradesh,2009,2. Economic Setup,211,136,32,89,475,0,7
313,Uttarakhand,2009,2. Economic Setup,62,146,14,30,254,0,2
314,West Bengal,2009,2. Economic Setup,37,107,6,42,195,1,2
315,Andaman & Nicobar Islands,2010,2. Economic Setup,7,17,0,2,26,0,0
316,Andhra Pradesh,2010,2. Economic Setup,423,1322,57,136,1949,3,8
317,Arunachal Pradesh,2010,2. Economic Setup,48,13,0,20,81,0,0
318,Assam,2010,2. Economic Setup,129,179,27,40,385,3,7
319,Bihar,2010,2. Economic Setup,259,397,17,64,742,2,3
320,Chandigarh,2010,2. Economic Setup,29,87,11,41,168,0,0
321,Chhattisgarh,2010,2. Economic Setup,550,1663,17,126,2356,0,0
322,Dadra & Nagar Haveli,2010,2. Economic Setup,8,7,0,4,19,0,0
323,Daman & Diu,2010,2. Economic Setup,2,3,2,2,10,0,1
324,Delhi,2010,2. Economic Setup,122,408,18,70,627,3,6
325,Goa,2010,2. Economic Setup,22,39,4,9,77,0,3
326,Gujarat,2010,2. Economic Setup,379,1642,17,75,2121,2,6
327,Haryana,2010,2. Economic Setup,326,305,31,223,907,8,14
328,Himachal Pradesh,2010,2. Economic Setup,78,113,6,6,218,12,3
329,Jammu & Kashmir,2010,2. Economic Setup,10,9,2,6,27,0,0
330,Jharkhand,2010,2. Economic Setup,61,33,0,10,104,0,0
331,Karnataka,2010,2. Economic Setup,50,139,0,13,204,0,2
332,Kerala,2010,2. Economic Setup,245,422,36,115,826,0,8
333,Lakshadweep,2010,2. Economic Setup,0,0,0,0,0,0,0
334,Madhya Pradesh,2010,2. Economic Setup,1685,4002,172,578,6449,1,11
335,Maharashtra,2010,2. Economic Setup,1254,4186,213,603,6388,13,119
336,Manipur,2010,2. Economic Setup,0,0,0,0,0,0,0
337,Meghalaya,2010,2. Economic Setup,22,77,1,18,118,0,0
338,Mizoram,2010,2. Economic Setup,90,25,0,1,116,0,0
339,Nagaland,2010,2. Economic Setup,9,44,0,0,53,0,0
340,Odisha,2010,2. Economic Setup,66,447,2,29,544,0,0
341,Puducherry,2010,2. Economic Setup,7,42,0,0,49,0,0
342,Punjab,2010,2. Economic Setup,81,151,0,14,246,0,0
343,Rajasthan,2010,2. Economic Setup,683,1290,90,279,2378,9,27
344,Sikkim,2010,2. Economic Setup,0,82,0,0,82,0,0
345,Tamil Nadu,2010,2. Economic Setup,223,1374,3,44,1644,0,0
346,Tripura,2010,2. Economic Setup,11,32,0,3,46,0,0
347,Uttar Pradesh,2010,2. Economic Setup,251,269,109,197,852,4,22
348,Uttarakhand,2010,2. Economic Setup,63,21,24,30,154,0,16
349,West Bengal,2010,2. Economic Setup,117,140,1,78,337,0,1
