index,Area_Name,Year,Sub_Group_Name,Education_Above_Primary_but_below_Matric_or_Higher_Secondary,Education_Illiterate,Education_Matric_or_Higher_Secondary_&_above,Education_Total,Education_Upto_primary
0,Andaman & Nicobar Islands,2001,1. Education,12,0,0,16,4
1,Andhra Pradesh,2001,1. Education,178,640,64,1565,683
2,Arunachal Pradesh,2001,1. Education,39,16,12,137,70
3,Assam,2001,1. Education,74,91,0,253,88
4,Bihar,2001,1. Education,87,190,56,586,253
5,Chandigarh,2001,1. Education,33,12,0,71,26
6,Chhattisgarh,2001,1. Education,348,205,61,1362,748
7,Dadra & Nagar Haveli,2001,1. Education,0,0,0,2,2
8,Daman & Diu,2001,1. Education,0,2,0,2,0
9,Delhi,2001,1. Education,228,268,39,858,323
10,Goa,2001,1. Education,34,31,9,93,19
11,Gujarat,2001,1. Education,1144,835,266,4370,2125
12,Haryana,2001,1. Education,879,343,232,2015,561
13,Himachal Pradesh,2001,1. Education,69,1,41,142,31
14,Jammu & Kashmir,2001,1. Education,1,1,0,2,0
15,Jharkhand,2001,1. Education,43,126,15,298,114
16,Karnataka,2001,1. Education,91,566,19,843,167
17,Kerala,2001,1. Education,59,23,7,132,43
18,Lakshadweep,2001,1. Education,0,0,1,1,0
19,Madhya Pradesh,2001,1. Education,1330,1757,560,7328,3681
20,Maharashtra,2001,1. Education,1973,832,168,4990,2017
21,Manipur,2001,1. Education,0,0,0,0,0
22,Meghalaya,2001,1. Education,3,39,1,66,23
23,Mizoram,2001,1. Education,20,6,0,49,23
24,Nagaland,2001,1. Education,12,1,1,26,12
25,Odisha,2001,1. Education,51,39,12,212,110
26,Puducherry,2001,1. Education,0,0,0,3,3
27,Punjab,2001,1. Education,4,10,7,29,8
28,Rajasthan,2001,1. Education,910,957,194,3245,1184
29,Sikkim,2001,1. Education,12,0,0,17,5
30,Tamil Nadu,2001,1. Education,163,855,21,4555,3516
31,Tripura,2001,1. Education,2,10,2,20,6
32,Uttar Pradesh,2001,1. Education,103,35,33,256,85
33,Uttarakhand,2001,1. Education,28,0,29,57,0
34,West Bengal,2001,1. Education,7,7,0,27,13
35,Andaman & Nicobar Islands,2002,1. Education,4,0,0,6,2
36,Andhra Pradesh,2002,1. Education,291,1033,115,2084,645
37,Arunachal Pradesh,2002,1. Education,32,41,10,132,49
38,Assam,2002,1. Education,120,100,18,332,94
39,Bihar,2002,1. Education,118,157,76,660,309
40,Chandigarh,2002,1. Education,46,6,5,75,18
41,Chhattisgarh,2002,1. Education,409,404,32,1407,562
42,Dadra & Nagar Haveli,2002,1. Education,0,0,0,0,0
43,Daman & Diu,2002,1. Education,0,0,0,0,0
44,Delhi,2002,1. Education,310,397,168,1192,317
45,Goa,2002,1. Education,11,25,8,68,24
46,Gujarat,2002,1. Education,843,750,130,3335,1612
47,Haryana,2002,1. Education,1104,424,331,2511,652
48,Himachal Pradesh,2002,1. Education,50,14,20,121,37
49,Jammu & Kashmir,2002,1. Education,0,3,0,3,0
50,Jharkhand,2002,1. Education,13,194,160,746,379
51,Karnataka,2002,1. Education,64,116,5,277,92
52,Kerala,2002,1. Education,115,7,59,234,53
53,Lakshadweep,2002,1. Education,0,0,0,0,0
54,Madhya Pradesh,2002,1. Education,2684,3488,282,8536,2082
55,Maharashtra,2002,1. Education,2133,759,302,5379,2185
56,Manipur,2002,1. Education,0,0,0,0,0
57,Meghalaya,2002,1. Education,8,33,0,68,27
58,Mizoram,2002,1. Education,20,4,0,60,36
59,Nagaland,2002,1. Education,12,0,0,14,2
60,Odisha,2002,1. Education,43,63,17,192,69
61,Puducherry,2002,1. Education,5,2,0,16,9
62,Punjab,2002,1. Education,73,30,9,156,44
63,Rajasthan,2002,1. Education,617,242,40,1937,1038
64,Sikkim,2002,1. Education,0,1,0,2,1
65,Tamil Nadu,2002,1. Education,183,3004,2,6082,2893
66,Tripura,2002,1. Education,2,5,0,7,0
67,Uttar Pradesh,2002,1. Education,32,15,17,96,32
68,Uttarakhand,2002,1. Education,6,0,27,34,1
69,West Bengal,2002,1. Education,2,6,0,17,9
70,Andaman & Nicobar Islands,2003,1. Education,7,0,0,9,2
71,Andhra Pradesh,2003,1. Education,513,1193,150,2673,817
72,Arunachal Pradesh,2003,1. Education,52,69,0,196,75
73,Assam,2003,1. Education,73,127,80,378,98
74,Bihar,2003,1. Education,77,105,26,292,84
75,Chandigarh,2003,1. Education,72,24,6,116,14
76,Chhattisgarh,2003,1. Education,423,416,23,1602,740
77,Dadra & Nagar Haveli,2003,1. Education,1,0,0,2,1
78,Daman & Diu,2003,1. Education,2,0,0,2,0
79,Delhi,2003,1. Education,200,380,25,802,197
80,Goa,2003,1. Education,27,34,7,87,19
81,Gujarat,2003,1. Education,572,613,157,2717,1375
82,Haryana,2003,1. Education,997,245,310,2026,474
83,Himachal Pradesh,2003,1. Education,63,6,30,124,25
84,Jammu & Kashmir,2003,1. Education,17,0,0,18,1
85,Jharkhand,2003,1. Education,175,250,186,821,210
86,Karnataka,2003,1. Education,104,80,52,358,122
87,Kerala,2003,1. Education,288,33,363,764,80
88,Lakshadweep,2003,1. Education,0,0,0,0,0
89,Madhya Pradesh,2003,1. Education,1282,1909,430,7672,4051
90,Maharashtra,2003,1. Education,1520,919,363,5070,2268
91,Manipur,2003,1. Education,0,0,0,0,0
92,Meghalaya,2003,1. Education,8,15,0,35,12
93,Mizoram,2003,1. Education,34,3,10,82,35
94,Nagaland,2003,1. Education,1,0,0,1,0
95,Odisha,2003,1. Education,77,143,15,313,78
96,Puducherry,2003,1. Education,4,2,0,40,34
97,Punjab,2003,1. Education,10,83,19,132,20
98,Rajasthan,2003,1. Education,700,277,52,1862,833
99,Sikkim,2003,1. Education,0,0,0,17,17
100,Tamil Nadu,2003,1. Education,248,2605,278,4895,1764
101,Tripura,2003,1. Education,0,0,0,0,0
102,Uttar Pradesh,2003,1. Education,19,19,11,61,12
103,Uttarakhand,2003,1. Education,7,0,23,30,0
104,West Bengal,2003,1. Education,8,68,0,123,47
105,Andaman & Nicobar Islands,2004,1. Education,6,0,0,13,7
106,Andhra Pradesh,2004,1. Education,440,959,149,2196,648
107,Arunachal Pradesh,2004,1. Education,23,21,21,91,26
108,Assam,2004,1. Education,106,76,41,331,108
109,Bihar,2004,1. Education,24,161,0,236,51
110,Chandigarh,2004,1. Education,46,42,2,109,19
111,Chhattisgarh,2004,1. Education,699,432,91,2002,780
112,Dadra & Nagar Haveli,2004,1. Education,2,0,0,4,2
113,Daman & Diu,2004,1. Education,0,0,0,0,0
114,Delhi,2004,1. Education,298,341,42,909,228
115,Goa,2004,1. Education,33,19,4,74,18
116,Gujarat,2004,1. Education,489,970,159,2689,1071
117,Haryana,2004,1. Education,923,233,127,1677,394
118,Himachal Pradesh,2004,1. Education,57,0,38,117,22
119,Jammu & Kashmir,2004,1. Education,2,3,0,11,6
120,Jharkhand,2004,1. Education,176,248,186,822,212
121,Karnataka,2004,1. Education,96,172,25,440,147
122,Kerala,2004,1. Education,193,20,71,382,98
123,Lakshadweep,2004,1. Education,0,0,0,0,0
124,Madhya Pradesh,2004,1. Education,1668,2160,491,7433,3114
125,Maharashtra,2004,1. Education,2291,859,362,5496,1984
126,Manipur,2004,1. Education,0,0,0,0,0
127,Meghalaya,2004,1. Education,18,14,3,55,20
128,Mizoram,2004,1. Education,206,349,110,818,153
129,Nagaland,2004,1. Education,0,0,0,3,3
130,Odisha,2004,1. Education,64,162,8,359,125
131,Puducherry,2004,1. Education,0,0,0,55,55
132,Punjab,2004,1. Education,14,52,11,96,19
133,Rajasthan,2004,1. Education,746,346,61,1875,722
134,Sikkim,2004,1. Education,7,0,0,13,6
135,Tamil Nadu,2004,1. Education,145,1553,30,2373,645
136,Tripura,2004,1. Education,0,0,0,0,0
137,Uttar Pradesh,2004,1. Education,29,60,7,135,39
138,Uttarakhand,2004,1. Education,19,0,12,36,5
139,West Bengal,2004,1. Education,28,21,0,93,44
140,Andaman & Nicobar Islands,2005,1. Education,6,0,0,10,4
141,Andhra Pradesh,2005,1. Education,463,988,138,2428,839
142,Arunachal Pradesh,2005,1. Education,109,4,0,147,34
143,Assam,2005,1. Education,94,140,19,373,120
144,Bihar,2005,1. Education,142,95,28,337,72
145,Chandigarh,2005,1. Education,17,54,4,116,41
146,Chhattisgarh,2005,1. Education,589,888,153,3137,1507
147,Dadra & Nagar Haveli,2005,1. Education,4,3,0,19,12
148,Daman & Diu,2005,1. Education,1,0,0,1,0
149,Delhi,2005,1. Education,394,458,67,1250,331
150,Goa,2005,1. Education,12,32,8,66,14
151,Gujarat,2005,1. Education,596,640,214,2748,1298
152,Haryana,2005,1. Education,798,234,173,1623,418
153,Himachal Pradesh,2005,1. Education,103,5,38,194,48
154,Jammu & Kashmir,2005,1. Education,1,2,0,7,4
155,Jharkhand,2005,1. Education,236,307,246,1060,271
156,Karnataka,2005,1. Education,44,96,7,242,95
157,Kerala,2005,1. Education,247,24,62,464,131
158,Lakshadweep,2005,1. Education,0,0,0,1,1
159,Madhya Pradesh,2005,1. Education,2003,1553,416,6378,2406
160,Maharashtra,2005,1. Education,2270,1153,375,6303,2505
161,Manipur,2005,1. Education,0,0,0,0,0
162,Meghalaya,2005,1. Education,12,50,1,107,44
163,Mizoram,2005,1. Education,104,50,21,413,238
164,Nagaland,2005,1. Education,0,0,0,3,3
165,Odisha,2005,1. Education,178,251,18,655,208
166,Puducherry,2005,1. Education,25,0,0,42,17
167,Punjab,2005,1. Education,33,50,11,135,41
168,Rajasthan,2005,1. Education,608,517,66,1958,767
169,Sikkim,2005,1. Education,9,0,0,24,15
170,Tamil Nadu,2005,1. Education,319,979,39,2148,811
171,Tripura,2005,1. Education,0,0,0,0,0
172,Uttar Pradesh,2005,1. Education,36,34,11,115,34
173,Uttarakhand,2005,1. Education,31,0,4,39,4
174,West Bengal,2005,1. Education,24,53,0,138,61
175,Andaman & Nicobar Islands,2006,1. Education,45,0,3,91,43
176,Andhra Pradesh,2006,1. Education,313,783,102,1879,681
177,Arunachal Pradesh,2006,1. Education,41,0,0,80,39
178,Assam,2006,1. Education,123,211,54,539,151
179,Bihar,2006,1. Education,79,87,0,239,73
180,Chandigarh,2006,1. Education,34,36,7,107,30
181,Chhattisgarh,2006,1. Education,724,326,251,2053,752
182,Dadra & Nagar Haveli,2006,1. Education,4,1,0,9,4
183,Daman & Diu,2006,1. Education,4,1,0,5,0
184,Delhi,2006,1. Education,188,739,36,1513,550
185,Goa,2006,1. Education,20,30,3,68,15
186,Gujarat,2006,1. Education,669,677,145,2807,1316
187,Haryana,2006,1. Education,851,264,147,1712,450
188,Himachal Pradesh,2006,1. Education,67,2,47,128,12
189,Jammu & Kashmir,2006,1. Education,5,0,3,8,0
190,Jharkhand,2006,1. Education,207,384,41,862,230
191,Karnataka,2006,1. Education,417,77,62,659,103
192,Kerala,2006,1. Education,193,32,81,444,138
193,Lakshadweep,2006,1. Education,0,0,0,0,0
194,Madhya Pradesh,2006,1. Education,1955,1770,556,6814,2533
195,Maharashtra,2006,1. Education,2143,1028,364,6658,3123
196,Manipur,2006,1. Education,0,0,0,0,0
197,Meghalaya,2006,1. Education,11,23,2,58,22
198,Mizoram,2006,1. Education,18,5,0,89,66
199,Nagaland,2006,1. Education,0,1,0,3,2
200,Odisha,2006,1. Education,172,244,26,627,185
201,Puducherry,2006,1. Education,0,6,0,37,31
202,Punjab,2006,1. Education,30,45,18,159,66
203,Rajasthan,2006,1. Education,637,350,83,2086,1016
204,Sikkim,2006,1. Education,9,4,0,35,22
205,Tamil Nadu,2006,1. Education,327,755,12,1974,880
206,Tripura,2006,1. Education,0,0,0,0,0
207,Uttar Pradesh,2006,1. Education,53,41,15,172,63
208,Uttarakhand,2006,1. Education,37,25,11,106,33
209,West Bengal,2006,1. Education,29,28,8,124,59
210,Andaman & Nicobar Islands,2007,1. Education,32,0,3,75,40
211,Andhra Pradesh,2007,1. Education,317,749,180,1953,707
212,Arunachal Pradesh,2007,1. Education,39,20,0,105,46
213,Assam,2007,1. Education,362,255,292,1155,246
214,Bihar,2007,1. Education,592,491,37,1469,349
215,Chandigarh,2007,1. Education,58,15,20,118,25
216,Chhattisgarh,2007,1. Education,553,346,286,2027,842
217,Dadra & Nagar Haveli,2007,1. Education,2,0,0,11,9
218,Daman & Diu,2007,1. Education,0,3,11,14,0
219,Delhi,2007,1. Education,170,490,40,970,270
220,Goa,2007,1. Education,23,20,5,77,29
221,Gujarat,2007,1. Education,726,520,284,2878,1348
222,Haryana,2007,1. Education,945,214,166,1840,515
223,Himachal Pradesh,2007,1. Education,75,5,57,145,8
224,Jammu & Kashmir,2007,1. Education,3,3,7,15,2
225,Jharkhand,2007,1. Education,109,161,54,509,185
226,Karnataka,2007,1. Education,419,50,60,617,88
227,Kerala,2007,1. Education,318,14,184,675,159
228,Lakshadweep,2007,1. Education,0,0,0,0,0
229,Madhya Pradesh,2007,1. Education,2231,1752,749,7350,2618
230,Maharashtra,2007,1. Education,2045,1236,492,6836,3063
231,Manipur,2007,1. Education,0,0,0,0,0
232,Meghalaya,2007,1. Education,6,55,5,106,40
233,Mizoram,2007,1. Education,59,0,0,91,32
234,Nagaland,2007,1. Education,0,0,0,0,0
235,Odisha,2007,1. Education,229,148,64,658,217
236,Puducherry,2007,1. Education,0,5,0,62,57
237,Punjab,2007,1. Education,29,44,15,129,41
238,Rajasthan,2007,1. Education,699,539,143,2124,743
239,Sikkim,2007,1. Education,8,38,0,94,48
240,Tamil Nadu,2007,1. Education,394,639,8,1721,680
241,Tripura,2007,1. Education,0,1,0,2,1
242,Uttar Pradesh,2007,1. Education,102,56,98,427,171
243,Uttarakhand,2007,1. Education,34,6,57,129,32
244,West Bengal,2007,1. Education,41,51,5,145,48
245,Andaman & Nicobar Islands,2008,1. Education,36,0,12,55,7
246,Andhra Pradesh,2008,1. Education,326,655,87,1622,554
247,Arunachal Pradesh,2008,1. Education,43,14,0,85,28
248,Assam,2008,1. Education,54,330,1,644,259
249,Bihar,2008,1. Education,388,395,84,1244,377
250,Chandigarh,2008,1. Education,75,38,13,162,36
251,Chhattisgarh,2008,1. Education,743,1341,235,3046,727
252,Dadra & Nagar Haveli,2008,1. Education,6,2,8,22,6
253,Daman & Diu,2008,1. Education,8,3,0,11,0
254,Delhi,2008,1. Education,74,222,37,523,190
255,Goa,2008,1. Education,27,11,10,67,19
256,Gujarat,2008,1. Education,678,453,172,2699,1396
257,Haryana,2008,1. Education,882,154,244,1799,519
258,Himachal Pradesh,2008,1. Education,77,11,45,163,30
259,Jammu & Kashmir,2008,1. Education,4,3,0,12,5
260,Jharkhand,2008,1. Education,57,335,7,549,150
261,Karnataka,2008,1. Education,95,162,77,515,181
262,Kerala,2008,1. Education,373,13,214,776,176
263,Lakshadweep,2008,1. Education,0,0,0,0,0
264,Madhya Pradesh,2008,1. Education,1977,1735,608,7108,2788
265,Maharashtra,2008,1. Education,2375,1551,523,7019,2570
266,Manipur,2008,1. Education,0,0,0,0,0
267,Meghalaya,2008,1. Education,55,28,2,139,54
268,Mizoram,2008,1. Education,47,0,5,70,18
269,Nagaland,2008,1. Education,0,0,0,0,0
270,Odisha,2008,1. Education,207,257,40,773,269
271,Puducherry,2008,1. Education,13,0,4,55,38
272,Punjab,2008,1. Education,29,26,29,113,29
273,Rajasthan,2008,1. Education,754,532,129,2352,937
274,Sikkim,2008,1. Education,4,7,0,37,26
275,Tamil Nadu,2008,1. Education,238,653,28,1593,674
276,Tripura,2008,1. Education,7,21,7,43,8
277,Uttar Pradesh,2008,1. Education,133,45,40,347,129
278,Uttarakhand,2008,1. Education,30,49,33,157,45
279,West Bengal,2008,1. Education,257,23,128,707,299
280,Andaman & Nicobar Islands,2009,1. Education,22,0,2,38,14
281,Andhra Pradesh,2009,1. Education,367,513,164,1565,521
282,Arunachal Pradesh,2009,1. Education,67,14,8,139,50
283,Assam,2009,1. Education,210,109,77,563,167
284,Bihar,2009,1. Education,328,307,71,1066,360
285,Chandigarh,2009,1. Education,46,23,32,135,34
286,Chhattisgarh,2009,1. Education,1063,842,287,3112,920
287,Dadra & Nagar Haveli,2009,1. Education,4,8,8,26,6
288,Daman & Diu,2009,1. Education,0,0,1,3,2
289,Delhi,2009,1. Education,167,199,60,586,160
290,Goa,2009,1. Education,30,22,5,76,19
291,Gujarat,2009,1. Education,758,386,168,2466,1154
292,Haryana,2009,1. Education,579,137,203,1374,455
293,Himachal Pradesh,2009,1. Education,72,1,56,170,41
294,Jammu & Kashmir,2009,1. Education,2,0,5,11,4
295,Jharkhand,2009,1. Education,102,343,36,788,307
296,Karnataka,2009,1. Education,88,54,58,282,82
297,Kerala,2009,1. Education,345,13,214,707,135
298,Lakshadweep,2009,1. Education,0,0,0,0,0
299,Madhya Pradesh,2009,1. Education,1910,1310,925,6186,2041
300,Maharashtra,2009,1. Education,2544,768,892,6972,2768
301,Manipur,2009,1. Education,0,0,0,0,0
302,Meghalaya,2009,1. Education,27,14,1,88,46
303,Mizoram,2009,1. Education,8,0,10,20,2
304,Nagaland,2009,1. Education,12,2,0,20,6
305,Odisha,2009,1. Education,213,83,39,483,148
306,Puducherry,2009,1. Education,0,27,0,81,54
307,Punjab,2009,1. Education,57,62,47,233,67
308,Rajasthan,2009,1. Education,818,503,229,2456,906
309,Sikkim,2009,1. Education,18,12,0,60,30
310,Tamil Nadu,2009,1. Education,370,1727,52,2921,772
311,Tripura,2009,1. Education,9,22,0,91,60
312,Uttar Pradesh,2009,1. Education,146,113,40,475,176
313,Uttarakhand,2009,1. Education,32,130,30,254,62
314,West Bengal,2009,1. Education,47,37,27,195,84
315,Andaman & Nicobar Islands,2010,1. Education,5,1,1,26,19
316,Andhra Pradesh,2010,1. Education,421,767,115,1949,646
317,Arunachal Pradesh,2010,1. Education,32,0,35,81,14
318,Assam,2010,1. Education,26,225,9,385,125
319,Bihar,2010,1. Education,263,241,50,742,188
320,Chandigarh,2010,1. Education,48,24,33,168,63
321,Chhattisgarh,2010,1. Education,739,442,102,2356,1073
322,Dadra & Nagar Haveli,2010,1. Education,8,2,0,19,9
323,Daman & Diu,2010,1. Education,3,4,1,10,2
324,Delhi,2010,1. Education,204,154,34,627,235
325,Goa,2010,1. Education,37,19,6,77,15
326,Gujarat,2010,1. Education,662,341,176,2121,942
327,Haryana,2010,1. Education,443,79,139,907,246
328,Himachal Pradesh,2010,1. Education,92,6,92,218,28
329,Jammu & Kashmir,2010,1. Education,15,2,3,27,7
330,Jharkhand,2010,1. Education,10,47,5,104,42
331,Karnataka,2010,1. Education,35,63,37,204,69
332,Kerala,2010,1. Education,348,38,262,826,178
333,Lakshadweep,2010,1. Education,0,0,0,0,0
334,Madhya Pradesh,2010,1. Education,1941,1696,516,6449,2296
335,Maharashtra,2010,1. Education,2224,810,862,6388,2492
336,Manipur,2010,1. Education,0,0,0,0,0
337,Meghalaya,2010,1. Education,24,43,3,118,48
338,Mizoram,2010,1. Education,73,3,0,116,40
339,Nagaland,2010,1. Education,30,3,8,53,12
340,Odisha,2010,1. Education,164,195,40,544,145
341,Puducherry,2010,1. Education,0,0,0,49,49
342,Punjab,2010,1. Education,53,81,29,246,83
343,Rajasthan,2010,1. Education,960,322,279,2378,817
344,Sikkim,2010,1. Education,43,4,2,82,33
345,Tamil Nadu,2010,1. Education,455,445,48,1644,696
346,Tripura,2010,1. Education,5,35,0,46,6
347,Uttar Pradesh,2010,1. Education,308,166,100,852,278
348,Uttarakhand,2010,1. Education,31,51,1,154,71
349,West Bengal,2010,1. Education,153,30,35,337,119
