index,Area_Name,Year,Subgroup,Rape_Cases_Reported,Victims_Above_50_Yrs,Victims_Between_10-14_Yrs,Victims_Between_14-18_Yrs,Victims_Between_18-30_Yrs,Victims_Between_30-50_Yrs,Victims_of_Rape_Total,Victims_Upto_10_Yrs
0,Andaman & Nicobar Islands,2001,Total Rape Victims,3,0,0,3,0,0,3,0
1,Andaman & Nicobar Islands,2001,Victims of Incest Rape,1,0,0,1,0,0,1,0
2,Andaman & Nicobar Islands,2001,Victims of Other Rape,2,0,0,2,0,0,2,0
3,Andaman & Nicobar Islands,2002,Total Rape Victims,2,0,0,1,1,0,2,0
4,Andaman & Nicobar Islands,2002,Victims of Incest Rape,0,0,0,0,0,0,0,0
5,Andaman & Nicobar Islands,2002,Victims of Other Rape,2,0,0,1,1,0,2,0
6,Andaman & Nicobar Islands,2003,Total Rape Victims,2,0,0,1,0,0,2,1
7,Andaman & Nicobar Islands,2003,Victims of Incest Rape,0,0,0,0,0,0,0,0
8,Andaman & Nicobar Islands,2003,Victims of Other Rape,2,0,0,1,0,0,2,1
9,Andaman & Nicobar Islands,2004,Total Rape Victims,10,0,1,7,1,1,10,0
10,Andaman & Nicobar Islands,2004,Victims of Incest Rape,0,0,0,0,0,0,0,0
11,Andaman & Nicobar Islands,2004,Victims of Other Rape,10,0,1,7,1,1,10,0
12,Andaman & Nicobar Islands,2005,Total Rape Victims,4,0,0,2,2,0,4,0
13,Andaman & Nicobar Islands,2005,Victims of Incest Rape,0,0,0,0,0,0,0,0
14,Andaman & Nicobar Islands,2005,Victims of Other Rape,4,0,0,2,2,0,4,0
15,Andaman & Nicobar Islands,2006,Total Rape Victims,6,0,2,1,1,0,6,2
16,Andaman & Nicobar Islands,2006,Victims of Incest Rape,0,0,0,0,0,0,0,0
17,Andaman & Nicobar Islands,2006,Victims of Other Rape,6,0,2,1,1,0,6,2
18,Andaman & Nicobar Islands,2007,Total Rape Victims,3,0,0,3,0,0,3,0
19,Andaman & Nicobar Islands,2007,Victims of Incest Rape,0,0,0,0,0,0,0,0
20,Andaman & Nicobar Islands,2007,Victims of Other Rape,3,0,0,3,0,0,3,0
21,Andaman & Nicobar Islands,2008,Total Rape Victims,12,0,1,7,3,1,12,0
22,Andaman & Nicobar Islands,2008,Victims of Incest Rape,0,0,0,0,0,0,0,0
23,Andaman & Nicobar Islands,2008,Victims of Other Rape,12,0,1,7,3,1,12,0
24,Andaman & Nicobar Islands,2009,Total Rape Victims,18,0,3,7,5,1,18,2
25,Andaman & Nicobar Islands,2009,Victims of Incest Rape,0,0,0,0,0,0,0,0
26,Andaman & Nicobar Islands,2009,Victims of Other Rape,18,0,3,7,5,1,18,2
27,Andaman & Nicobar Islands,2010,Total Rape Victims,24,0,1,12,8,1,24,2
28,Andaman & Nicobar Islands,2010,Victims of Incest Rape,0,0,0,0,0,0,0,0
29,Andaman & Nicobar Islands,2010,Victims of Other Rape,24,0,1,12,8,1,24,2
30,Andhra Pradesh,2001,Total Rape Victims,871,14,138,254,328,80,871,57
31,Andhra Pradesh,2001,Victims of Incest Rape,4,0,2,0,2,0,4,0
32,Andhra Pradesh,2001,Victims of Other Rape,867,14,136,254,326,80,867,57
33,Andhra Pradesh,2002,Total Rape Victims,1002,8,67,35,709,148,1002,35
34,Andhra Pradesh,2002,Victims of Incest Rape,5,0,2,0,3,0,5,0
35,Andhra Pradesh,2002,Victims of Other Rape,997,8,65,35,706,148,997,35
36,Andhra Pradesh,2003,Total Rape Victims,946,7,135,215,429,127,946,33
37,Andhra Pradesh,2003,Victims of Incest Rape,15,0,2,1,7,2,15,3
38,Andhra Pradesh,2003,Victims of Other Rape,931,7,133,214,422,125,931,30
39,Andhra Pradesh,2004,Total Rape Victims,1016,7,145,163,516,130,1016,55
40,Andhra Pradesh,2004,Victims of Incest Rape,5,0,0,3,1,0,5,1
41,Andhra Pradesh,2004,Victims of Other Rape,1011,7,145,160,515,130,1011,54
42,Andhra Pradesh,2005,Total Rape Victims,935,6,106,177,490,124,935,32
43,Andhra Pradesh,2005,Victims of Incest Rape,18,0,4,0,6,6,18,2
44,Andhra Pradesh,2005,Victims of Other Rape,917,6,102,177,484,118,917,30
45,Andhra Pradesh,2006,Total Rape Victims,1049,10,128,238,536,91,1049,46
46,Andhra Pradesh,2006,Victims of Incest Rape,1,0,0,0,1,0,1,0
47,Andhra Pradesh,2006,Victims of Other Rape,1048,10,128,238,535,91,1048,46
48,Andhra Pradesh,2007,Total Rape Victims,1070,7,110,201,572,128,1070,52
49,Andhra Pradesh,2007,Victims of Incest Rape,7,0,0,4,3,0,7,0
50,Andhra Pradesh,2007,Victims of Other Rape,1063,7,110,197,569,128,1063,52
51,Andhra Pradesh,2008,Total Rape Victims,1257,11,126,237,660,174,1257,49
52,Andhra Pradesh,2008,Victims of Incest Rape,13,2,2,1,5,1,13,2
53,Andhra Pradesh,2008,Victims of Other Rape,1244,9,124,236,655,173,1244,47
54,Andhra Pradesh,2009,Total Rape Victims,1188,14,167,208,642,116,1188,41
55,Andhra Pradesh,2009,Victims of Incest Rape,2,0,0,2,0,0,2,0
56,Andhra Pradesh,2009,Victims of Other Rape,1186,14,167,206,642,116,1186,41
57,Andhra Pradesh,2010,Total Rape Victims,1362,15,133,283,749,152,1362,30
58,Andhra Pradesh,2010,Victims of Incest Rape,0,0,0,0,0,0,0,0
59,Andhra Pradesh,2010,Victims of Other Rape,1362,15,133,283,749,152,1362,30
60,Arunachal Pradesh,2001,Total Rape Victims,33,0,0,1,28,4,33,0
61,Arunachal Pradesh,2001,Victims of Incest Rape,0,0,0,0,0,0,0,0
62,Arunachal Pradesh,2001,Victims of Other Rape,33,0,0,1,28,4,33,0
63,Arunachal Pradesh,2002,Total Rape Victims,38,0,0,3,30,5,38,0
64,Arunachal Pradesh,2002,Victims of Incest Rape,0,0,0,0,0,0,0,0
65,Arunachal Pradesh,2002,Victims of Other Rape,38,0,0,3,30,5,38,0
66,Arunachal Pradesh,2003,Total Rape Victims,31,0,5,4,19,0,31,3
67,Arunachal Pradesh,2003,Victims of Incest Rape,0,0,0,0,0,0,0,0
68,Arunachal Pradesh,2003,Victims of Other Rape,31,0,5,4,19,0,31,3
69,Arunachal Pradesh,2004,Total Rape Victims,42,0,9,0,31,0,42,2
70,Arunachal Pradesh,2004,Victims of Incest Rape,0,0,0,0,0,0,0,0
71,Arunachal Pradesh,2004,Victims of Other Rape,42,0,9,0,31,0,42,2
72,Arunachal Pradesh,2005,Total Rape Victims,35,0,5,2,25,0,35,3
73,Arunachal Pradesh,2005,Victims of Incest Rape,0,0,0,0,0,0,0,0
74,Arunachal Pradesh,2005,Victims of Other Rape,35,0,5,2,25,0,35,3
75,Arunachal Pradesh,2006,Total Rape Victims,37,0,0,0,34,3,37,0
76,Arunachal Pradesh,2006,Victims of Incest Rape,0,0,0,0,0,0,0,0
77,Arunachal Pradesh,2006,Victims of Other Rape,37,0,0,0,34,3,37,0
78,Arunachal Pradesh,2007,Total Rape Victims,48,0,0,0,42,5,48,1
79,Arunachal Pradesh,2007,Victims of Incest Rape,0,0,0,0,0,0,0,0
80,Arunachal Pradesh,2007,Victims of Other Rape,48,0,0,0,42,5,48,1
81,Arunachal Pradesh,2008,Total Rape Victims,42,0,7,0,31,0,42,4
82,Arunachal Pradesh,2008,Victims of Incest Rape,0,0,0,0,0,0,0,0
83,Arunachal Pradesh,2008,Victims of Other Rape,42,0,7,0,31,0,42,4
84,Arunachal Pradesh,2009,Total Rape Victims,59,0,12,0,42,1,59,4
85,Arunachal Pradesh,2009,Victims of Incest Rape,0,0,0,0,0,0,0,0
86,Arunachal Pradesh,2009,Victims of Other Rape,59,0,12,0,42,1,59,4
87,Arunachal Pradesh,2010,Total Rape Victims,47,0,10,0,34,1,47,2
88,Arunachal Pradesh,2010,Victims of Incest Rape,0,0,0,0,0,0,0,0
89,Arunachal Pradesh,2010,Victims of Other Rape,47,0,10,0,34,1,47,2
90,Assam,2001,Total Rape Victims,817,2,73,245,370,119,817,8
91,Assam,2001,Victims of Incest Rape,8,0,1,7,0,0,8,0
92,Assam,2001,Victims of Other Rape,809,2,72,238,370,119,809,8
93,Assam,2002,Total Rape Victims,970,0,0,3,621,346,970,0
94,Assam,2002,Victims of Incest Rape,10,0,0,0,5,5,10,0
95,Assam,2002,Victims of Other Rape,960,0,0,3,616,341,960,0
96,Assam,2003,Total Rape Victims,1095,3,5,0,827,260,1095,0
97,Assam,2003,Victims of Incest Rape,19,0,0,0,19,0,19,0
98,Assam,2003,Victims of Other Rape,1076,3,5,0,808,260,1076,0
99,Assam,2004,Total Rape Victims,1171,14,0,0,857,293,1171,7
100,Assam,2004,Victims of Incest Rape,15,0,0,0,14,1,15,0
101,Assam,2004,Victims of Other Rape,1156,14,0,0,843,292,1156,7
102,Assam,2005,Total Rape Victims,1238,15,34,37,847,286,1238,19
103,Assam,2005,Victims of Incest Rape,7,1,1,0,3,2,7,0
104,Assam,2005,Victims of Other Rape,1231,14,33,37,844,284,1231,19
105,Assam,2006,Total Rape Victims,1244,2,21,32,892,289,1244,8
106,Assam,2006,Victims of Incest Rape,12,0,3,0,6,3,12,0
107,Assam,2006,Victims of Other Rape,1232,2,18,32,886,286,1232,8
108,Assam,2007,Total Rape Victims,1437,14,0,40,898,485,1437,0
109,Assam,2007,Victims of Incest Rape,1,0,0,1,0,0,1,0
110,Assam,2007,Victims of Other Rape,1436,14,0,39,898,485,1436,0
111,Assam,2008,Total Rape Victims,1438,21,5,20,849,541,1438,2
112,Assam,2008,Victims of Incest Rape,7,0,0,0,5,2,7,0
113,Assam,2008,Victims of Other Rape,1431,21,5,20,844,539,1431,2
114,Assam,2009,Total Rape Victims,1631,14,6,3,1230,377,1631,1
115,Assam,2009,Victims of Incest Rape,9,0,0,0,7,2,9,0
116,Assam,2009,Victims of Other Rape,1622,14,6,3,1223,375,1622,1
117,Assam,2010,Total Rape Victims,1721,10,9,29,1116,556,1721,1
118,Assam,2010,Victims of Incest Rape,13,0,0,0,10,3,13,0
119,Assam,2010,Victims of Other Rape,1708,10,9,29,1106,553,1708,1
120,Bihar,2001,Total Rape Victims,888,0,15,198,562,112,888,1
121,Bihar,2001,Victims of Incest Rape,8,0,2,5,1,0,8,0
122,Bihar,2001,Victims of Other Rape,880,0,13,193,561,112,880,1
123,Bihar,2002,Total Rape Victims,1040,0,2,2,805,231,1040,0
124,Bihar,2002,Victims of Incest Rape,3,0,0,1,2,0,3,0
125,Bihar,2002,Victims of Other Rape,1037,0,2,1,803,231,1037,0
126,Bihar,2003,Total Rape Victims,985,0,1,1,686,296,985,1
127,Bihar,2003,Victims of Incest Rape,1,0,0,1,0,0,1,0
128,Bihar,2003,Victims of Other Rape,984,0,1,0,686,296,984,1
129,Bihar,2004,Total Rape Victims,1390,6,3,0,1018,363,1390,0
130,Bihar,2004,Victims of Incest Rape,6,0,0,0,5,1,6,0
131,Bihar,2004,Victims of Other Rape,1384,6,3,0,1013,362,1384,0
132,Bihar,2005,Total Rape Victims,1147,0,6,2,872,267,1147,0
133,Bihar,2005,Victims of Incest Rape,10,0,0,0,8,2,10,0
134,Bihar,2005,Victims of Other Rape,1137,0,6,2,864,265,1137,0
135,Bihar,2006,Total Rape Victims,1232,9,0,17,956,250,1232,0
136,Bihar,2006,Victims of Incest Rape,7,0,0,2,3,2,7,0
137,Bihar,2006,Victims of Other Rape,1225,9,0,15,953,248,1225,0
138,Bihar,2007,Total Rape Victims,1555,0,28,79,1186,253,1555,9
139,Bihar,2007,Victims of Incest Rape,2,0,2,0,0,0,2,0
140,Bihar,2007,Victims of Other Rape,1553,0,26,79,1186,253,1553,9
141,Bihar,2008,Total Rape Victims,1302,24,11,80,1028,159,1302,0
142,Bihar,2008,Victims of Incest Rape,3,0,0,0,1,2,3,0
143,Bihar,2008,Victims of Other Rape,1299,24,11,80,1027,157,1299,0
144,Bihar,2009,Total Rape Victims,929,0,19,32,765,101,929,12
145,Bihar,2009,Victims of Incest Rape,1,0,0,0,1,0,1,0
146,Bihar,2009,Victims of Other Rape,928,0,19,32,764,101,928,12
147,Bihar,2010,Total Rape Victims,795,0,17,89,616,65,795,8
148,Bihar,2010,Victims of Incest Rape,2,0,1,0,0,0,2,1
149,Bihar,2010,Victims of Other Rape,793,0,16,89,616,65,793,7
150,Chandigarh,2001,Total Rape Victims,18,0,8,4,4,3,19,0
151,Chandigarh,2001,Victims of Incest Rape,2,0,0,0,2,0,2,0
152,Chandigarh,2001,Victims of Other Rape,16,0,8,4,2,3,17,0
153,Chandigarh,2002,Total Rape Victims,18,0,4,1,9,3,18,1
154,Chandigarh,2002,Victims of Incest Rape,2,0,0,1,1,0,2,0
155,Chandigarh,2002,Victims of Other Rape,16,0,4,0,8,3,16,1
156,Chandigarh,2003,Total Rape Victims,18,0,1,5,7,2,18,3
157,Chandigarh,2003,Victims of Incest Rape,1,0,0,0,0,0,1,1
158,Chandigarh,2003,Victims of Other Rape,17,0,1,5,7,2,17,2
159,Chandigarh,2004,Total Rape Victims,19,0,5,3,5,1,19,5
160,Chandigarh,2004,Victims of Incest Rape,1,0,1,0,0,0,1,0
161,Chandigarh,2004,Victims of Other Rape,18,0,4,3,5,1,18,5
162,Chandigarh,2005,Total Rape Victims,33,0,4,10,5,7,33,7
163,Chandigarh,2005,Victims of Incest Rape,1,0,0,1,0,0,1,0
164,Chandigarh,2005,Victims of Other Rape,32,0,4,9,5,7,32,7
165,Chandigarh,2006,Total Rape Victims,19,0,2,6,4,4,19,3
166,Chandigarh,2006,Victims of Incest Rape,5,0,1,2,1,0,5,1
167,Chandigarh,2006,Victims of Other Rape,14,0,1,4,3,4,14,2
168,Chandigarh,2007,Total Rape Victims,22,0,3,2,11,3,22,3
169,Chandigarh,2007,Victims of Incest Rape,2,0,1,0,0,0,2,1
170,Chandigarh,2007,Victims of Other Rape,20,0,2,2,11,3,20,2
171,Chandigarh,2008,Total Rape Victims,20,0,3,7,7,1,20,2
172,Chandigarh,2008,Victims of Incest Rape,3,0,0,2,1,0,3,0
173,Chandigarh,2008,Victims of Other Rape,17,0,3,5,6,1,17,2
174,Chandigarh,2009,Total Rape Victims,29,0,8,10,8,0,29,3
175,Chandigarh,2009,Victims of Incest Rape,0,0,0,0,0,0,0,0
176,Chandigarh,2009,Victims of Other Rape,29,0,8,10,8,0,29,3
177,Chandigarh,2010,Total Rape Victims,31,0,8,4,15,0,31,4
178,Chandigarh,2010,Victims of Incest Rape,0,0,0,0,0,0,0,0
179,Chandigarh,2010,Victims of Other Rape,31,0,8,4,15,0,31,4
180,Chhattisgarh,2001,Total Rape Victims,959,4,191,218,384,137,959,25
181,Chhattisgarh,2001,Victims of Incest Rape,6,0,3,1,1,1,6,0
182,Chhattisgarh,2001,Victims of Other Rape,953,4,188,217,383,136,953,25
183,Chhattisgarh,2002,Total Rape Victims,992,11,131,25,652,147,992,26
184,Chhattisgarh,2002,Victims of Incest Rape,63,3,13,18,16,11,63,2
185,Chhattisgarh,2002,Victims of Other Rape,929,8,118,7,636,136,929,24
186,Chhattisgarh,2003,Total Rape Victims,898,5,97,62,376,331,898,27
187,Chhattisgarh,2003,Victims of Incest Rape,39,0,2,16,13,7,39,1
188,Chhattisgarh,2003,Victims of Other Rape,859,5,95,46,363,324,859,26
189,Chhattisgarh,2004,Total Rape Victims,969,9,61,233,426,226,969,14
190,Chhattisgarh,2004,Victims of Incest Rape,78,1,6,30,30,9,78,2
191,Chhattisgarh,2004,Victims of Other Rape,891,8,55,203,396,217,891,12
192,Chhattisgarh,2005,Total Rape Victims,990,16,112,255,392,200,990,15
193,Chhattisgarh,2005,Victims of Incest Rape,110,0,10,33,39,27,110,1
194,Chhattisgarh,2005,Victims of Other Rape,880,16,102,222,353,173,880,14
195,Chhattisgarh,2006,Total Rape Victims,995,27,104,316,337,183,995,28
196,Chhattisgarh,2006,Victims of Incest Rape,97,2,12,33,29,15,97,6
197,Chhattisgarh,2006,Victims of Other Rape,898,25,92,283,308,168,898,22
198,Chhattisgarh,2007,Total Rape Victims,982,13,117,219,500,101,982,32
199,Chhattisgarh,2007,Victims of Incest Rape,63,0,10,31,14,6,63,2
200,Chhattisgarh,2007,Victims of Other Rape,919,13,107,188,486,95,919,30
201,Chhattisgarh,2008,Total Rape Victims,978,3,80,307,388,176,978,24
202,Chhattisgarh,2008,Victims of Incest Rape,31,0,3,15,12,1,31,0
203,Chhattisgarh,2008,Victims of Other Rape,947,3,77,292,376,175,947,24
204,Chhattisgarh,2009,Total Rape Victims,976,9,227,87,460,113,976,80
205,Chhattisgarh,2009,Victims of Incest Rape,24,2,2,8,6,5,24,1
206,Chhattisgarh,2009,Victims of Other Rape,952,7,225,79,454,108,952,79
207,Chhattisgarh,2010,Total Rape Victims,1012,16,87,271,424,190,1012,24
208,Chhattisgarh,2010,Victims of Incest Rape,21,0,2,3,13,3,21,0
209,Chhattisgarh,2010,Victims of Other Rape,991,16,85,268,411,187,991,24
210,Dadra & Nagar Haveli,2001,Total Rape Victims,6,0,0,3,3,0,6,0
211,Dadra & Nagar Haveli,2001,Victims of Incest Rape,0,0,0,0,0,0,0,0
212,Dadra & Nagar Haveli,2001,Victims of Other Rape,6,0,0,3,3,0,6,0
213,Dadra & Nagar Haveli,2002,Total Rape Victims,4,0,1,1,1,0,4,1
214,Dadra & Nagar Haveli,2002,Victims of Incest Rape,0,0,0,0,0,0,0,0
215,Dadra & Nagar Haveli,2002,Victims of Other Rape,4,0,1,1,1,0,4,1
216,Dadra & Nagar Haveli,2003,Total Rape Victims,1,0,0,0,1,0,1,0
217,Dadra & Nagar Haveli,2003,Victims of Incest Rape,0,0,0,0,0,0,0,0
218,Dadra & Nagar Haveli,2003,Victims of Other Rape,1,0,0,0,1,0,1,0
219,Dadra & Nagar Haveli,2004,Total Rape Victims,7,0,0,0,6,1,7,0
220,Dadra & Nagar Haveli,2004,Victims of Incest Rape,0,0,0,0,0,0,0,0
221,Dadra & Nagar Haveli,2004,Victims of Other Rape,7,0,0,0,6,1,7,0
222,Dadra & Nagar Haveli,2005,Total Rape Victims,5,0,0,0,5,0,5,0
223,Dadra & Nagar Haveli,2005,Victims of Incest Rape,0,0,0,0,0,0,0,0
224,Dadra & Nagar Haveli,2005,Victims of Other Rape,5,0,0,0,5,0,5,0
225,Dadra & Nagar Haveli,2006,Total Rape Victims,6,0,1,2,1,0,6,2
226,Dadra & Nagar Haveli,2006,Victims of Incest Rape,0,0,0,0,0,0,0,0
227,Dadra & Nagar Haveli,2006,Victims of Other Rape,6,0,1,2,1,0,6,2
228,Dadra & Nagar Haveli,2007,Total Rape Victims,7,0,2,4,0,0,7,1
229,Dadra & Nagar Haveli,2007,Victims of Incest Rape,0,0,0,0,0,0,0,0
230,Dadra & Nagar Haveli,2007,Victims of Other Rape,7,0,2,4,0,0,7,1
231,Dadra & Nagar Haveli,2008,Total Rape Victims,6,0,1,2,3,0,6,0
232,Dadra & Nagar Haveli,2008,Victims of Incest Rape,0,0,0,0,0,0,0,0
233,Dadra & Nagar Haveli,2008,Victims of Other Rape,6,0,1,2,3,0,6,0
234,Dadra & Nagar Haveli,2009,Total Rape Victims,4,0,2,0,2,0,4,0
235,Dadra & Nagar Haveli,2009,Victims of Incest Rape,0,0,0,0,0,0,0,0
236,Dadra & Nagar Haveli,2009,Victims of Other Rape,4,0,2,0,2,0,4,0
237,Dadra & Nagar Haveli,2010,Total Rape Victims,3,0,1,1,0,0,3,1
238,Dadra & Nagar Haveli,2010,Victims of Incest Rape,0,0,0,0,0,0,0,0
239,Dadra & Nagar Haveli,2010,Victims of Other Rape,3,0,1,1,0,0,3,1
240,Daman & Diu,2001,Total Rape Victims,0,0,0,0,0,0,0,0
241,Daman & Diu,2001,Victims of Incest Rape,0,0,0,0,0,0,0,0
242,Daman & Diu,2001,Victims of Other Rape,0,0,0,0,0,0,0,0
243,Daman & Diu,2002,Total Rape Victims,0,0,0,0,0,0,0,0
244,Daman & Diu,2002,Victims of Incest Rape,0,0,0,0,0,0,0,0
245,Daman & Diu,2002,Victims of Other Rape,0,0,0,0,0,0,0,0
246,Daman & Diu,2003,Total Rape Victims,5,0,0,3,0,0,5,2
247,Daman & Diu,2003,Victims of Incest Rape,0,0,0,0,0,0,0,0
248,Daman & Diu,2003,Victims of Other Rape,5,0,0,3,0,0,5,2
249,Daman & Diu,2004,Total Rape Victims,1,0,0,1,0,0,1,0
250,Daman & Diu,2004,Victims of Incest Rape,0,0,0,0,0,0,0,0
251,Daman & Diu,2004,Victims of Other Rape,1,0,0,1,0,0,1,0
252,Daman & Diu,2005,Total Rape Victims,2,0,1,0,0,1,2,0
253,Daman & Diu,2005,Victims of Incest Rape,0,0,0,0,0,0,0,0
254,Daman & Diu,2005,Victims of Other Rape,2,0,1,0,0,1,2,0
255,Daman & Diu,2006,Total Rape Victims,3,0,0,0,2,0,3,1
256,Daman & Diu,2006,Victims of Incest Rape,0,0,0,0,0,0,0,0
257,Daman & Diu,2006,Victims of Other Rape,3,0,0,0,2,0,3,1
258,Daman & Diu,2007,Total Rape Victims,1,0,0,0,1,0,1,0
259,Daman & Diu,2007,Victims of Incest Rape,0,0,0,0,0,0,0,0
260,Daman & Diu,2007,Victims of Other Rape,1,0,0,0,1,0,1,0
261,Daman & Diu,2008,Total Rape Victims,0,0,0,0,0,0,0,0
262,Daman & Diu,2008,Victims of Incest Rape,0,0,0,0,0,0,0,0
263,Daman & Diu,2008,Victims of Other Rape,0,0,0,0,0,0,0,0
264,Daman & Diu,2009,Total Rape Victims,1,0,0,0,0,0,1,1
265,Daman & Diu,2009,Victims of Incest Rape,0,0,0,0,0,0,0,0
266,Daman & Diu,2009,Victims of Other Rape,1,0,0,0,0,0,1,1
267,Daman & Diu,2010,Total Rape Victims,1,0,0,0,0,0,1,1
268,Daman & Diu,2010,Victims of Incest Rape,0,0,0,0,0,0,0,0
269,Daman & Diu,2010,Victims of Other Rape,1,0,0,0,0,0,1,1
270,Delhi,2001,Total Rape Victims,381,0,81,154,59,41,383,48
271,Delhi,2001,Victims of Incest Rape,9,0,3,2,1,0,9,3
272,Delhi,2001,Victims of Other Rape,372,0,78,152,58,41,374,45
273,Delhi,2002,Total Rape Victims,403,0,54,52,217,49,407,35
274,Delhi,2002,Victims of Incest Rape,32,0,6,12,10,0,32,4
275,Delhi,2002,Victims of Other Rape,371,0,48,40,207,49,375,31
276,Delhi,2003,Total Rape Victims,490,0,50,76,321,17,490,26
277,Delhi,2003,Victims of Incest Rape,21,0,5,11,4,0,21,1
278,Delhi,2003,Victims of Other Rape,469,0,45,65,317,17,469,25
279,Delhi,2004,Total Rape Victims,551,0,126,77,282,6,551,60
280,Delhi,2004,Victims of Incest Rape,16,0,7,6,2,0,16,1
281,Delhi,2004,Victims of Other Rape,535,0,119,71,280,6,535,59
282,Delhi,2005,Total Rape Victims,658,2,120,55,404,25,666,60
283,Delhi,2005,Victims of Incest Rape,32,0,9,10,2,0,32,11
284,Delhi,2005,Victims of Other Rape,626,2,111,45,402,25,634,49
285,Delhi,2006,Total Rape Victims,623,2,111,267,155,21,626,70
286,Delhi,2006,Victims of Incest Rape,26,0,4,12,7,0,26,3
287,Delhi,2006,Victims of Other Rape,597,2,107,255,148,21,600,67
288,Delhi,2007,Total Rape Victims,598,1,94,228,179,24,602,76
289,Delhi,2007,Victims of Incest Rape,18,0,2,9,5,0,18,2
290,Delhi,2007,Victims of Other Rape,580,1,92,219,174,24,584,74
291,Delhi,2008,Total Rape Victims,466,6,95,135,133,30,470,71
292,Delhi,2008,Victims of Incest Rape,37,4,12,8,10,1,37,2
293,Delhi,2008,Victims of Other Rape,429,2,83,127,123,29,433,69
294,Delhi,2009,Total Rape Victims,469,1,72,188,141,20,469,47
295,Delhi,2009,Victims of Incest Rape,19,0,3,5,6,2,19,3
296,Delhi,2009,Victims of Other Rape,450,1,69,183,135,18,450,44
297,Delhi,2010,Total Rape Victims,507,1,79,174,168,34,507,51
298,Delhi,2010,Victims of Incest Rape,21,0,11,3,1,0,21,6
299,Delhi,2010,Victims of Other Rape,486,1,68,171,167,34,486,45
300,Goa,2001,Total Rape Victims,12,0,7,1,0,1,12,3
301,Goa,2001,Victims of Incest Rape,0,0,0,0,0,0,0,0
302,Goa,2001,Victims of Other Rape,12,0,7,1,0,1,12,3
303,Goa,2002,Total Rape Victims,12,0,3,3,4,1,12,1
304,Goa,2002,Victims of Incest Rape,0,0,0,0,0,0,0,0
305,Goa,2002,Victims of Other Rape,12,0,3,3,4,1,12,1
306,Goa,2003,Total Rape Victims,31,0,9,8,7,2,32,6
307,Goa,2003,Victims of Incest Rape,0,0,0,0,0,0,0,0
308,Goa,2003,Victims of Other Rape,31,0,9,8,7,2,32,6
309,Goa,2004,Total Rape Victims,37,0,7,5,12,5,37,8
310,Goa,2004,Victims of Incest Rape,1,0,0,1,0,0,1,0
311,Goa,2004,Victims of Other Rape,36,0,7,4,12,5,36,8
312,Goa,2005,Total Rape Victims,20,0,4,7,4,1,20,4
313,Goa,2005,Victims of Incest Rape,1,0,0,0,0,0,1,1
314,Goa,2005,Victims of Other Rape,19,0,4,7,4,1,19,3
315,Goa,2006,Total Rape Victims,21,1,4,9,5,1,21,1
316,Goa,2006,Victims of Incest Rape,1,0,0,0,1,0,1,0
317,Goa,2006,Victims of Other Rape,20,1,4,9,4,1,20,1
318,Goa,2007,Total Rape Victims,20,0,4,7,4,1,20,4
319,Goa,2007,Victims of Incest Rape,1,0,0,1,0,0,1,0
320,Goa,2007,Victims of Other Rape,19,0,4,6,4,1,19,4
321,Goa,2008,Total Rape Victims,30,2,6,11,7,3,30,1
322,Goa,2008,Victims of Incest Rape,0,0,0,0,0,0,0,0
323,Goa,2008,Victims of Other Rape,30,2,6,11,7,3,30,1
324,Goa,2009,Total Rape Victims,47,0,11,21,15,2,50,1
325,Goa,2009,Victims of Incest Rape,1,0,0,1,0,0,1,0
326,Goa,2009,Victims of Other Rape,46,0,11,20,15,2,49,1
327,Goa,2010,Total Rape Victims,36,2,5,14,11,0,36,4
328,Goa,2010,Victims of Incest Rape,2,0,0,2,0,0,2,0
329,Goa,2010,Victims of Other Rape,34,2,5,12,11,0,34,4
330,Gujarat,2001,Total Rape Victims,286,0,23,87,125,36,286,15
331,Gujarat,2001,Victims of Incest Rape,2,0,0,2,0,0,2,0
332,Gujarat,2001,Victims of Other Rape,284,0,23,85,125,36,284,15
333,Gujarat,2002,Total Rape Victims,267,0,16,43,176,17,268,16
334,Gujarat,2002,Victims of Incest Rape,10,0,4,2,2,0,10,2
335,Gujarat,2002,Victims of Other Rape,257,0,12,41,174,17,258,14
336,Gujarat,2003,Total Rape Victims,236,0,17,46,143,13,236,17
337,Gujarat,2003,Victims of Incest Rape,7,0,0,3,3,0,7,1
338,Gujarat,2003,Victims of Other Rape,229,0,17,43,140,13,229,16
339,Gujarat,2004,Total Rape Victims,339,2,27,57,194,47,339,12
340,Gujarat,2004,Victims of Incest Rape,14,0,2,2,7,3,14,0
341,Gujarat,2004,Victims of Other Rape,325,2,25,55,187,44,325,12
342,Gujarat,2005,Total Rape Victims,324,0,28,44,218,16,324,18
343,Gujarat,2005,Victims of Incest Rape,19,0,4,5,8,0,19,2
344,Gujarat,2005,Victims of Other Rape,305,0,24,39,210,16,305,16
345,Gujarat,2006,Total Rape Victims,354,1,30,62,213,28,354,20
346,Gujarat,2006,Victims of Incest Rape,16,0,2,0,14,0,16,0
347,Gujarat,2006,Victims of Other Rape,338,1,28,62,199,28,338,20
348,Gujarat,2007,Total Rape Victims,316,1,30,51,180,37,317,18
349,Gujarat,2007,Victims of Incest Rape,3,0,0,1,0,1,3,1
350,Gujarat,2007,Victims of Other Rape,313,1,30,50,180,36,314,17
351,Gujarat,2008,Total Rape Victims,374,1,27,57,217,57,374,15
352,Gujarat,2008,Victims of Incest Rape,4,0,1,2,1,0,4,0
353,Gujarat,2008,Victims of Other Rape,370,1,26,55,216,57,370,15
354,Gujarat,2009,Total Rape Victims,433,1,27,50,308,32,433,15
355,Gujarat,2009,Victims of Incest Rape,18,0,2,3,10,2,18,1
356,Gujarat,2009,Victims of Other Rape,415,1,25,47,298,30,415,14
357,Gujarat,2010,Total Rape Victims,408,2,28,53,261,42,408,22
358,Gujarat,2010,Victims of Incest Rape,4,0,0,2,1,0,4,1
359,Gujarat,2010,Victims of Other Rape,404,2,28,51,260,42,404,21
360,Haryana,2001,Total Rape Victims,398,3,62,125,134,40,398,34
361,Haryana,2001,Victims of Incest Rape,0,0,0,0,0,0,0,0
362,Haryana,2001,Victims of Other Rape,398,3,62,125,134,40,398,34
363,Haryana,2002,Total Rape Victims,361,1,49,6,237,39,361,29
364,Haryana,2002,Victims of Incest Rape,52,0,6,3,39,4,52,0
365,Haryana,2002,Victims of Other Rape,309,1,43,3,198,35,309,29
366,Haryana,2003,Total Rape Victims,353,0,5,70,248,28,353,2
367,Haryana,2003,Victims of Incest Rape,14,0,0,3,11,0,14,0
368,Haryana,2003,Victims of Other Rape,339,0,5,67,237,28,339,2
369,Haryana,2004,Total Rape Victims,386,0,2,20,315,47,386,2
370,Haryana,2004,Victims of Incest Rape,20,0,0,3,13,4,20,0
371,Haryana,2004,Victims of Other Rape,366,0,2,17,302,43,366,2
372,Haryana,2005,Total Rape Victims,461,6,34,97,181,143,461,0
373,Haryana,2005,Victims of Incest Rape,15,0,0,3,10,2,15,0
374,Haryana,2005,Victims of Other Rape,446,6,34,94,171,141,446,0
375,Haryana,2006,Total Rape Victims,608,5,22,153,376,51,608,1
376,Haryana,2006,Victims of Incest Rape,10,0,0,0,8,2,10,0
377,Haryana,2006,Victims of Other Rape,598,5,22,153,368,49,598,1
378,Haryana,2007,Total Rape Victims,488,3,26,79,322,41,488,17
379,Haryana,2007,Victims of Incest Rape,3,0,2,0,1,0,3,0
380,Haryana,2007,Victims of Other Rape,485,3,24,79,321,41,485,17
381,Haryana,2008,Total Rape Victims,631,5,22,38,495,61,631,10
382,Haryana,2008,Victims of Incest Rape,8,1,1,2,4,0,8,0
383,Haryana,2008,Victims of Other Rape,623,4,21,36,491,61,623,10
384,Haryana,2009,Total Rape Victims,603,3,27,70,430,54,603,19
385,Haryana,2009,Victims of Incest Rape,12,0,2,0,7,1,12,2
386,Haryana,2009,Victims of Other Rape,591,3,25,70,423,53,591,17
387,Haryana,2010,Total Rape Victims,720,5,23,80,481,127,720,4
388,Haryana,2010,Victims of Incest Rape,15,0,1,1,11,2,15,0
389,Haryana,2010,Victims of Other Rape,705,5,22,79,470,125,705,4
390,Himachal Pradesh,2001,Total Rape Victims,124,2,15,43,35,9,124,20
391,Himachal Pradesh,2001,Victims of Incest Rape,0,0,0,0,0,0,0,0
392,Himachal Pradesh,2001,Victims of Other Rape,124,2,15,43,35,9,124,20
393,Himachal Pradesh,2002,Total Rape Victims,137,4,5,16,71,36,137,5
394,Himachal Pradesh,2002,Victims of Incest Rape,1,0,1,0,0,0,1,0
395,Himachal Pradesh,2002,Victims of Other Rape,136,4,4,16,71,36,136,5
396,Himachal Pradesh,2003,Total Rape Victims,126,0,14,25,56,23,126,8
397,Himachal Pradesh,2003,Victims of Incest Rape,2,0,0,1,1,0,2,0
398,Himachal Pradesh,2003,Victims of Other Rape,124,0,14,24,55,23,124,8
399,Himachal Pradesh,2004,Total Rape Victims,153,5,11,17,68,48,153,4
400,Himachal Pradesh,2004,Victims of Incest Rape,8,0,2,1,3,2,8,0
401,Himachal Pradesh,2004,Victims of Other Rape,145,5,9,16,65,46,145,4
402,Himachal Pradesh,2005,Total Rape Victims,141,2,17,30,63,18,141,11
403,Himachal Pradesh,2005,Victims of Incest Rape,5,0,1,2,2,0,5,0
404,Himachal Pradesh,2005,Victims of Other Rape,136,2,16,28,61,18,136,11
405,Himachal Pradesh,2006,Total Rape Victims,113,1,9,27,66,4,113,6
406,Himachal Pradesh,2006,Victims of Incest Rape,7,0,2,1,2,0,7,2
407,Himachal Pradesh,2006,Victims of Other Rape,106,1,7,26,64,4,106,4
408,Himachal Pradesh,2007,Total Rape Victims,159,2,19,46,58,23,159,11
409,Himachal Pradesh,2007,Victims of Incest Rape,2,0,0,0,0,1,2,1
410,Himachal Pradesh,2007,Victims of Other Rape,157,2,19,46,58,22,157,10
411,Himachal Pradesh,2008,Total Rape Victims,157,1,16,44,68,20,157,8
412,Himachal Pradesh,2008,Victims of Incest Rape,1,0,1,0,0,0,1,0
413,Himachal Pradesh,2008,Victims of Other Rape,156,1,15,44,68,20,156,8
414,Himachal Pradesh,2009,Total Rape Victims,183,0,16,55,84,16,183,12
415,Himachal Pradesh,2009,Victims of Incest Rape,10,0,2,5,1,1,10,1
416,Himachal Pradesh,2009,Victims of Other Rape,173,0,14,50,83,15,173,11
417,Himachal Pradesh,2010,Total Rape Victims,160,1,16,48,67,20,160,8
418,Himachal Pradesh,2010,Victims of Incest Rape,7,1,3,2,1,0,7,0
419,Himachal Pradesh,2010,Victims of Other Rape,153,0,13,46,66,20,153,8
420,Jammu & Kashmir,2001,Total Rape Victims,169,0,24,41,84,20,169,0
421,Jammu & Kashmir,2001,Victims of Incest Rape,2,0,0,1,1,0,2,0
422,Jammu & Kashmir,2001,Victims of Other Rape,167,0,24,40,83,20,167,0
423,Jammu & Kashmir,2002,Total Rape Victims,192,1,0,7,140,44,192,0
424,Jammu & Kashmir,2002,Victims of Incest Rape,3,0,0,0,3,0,3,0
425,Jammu & Kashmir,2002,Victims of Other Rape,189,1,0,7,137,44,189,0
426,Jammu & Kashmir,2003,Total Rape Victims,211,0,1,0,147,62,211,1
427,Jammu & Kashmir,2003,Victims of Incest Rape,2,0,0,0,2,0,2,0
428,Jammu & Kashmir,2003,Victims of Other Rape,209,0,1,0,145,62,209,1
429,Jammu & Kashmir,2004,Total Rape Victims,218,0,0,2,170,44,218,2
430,Jammu & Kashmir,2004,Victims of Incest Rape,1,0,0,0,1,0,1,0
431,Jammu & Kashmir,2004,Victims of Other Rape,217,0,0,2,169,44,217,2
432,Jammu & Kashmir,2005,Total Rape Victims,201,2,0,3,153,42,201,1
433,Jammu & Kashmir,2005,Victims of Incest Rape,0,0,0,0,0,0,0,0
434,Jammu & Kashmir,2005,Victims of Other Rape,201,2,0,3,153,42,201,1
435,Jammu & Kashmir,2006,Total Rape Victims,250,1,8,0,193,48,250,0
436,Jammu & Kashmir,2006,Victims of Incest Rape,0,0,0,0,0,0,0,0
437,Jammu & Kashmir,2006,Victims of Other Rape,250,1,8,0,193,48,250,0
438,Jammu & Kashmir,2007,Total Rape Victims,288,0,5,10,176,97,288,0
439,Jammu & Kashmir,2007,Victims of Incest Rape,0,0,0,0,0,0,0,0
440,Jammu & Kashmir,2007,Victims of Other Rape,288,0,5,10,176,97,288,0
441,Jammu & Kashmir,2008,Total Rape Victims,219,0,0,3,155,59,219,2
442,Jammu & Kashmir,2008,Victims of Incest Rape,0,0,0,0,0,0,0,0
443,Jammu & Kashmir,2008,Victims of Other Rape,219,0,0,3,155,59,219,2
444,Jammu & Kashmir,2009,Total Rape Victims,237,2,1,3,177,52,235,0
445,Jammu & Kashmir,2009,Victims of Incest Rape,4,0,1,0,2,1,4,0
446,Jammu & Kashmir,2009,Victims of Other Rape,233,2,0,3,175,51,231,0
447,Jammu & Kashmir,2010,Total Rape Victims,245,0,1,7,187,50,245,0
448,Jammu & Kashmir,2010,Victims of Incest Rape,0,0,0,0,0,0,0,0
449,Jammu & Kashmir,2010,Victims of Other Rape,245,0,1,7,187,50,245,0
450,Jharkhand,2001,Total Rape Victims,567,0,3,4,478,73,567,9
451,Jharkhand,2001,Victims of Incest Rape,12,0,3,4,2,2,12,1
452,Jharkhand,2001,Victims of Other Rape,555,0,0,0,476,71,555,8
453,Jharkhand,2002,Total Rape Victims,797,0,0,43,676,78,797,0
454,Jharkhand,2002,Victims of Incest Rape,18,0,0,4,11,3,18,0
455,Jharkhand,2002,Victims of Other Rape,779,0,0,39,665,75,779,0
456,Jharkhand,2003,Total Rape Victims,712,0,6,10,606,90,712,0
457,Jharkhand,2003,Victims of Incest Rape,14,0,2,6,6,0,14,0
458,Jharkhand,2003,Victims of Other Rape,698,0,4,4,600,90,698,0
459,Jharkhand,2004,Total Rape Victims,797,0,0,43,676,78,797,0
460,Jharkhand,2004,Victims of Incest Rape,18,0,0,4,11,3,18,0
461,Jharkhand,2004,Victims of Other Rape,779,0,0,39,665,75,779,0
462,Jharkhand,2005,Total Rape Victims,753,1,7,12,384,343,753,6
463,Jharkhand,2005,Victims of Incest Rape,120,0,4,8,65,41,120,2
464,Jharkhand,2005,Victims of Other Rape,633,1,3,4,319,302,633,4
465,Jharkhand,2006,Total Rape Victims,799,2,45,198,419,133,799,2
466,Jharkhand,2006,Victims of Incest Rape,94,0,6,21,50,17,94,0
467,Jharkhand,2006,Victims of Other Rape,705,2,39,177,369,116,705,2
468,Jharkhand,2007,Total Rape Victims,855,5,15,8,639,188,855,0
469,Jharkhand,2007,Victims of Incest Rape,0,0,0,0,0,0,0,0
470,Jharkhand,2007,Victims of Other Rape,855,5,15,8,639,188,855,0
471,Jharkhand,2008,Total Rape Victims,791,2,2,5,662,119,791,1
472,Jharkhand,2008,Victims of Incest Rape,12,0,0,0,7,5,12,0
473,Jharkhand,2008,Victims of Other Rape,779,2,2,5,655,114,779,1
474,Jharkhand,2009,Total Rape Victims,719,0,0,5,494,216,719,4
475,Jharkhand,2009,Victims of Incest Rape,22,0,0,0,16,6,22,0
476,Jharkhand,2009,Victims of Other Rape,697,0,0,5,478,210,697,4
477,Jharkhand,2010,Total Rape Victims,773,0,0,0,604,169,773,0
478,Jharkhand,2010,Victims of Incest Rape,11,0,0,0,10,1,11,0
479,Jharkhand,2010,Victims of Other Rape,762,0,0,0,594,168,762,0
480,Karnataka,2001,Total Rape Victims,293,0,63,62,123,21,293,24
481,Karnataka,2001,Victims of Incest Rape,5,0,0,1,1,0,5,3
482,Karnataka,2001,Victims of Other Rape,288,0,63,61,122,21,288,21
483,Karnataka,2002,Total Rape Victims,292,1,10,6,218,54,292,3
484,Karnataka,2002,Victims of Incest Rape,4,0,1,0,3,0,4,0
485,Karnataka,2002,Victims of Other Rape,288,1,9,6,215,54,288,3
486,Karnataka,2003,Total Rape Victims,321,16,47,67,135,38,321,18
487,Karnataka,2003,Victims of Incest Rape,1,0,0,0,0,0,1,1
488,Karnataka,2003,Victims of Other Rape,320,16,47,67,135,38,320,17
489,Karnataka,2004,Total Rape Victims,291,0,15,12,201,48,291,15
490,Karnataka,2004,Victims of Incest Rape,7,0,1,0,4,0,7,2
491,Karnataka,2004,Victims of Other Rape,284,0,14,12,197,48,284,13
492,Karnataka,2005,Total Rape Victims,343,0,13,21,234,61,343,14
493,Karnataka,2005,Victims of Incest Rape,5,0,0,0,3,2,5,0
494,Karnataka,2005,Victims of Other Rape,338,0,13,21,231,59,338,14
495,Karnataka,2006,Total Rape Victims,400,2,16,46,268,45,400,23
496,Karnataka,2006,Victims of Incest Rape,2,0,1,0,1,0,2,0
497,Karnataka,2006,Victims of Other Rape,398,2,15,46,267,45,398,23
498,Karnataka,2007,Total Rape Victims,436,7,32,32,297,48,436,20
499,Karnataka,2007,Victims of Incest Rape,2,0,0,1,1,0,2,0
500,Karnataka,2007,Victims of Other Rape,434,7,32,31,296,48,434,20
501,Karnataka,2008,Total Rape Victims,446,1,24,52,301,47,446,21
502,Karnataka,2008,Victims of Incest Rape,0,0,0,0,0,0,0,0
503,Karnataka,2008,Victims of Other Rape,446,1,24,52,301,47,446,21
504,Karnataka,2009,Total Rape Victims,509,4,49,18,361,38,509,39
505,Karnataka,2009,Victims of Incest Rape,18,0,0,0,17,1,18,0
506,Karnataka,2009,Victims of Other Rape,491,4,49,18,344,37,491,39
507,Karnataka,2010,Total Rape Victims,586,3,47,69,369,88,586,10
508,Karnataka,2010,Victims of Incest Rape,2,0,0,0,2,0,2,0
509,Karnataka,2010,Victims of Other Rape,584,3,47,69,367,88,584,10
510,Kerala,2001,Total Rape Victims,562,1,46,126,306,64,562,19
511,Kerala,2001,Victims of Incest Rape,4,1,0,1,1,0,4,1
512,Kerala,2001,Victims of Other Rape,558,0,46,125,305,64,558,18
513,Kerala,2002,Total Rape Victims,499,3,29,132,265,45,499,25
514,Kerala,2002,Victims of Incest Rape,4,0,1,0,3,0,4,0
515,Kerala,2002,Victims of Other Rape,495,3,28,132,262,45,495,25
516,Kerala,2003,Total Rape Victims,394,2,36,13,267,56,394,20
517,Kerala,2003,Victims of Incest Rape,7,0,3,0,3,0,7,1
518,Kerala,2003,Victims of Other Rape,387,2,33,13,264,56,387,19
519,Kerala,2004,Total Rape Victims,480,6,36,104,258,57,480,19
520,Kerala,2004,Victims of Incest Rape,3,0,0,2,1,0,3,0
521,Kerala,2004,Victims of Other Rape,477,6,36,102,257,57,477,19
522,Kerala,2005,Total Rape Victims,478,8,31,86,236,90,481,30
523,Kerala,2005,Victims of Incest Rape,12,1,1,4,5,0,12,1
524,Kerala,2005,Victims of Other Rape,466,7,30,82,231,90,469,29
525,Kerala,2006,Total Rape Victims,601,7,59,127,281,96,605,35
526,Kerala,2006,Victims of Incest Rape,28,1,3,9,8,3,28,4
527,Kerala,2006,Victims of Other Rape,573,6,56,118,273,93,577,31
528,Kerala,2007,Total Rape Victims,512,5,45,115,262,63,513,23
529,Kerala,2007,Victims of Incest Rape,21,0,5,4,11,0,21,1
530,Kerala,2007,Victims of Other Rape,491,5,40,111,251,63,492,22
531,Kerala,2008,Total Rape Victims,568,6,51,139,274,73,570,27
532,Kerala,2008,Victims of Incest Rape,17,0,6,6,4,1,17,0
533,Kerala,2008,Victims of Other Rape,551,6,45,133,270,72,553,27
534,Kerala,2009,Total Rape Victims,568,10,45,157,253,70,568,33
535,Kerala,2009,Victims of Incest Rape,18,0,3,7,4,1,18,3
536,Kerala,2009,Victims of Other Rape,550,10,42,150,249,69,550,30
537,Kerala,2010,Total Rape Victims,634,12,48,133,328,86,636,29
538,Kerala,2010,Victims of Incest Rape,14,0,5,2,2,0,14,5
539,Kerala,2010,Victims of Other Rape,620,12,43,131,326,86,622,24
540,Lakshadweep,2001,Total Rape Victims,0,0,0,0,0,0,0,0
541,Lakshadweep,2001,Victims of Incest Rape,0,0,0,0,0,0,0,0
542,Lakshadweep,2001,Victims of Other Rape,0,0,0,0,0,0,0,0
543,Lakshadweep,2002,Total Rape Victims,1,0,0,0,0,1,1,0
544,Lakshadweep,2002,Victims of Incest Rape,0,0,0,0,0,0,0,0
545,Lakshadweep,2002,Victims of Other Rape,1,0,0,0,0,1,1,0
546,Lakshadweep,2003,Total Rape Victims,2,0,0,0,2,0,2,0
547,Lakshadweep,2003,Victims of Incest Rape,0,0,0,0,0,0,0,0
548,Lakshadweep,2003,Victims of Other Rape,2,0,0,0,2,0,2,0
549,Lakshadweep,2004,Total Rape Victims,0,0,0,0,0,0,0,0
550,Lakshadweep,2004,Victims of Incest Rape,0,0,0,0,0,0,0,0
551,Lakshadweep,2004,Victims of Other Rape,0,0,0,0,0,0,0,0
552,Lakshadweep,2005,Total Rape Victims,0,0,0,0,0,0,0,0
553,Lakshadweep,2005,Victims of Incest Rape,0,0,0,0,0,0,0,0
554,Lakshadweep,2005,Victims of Other Rape,0,0,0,0,0,0,0,0
555,Lakshadweep,2006,Total Rape Victims,0,0,0,0,0,0,0,0
556,Lakshadweep,2006,Victims of Incest Rape,0,0,0,0,0,0,0,0
557,Lakshadweep,2006,Victims of Other Rape,0,0,0,0,0,0,0,0
558,Lakshadweep,2007,Total Rape Victims,1,0,0,0,1,0,1,0
559,Lakshadweep,2007,Victims of Incest Rape,0,0,0,0,0,0,0,0
560,Lakshadweep,2007,Victims of Other Rape,1,0,0,0,1,0,1,0
561,Lakshadweep,2008,Total Rape Victims,2,0,0,0,1,1,2,0
562,Lakshadweep,2008,Victims of Incest Rape,0,0,0,0,0,0,0,0
563,Lakshadweep,2008,Victims of Other Rape,2,0,0,0,1,1,2,0
564,Lakshadweep,2009,Total Rape Victims,1,0,0,0,1,0,1,0
565,Lakshadweep,2009,Victims of Incest Rape,0,0,0,0,0,0,0,0
566,Lakshadweep,2009,Victims of Other Rape,1,0,0,0,1,0,1,0
567,Lakshadweep,2010,Total Rape Victims,0,0,0,0,0,0,0,0
568,Lakshadweep,2010,Victims of Incest Rape,0,0,0,0,0,0,0,0
569,Lakshadweep,2010,Victims of Other Rape,0,0,0,0,0,0,0,0
570,Madhya Pradesh,2001,Total Rape Victims,2851,27,304,557,1250,627,2851,86
571,Madhya Pradesh,2001,Victims of Incest Rape,301,0,39,66,130,56,301,10
572,Madhya Pradesh,2001,Victims of Other Rape,2550,27,265,491,1120,571,2550,76
573,Madhya Pradesh,2002,Total Rape Victims,2891,14,185,252,1549,811,2891,80
574,Madhya Pradesh,2002,Victims of Incest Rape,72,1,11,16,37,4,72,3
575,Madhya Pradesh,2002,Victims of Other Rape,2819,13,174,236,1512,807,2819,77
576,Madhya Pradesh,2003,Total Rape Victims,2738,7,231,405,1546,486,2738,63
577,Madhya Pradesh,2003,Victims of Incest Rape,123,0,10,23,71,16,123,3
578,Madhya Pradesh,2003,Victims of Other Rape,2615,7,221,382,1475,470,2615,60
579,Madhya Pradesh,2004,Total Rape Victims,2875,14,280,338,1673,478,2875,92
580,Madhya Pradesh,2004,Victims of Incest Rape,63,0,5,24,24,7,63,3
581,Madhya Pradesh,2004,Victims of Other Rape,2812,14,275,314,1649,471,2812,89
582,Madhya Pradesh,2005,Total Rape Victims,2921,26,294,474,1396,629,2921,102
583,Madhya Pradesh,2005,Victims of Incest Rape,141,1,18,43,57,13,141,9
584,Madhya Pradesh,2005,Victims of Other Rape,2780,25,276,431,1339,616,2780,93
585,Madhya Pradesh,2006,Total Rape Victims,2900,7,96,710,1402,662,2900,23
586,Madhya Pradesh,2006,Victims of Incest Rape,29,0,5,5,12,4,29,3
587,Madhya Pradesh,2006,Victims of Other Rape,2871,7,91,705,1390,658,2871,20
588,Madhya Pradesh,2007,Total Rape Victims,3010,43,287,692,1399,525,3010,64
589,Madhya Pradesh,2007,Victims of Incest Rape,49,0,7,23,14,4,49,1
590,Madhya Pradesh,2007,Victims of Other Rape,2961,43,280,669,1385,521,2961,63
591,Madhya Pradesh,2008,Total Rape Victims,2937,20,227,596,1548,477,2937,69
592,Madhya Pradesh,2008,Victims of Incest Rape,52,0,9,20,15,5,52,3
593,Madhya Pradesh,2008,Victims of Other Rape,2885,20,218,576,1533,472,2885,66
594,Madhya Pradesh,2009,Total Rape Victims,2998,11,291,704,1405,511,2998,76
595,Madhya Pradesh,2009,Victims of Incest Rape,14,0,1,9,2,1,14,1
596,Madhya Pradesh,2009,Victims of Other Rape,2984,11,290,695,1403,510,2984,75
597,Madhya Pradesh,2010,Total Rape Victims,3135,12,304,826,1364,577,3136,53
598,Madhya Pradesh,2010,Victims of Incest Rape,21,0,1,10,4,4,21,2
599,Madhya Pradesh,2010,Victims of Other Rape,3114,12,303,816,1360,573,3115,51
600,Maharashtra,2001,Total Rape Victims,1302,4,152,419,503,135,1302,89
601,Maharashtra,2001,Victims of Incest Rape,20,0,5,6,4,4,20,1
602,Maharashtra,2001,Victims of Other Rape,1282,4,147,413,499,131,1282,88
603,Maharashtra,2002,Total Rape Victims,1352,7,130,319,693,140,1352,63
604,Maharashtra,2002,Victims of Incest Rape,21,0,3,5,9,4,21,0
605,Maharashtra,2002,Victims of Other Rape,1331,7,127,314,684,136,1331,63
606,Maharashtra,2003,Total Rape Victims,1268,4,116,417,541,119,1276,79
607,Maharashtra,2003,Victims of Incest Rape,18,0,1,6,8,0,19,4
608,Maharashtra,2003,Victims of Other Rape,1250,4,115,411,533,119,1257,75
609,Maharashtra,2004,Total Rape Victims,1388,5,133,419,627,123,1392,85
610,Maharashtra,2004,Victims of Incest Rape,31,0,5,15,8,1,32,3
611,Maharashtra,2004,Victims of Other Rape,1357,5,128,404,619,122,1360,82
612,Maharashtra,2005,Total Rape Victims,1545,2,132,421,735,174,1549,85
613,Maharashtra,2005,Victims of Incest Rape,38,0,5,13,14,3,38,3
614,Maharashtra,2005,Victims of Other Rape,1507,2,127,408,721,171,1511,82
615,Maharashtra,2006,Total Rape Victims,1500,4,127,445,707,140,1506,83
616,Maharashtra,2006,Victims of Incest Rape,36,0,9,11,8,4,36,4
617,Maharashtra,2006,Victims of Other Rape,1464,4,118,434,699,136,1470,79
618,Maharashtra,2007,Total Rape Victims,1451,13,125,393,659,168,1457,99
619,Maharashtra,2007,Victims of Incest Rape,40,0,5,9,13,9,40,4
620,Maharashtra,2007,Victims of Other Rape,1411,13,120,384,646,159,1417,95
621,Maharashtra,2008,Total Rape Victims,1558,5,135,441,707,161,1567,118
622,Maharashtra,2008,Victims of Incest Rape,35,1,5,8,11,6,35,4
623,Maharashtra,2008,Victims of Other Rape,1523,4,130,433,696,155,1532,114
624,Maharashtra,2009,Total Rape Victims,1483,8,121,363,713,157,1493,131
625,Maharashtra,2009,Victims of Incest Rape,76,0,3,19,47,3,77,5
626,Maharashtra,2009,Victims of Other Rape,1407,8,118,344,666,154,1416,126
627,Maharashtra,2010,Total Rape Victims,1599,11,134,515,675,168,1611,108
628,Maharashtra,2010,Victims of Incest Rape,44,0,8,13,18,1,44,4
629,Maharashtra,2010,Victims of Other Rape,1555,11,126,502,657,167,1567,104
630,Manipur,2001,Total Rape Victims,20,1,1,4,9,2,20,3
631,Manipur,2001,Victims of Incest Rape,2,0,0,0,0,0,2,2
632,Manipur,2001,Victims of Other Rape,18,1,1,4,9,2,18,1
633,Manipur,2002,Total Rape Victims,14,0,0,0,14,0,14,0
634,Manipur,2002,Victims of Incest Rape,3,0,0,0,3,0,3,0
635,Manipur,2002,Victims of Other Rape,11,0,0,0,11,0,11,0
636,Manipur,2003,Total Rape Victims,18,1,0,7,10,0,18,0
637,Manipur,2003,Victims of Incest Rape,0,0,0,0,0,0,0,0
638,Manipur,2003,Victims of Other Rape,18,1,0,7,10,0,18,0
639,Manipur,2004,Total Rape Victims,31,0,0,2,20,5,31,4
640,Manipur,2004,Victims of Incest Rape,0,0,0,0,0,0,0,0
641,Manipur,2004,Victims of Other Rape,31,0,0,2,20,5,31,4
642,Manipur,2005,Total Rape Victims,25,0,1,0,14,7,25,3
643,Manipur,2005,Victims of Incest Rape,1,0,0,0,0,1,1,0
644,Manipur,2005,Victims of Other Rape,24,0,1,0,14,6,24,3
645,Manipur,2006,Total Rape Victims,40,0,4,9,17,6,42,6
646,Manipur,2006,Victims of Incest Rape,0,0,0,0,0,0,0,0
647,Manipur,2006,Victims of Other Rape,40,0,4,9,17,6,42,6
648,Manipur,2007,Total Rape Victims,20,0,2,0,14,2,20,2
649,Manipur,2007,Victims of Incest Rape,1,0,0,0,0,0,1,1
650,Manipur,2007,Victims of Other Rape,19,0,2,0,14,2,19,1
651,Manipur,2008,Total Rape Victims,38,0,8,8,12,1,38,9
652,Manipur,2008,Victims of Incest Rape,0,0,0,0,0,0,0,0
653,Manipur,2008,Victims of Other Rape,38,0,8,8,12,1,38,9
654,Manipur,2009,Total Rape Victims,31,1,5,2,9,9,31,5
655,Manipur,2009,Victims of Incest Rape,0,0,0,0,0,0,0,0
656,Manipur,2009,Victims of Other Rape,31,1,5,2,9,9,31,5
657,Manipur,2010,Total Rape Victims,34,0,2,8,20,3,34,1
658,Manipur,2010,Victims of Incest Rape,0,0,0,0,0,0,0,0
659,Manipur,2010,Victims of Other Rape,34,0,2,8,20,3,34,1
660,Meghalaya,2001,Total Rape Victims,26,0,2,4,14,3,26,3
661,Meghalaya,2001,Victims of Incest Rape,5,0,0,1,1,2,5,1
662,Meghalaya,2001,Victims of Other Rape,21,0,2,3,13,1,21,2
663,Meghalaya,2002,Total Rape Victims,38,0,9,22,4,0,38,3
664,Meghalaya,2002,Victims of Incest Rape,1,0,0,0,0,0,1,1
665,Meghalaya,2002,Victims of Other Rape,37,0,9,22,4,0,37,2
666,Meghalaya,2003,Total Rape Victims,40,1,5,15,14,1,40,4
667,Meghalaya,2003,Victims of Incest Rape,5,0,2,1,1,0,5,1
668,Meghalaya,2003,Victims of Other Rape,35,1,3,14,13,1,35,3
669,Meghalaya,2004,Total Rape Victims,54,0,8,9,34,0,54,3
670,Meghalaya,2004,Victims of Incest Rape,4,0,3,0,1,0,4,0
671,Meghalaya,2004,Victims of Other Rape,50,0,5,9,33,0,50,3
672,Meghalaya,2005,Total Rape Victims,63,0,10,32,8,4,63,9
673,Meghalaya,2005,Victims of Incest Rape,4,0,0,3,0,0,4,1
674,Meghalaya,2005,Victims of Other Rape,59,0,10,29,8,4,59,8
675,Meghalaya,2006,Total Rape Victims,74,0,11,23,23,3,74,14
676,Meghalaya,2006,Victims of Incest Rape,0,0,0,0,0,0,0,0
677,Meghalaya,2006,Victims of Other Rape,74,0,11,23,23,3,74,14
678,Meghalaya,2007,Total Rape Victims,82,0,12,19,36,2,93,24
679,Meghalaya,2007,Victims of Incest Rape,9,0,0,1,6,0,9,2
680,Meghalaya,2007,Victims of Other Rape,73,0,12,18,30,2,84,22
681,Meghalaya,2008,Total Rape Victims,88,0,17,14,47,4,88,6
682,Meghalaya,2008,Victims of Incest Rape,5,0,3,0,1,0,5,1
683,Meghalaya,2008,Victims of Other Rape,83,0,14,14,46,4,83,5
684,Meghalaya,2009,Total Rape Victims,112,3,23,19,41,7,112,19
685,Meghalaya,2009,Victims of Incest Rape,5,0,2,1,1,0,5,1
686,Meghalaya,2009,Victims of Other Rape,107,3,21,18,40,7,107,18
687,Meghalaya,2010,Total Rape Victims,149,0,34,26,41,17,151,33
688,Meghalaya,2010,Victims of Incest Rape,8,0,4,1,1,0,8,2
689,Meghalaya,2010,Victims of Other Rape,141,0,30,25,40,17,143,31
690,Mizoram,2001,Total Rape Victims,52,0,0,30,14,8,52,0
691,Mizoram,2001,Victims of Incest Rape,0,0,0,0,0,0,0,0
692,Mizoram,2001,Victims of Other Rape,52,0,0,30,14,8,52,0
693,Mizoram,2002,Total Rape Victims,76,9,1,1,52,13,76,0
694,Mizoram,2002,Victims of Incest Rape,0,0,0,0,0,0,0,0
695,Mizoram,2002,Victims of Other Rape,76,9,1,1,52,13,76,0
696,Mizoram,2003,Total Rape Victims,54,0,3,6,22,22,54,1
697,Mizoram,2003,Victims of Incest Rape,2,0,1,1,0,0,2,0
698,Mizoram,2003,Victims of Other Rape,52,0,2,5,22,22,52,1
699,Mizoram,2004,Total Rape Victims,20,0,0,0,12,8,20,0
700,Mizoram,2004,Victims of Incest Rape,0,0,0,0,0,0,0,0
701,Mizoram,2004,Victims of Other Rape,20,0,0,0,12,8,20,0
702,Mizoram,2005,Total Rape Victims,37,0,0,30,7,0,37,0
703,Mizoram,2005,Victims of Incest Rape,0,0,0,0,0,0,0,0
704,Mizoram,2005,Victims of Other Rape,37,0,0,30,7,0,37,0
705,Mizoram,2006,Total Rape Victims,72,0,19,9,32,5,72,7
706,Mizoram,2006,Victims of Incest Rape,0,0,0,0,0,0,0,0
707,Mizoram,2006,Victims of Other Rape,72,0,19,9,32,5,72,7
708,Mizoram,2007,Total Rape Victims,83,2,23,18,10,7,83,23
709,Mizoram,2007,Victims of Incest Rape,2,1,0,0,0,0,2,1
710,Mizoram,2007,Victims of Other Rape,81,1,23,18,10,7,81,22
711,Mizoram,2008,Total Rape Victims,77,0,4,5,49,10,77,9
712,Mizoram,2008,Victims of Incest Rape,3,0,1,1,1,0,3,0
713,Mizoram,2008,Victims of Other Rape,74,0,3,4,48,10,74,9
714,Mizoram,2009,Total Rape Victims,83,0,3,3,42,30,83,5
715,Mizoram,2009,Victims of Incest Rape,3,0,1,0,0,0,3,2
716,Mizoram,2009,Victims of Other Rape,80,0,2,3,42,30,80,3
717,Mizoram,2010,Total Rape Victims,92,4,17,15,29,17,92,10
718,Mizoram,2010,Victims of Incest Rape,3,0,0,1,0,0,3,2
719,Mizoram,2010,Victims of Other Rape,89,4,17,14,29,17,89,8
720,Nagaland,2001,Total Rape Victims,17,0,0,8,6,3,17,0
721,Nagaland,2001,Victims of Incest Rape,1,0,0,0,0,1,1,0
722,Nagaland,2001,Victims of Other Rape,16,0,0,8,6,2,16,0
723,Nagaland,2002,Total Rape Victims,17,0,1,3,11,0,17,2
724,Nagaland,2002,Victims of Incest Rape,0,0,0,0,0,0,0,0
725,Nagaland,2002,Victims of Other Rape,17,0,1,3,11,0,17,2
726,Nagaland,2003,Total Rape Victims,14,0,0,0,14,0,14,0
727,Nagaland,2003,Victims of Incest Rape,0,0,0,0,0,0,0,0
728,Nagaland,2003,Victims of Other Rape,14,0,0,0,14,0,14,0
729,Nagaland,2004,Total Rape Victims,18,0,0,0,17,0,18,1
730,Nagaland,2004,Victims of Incest Rape,0,0,0,0,0,0,0,0
731,Nagaland,2004,Victims of Other Rape,18,0,0,0,17,0,18,1
732,Nagaland,2005,Total Rape Victims,17,0,0,0,12,2,17,3
733,Nagaland,2005,Victims of Incest Rape,0,0,0,0,0,0,0,0
734,Nagaland,2005,Victims of Other Rape,17,0,0,0,12,2,17,3
735,Nagaland,2006,Total Rape Victims,23,0,1,4,11,1,23,6
736,Nagaland,2006,Victims of Incest Rape,0,0,0,0,0,0,0,0
737,Nagaland,2006,Victims of Other Rape,23,0,1,4,11,1,23,6
738,Nagaland,2007,Total Rape Victims,13,0,0,3,6,4,13,0
739,Nagaland,2007,Victims of Incest Rape,1,0,0,1,0,0,1,0
740,Nagaland,2007,Victims of Other Rape,12,0,0,2,6,4,12,0
741,Nagaland,2008,Total Rape Victims,19,0,0,0,19,0,19,0
742,Nagaland,2008,Victims of Incest Rape,1,0,0,0,1,0,1,0
743,Nagaland,2008,Victims of Other Rape,18,0,0,0,18,0,18,0
744,Nagaland,2009,Total Rape Victims,22,0,0,0,17,5,22,0
745,Nagaland,2009,Victims of Incest Rape,0,0,0,0,0,0,0,0
746,Nagaland,2009,Victims of Other Rape,22,0,0,0,17,5,22,0
747,Nagaland,2010,Total Rape Victims,16,0,1,2,6,6,16,1
748,Nagaland,2010,Victims of Incest Rape,1,0,0,1,0,0,1,0
749,Nagaland,2010,Victims of Other Rape,15,0,1,1,6,6,15,1
750,Odisha,2001,Total Rape Victims,790,0,9,297,402,74,790,8
751,Odisha,2001,Victims of Incest Rape,4,0,0,3,1,0,4,0
752,Odisha,2001,Victims of Other Rape,786,0,9,294,401,74,786,8
753,Odisha,2002,Total Rape Victims,691,0,9,0,614,56,691,12
754,Odisha,2002,Victims of Incest Rape,1,0,1,0,0,0,1,0
755,Odisha,2002,Victims of Other Rape,690,0,8,0,614,56,690,12
756,Odisha,2003,Total Rape Victims,725,1,18,32,586,83,725,5
757,Odisha,2003,Victims of Incest Rape,0,0,0,0,0,0,0,0
758,Odisha,2003,Victims of Other Rape,725,1,18,32,586,83,725,5
759,Odisha,2004,Total Rape Victims,770,0,2,2,616,123,770,27
760,Odisha,2004,Victims of Incest Rape,1,0,1,0,0,0,1,0
761,Odisha,2004,Victims of Other Rape,769,0,1,2,616,123,769,27
762,Odisha,2005,Total Rape Victims,799,3,0,10,636,132,799,18
763,Odisha,2005,Victims of Incest Rape,7,0,0,0,6,1,7,0
764,Odisha,2005,Victims of Other Rape,792,3,0,10,630,131,792,18
765,Odisha,2006,Total Rape Victims,985,2,51,27,730,152,985,23
766,Odisha,2006,Victims of Incest Rape,0,0,0,0,0,0,0,0
767,Odisha,2006,Victims of Other Rape,985,2,51,27,730,152,985,23
768,Odisha,2007,Total Rape Victims,939,0,41,42,659,188,939,9
769,Odisha,2007,Victims of Incest Rape,0,0,0,0,0,0,0,0
770,Odisha,2007,Victims of Other Rape,939,0,41,42,659,188,939,9
771,Odisha,2008,Total Rape Victims,1113,12,27,24,645,388,1113,17
772,Odisha,2008,Victims of Incest Rape,17,0,0,1,13,1,17,2
773,Odisha,2008,Victims of Other Rape,1096,12,27,23,632,387,1096,15
774,Odisha,2009,Total Rape Victims,1023,7,24,57,747,182,1023,6
775,Odisha,2009,Victims of Incest Rape,6,0,1,0,5,0,6,0
776,Odisha,2009,Victims of Other Rape,1017,7,23,57,742,182,1017,6
777,Odisha,2010,Total Rape Victims,1025,5,17,44,787,159,1025,13
778,Odisha,2010,Victims of Incest Rape,37,0,12,21,2,0,37,2
779,Odisha,2010,Victims of Other Rape,988,5,5,23,785,159,988,11
780,Puducherry,2001,Total Rape Victims,9,0,2,2,1,1,9,3
781,Puducherry,2001,Victims of Incest Rape,0,0,0,0,0,0,0,0
782,Puducherry,2001,Victims of Other Rape,9,0,2,2,1,1,9,3
783,Puducherry,2002,Total Rape Victims,6,0,0,3,2,0,6,1
784,Puducherry,2002,Victims of Incest Rape,0,0,0,0,0,0,0,0
785,Puducherry,2002,Victims of Other Rape,6,0,0,3,2,0,6,1
786,Puducherry,2003,Total Rape Victims,2,0,0,0,1,0,2,1
787,Puducherry,2003,Victims of Incest Rape,0,0,0,0,0,0,0,0
788,Puducherry,2003,Victims of Other Rape,2,0,0,0,1,0,2,1
789,Puducherry,2004,Total Rape Victims,4,0,0,4,0,0,4,0
790,Puducherry,2004,Victims of Incest Rape,0,0,0,0,0,0,0,0
791,Puducherry,2004,Victims of Other Rape,4,0,0,4,0,0,4,0
792,Puducherry,2005,Total Rape Victims,6,0,0,2,3,0,6,1
793,Puducherry,2005,Victims of Incest Rape,0,0,0,0,0,0,0,0
794,Puducherry,2005,Victims of Other Rape,6,0,0,2,3,0,6,1
795,Puducherry,2006,Total Rape Victims,9,0,1,5,1,0,9,2
796,Puducherry,2006,Victims of Incest Rape,0,0,0,0,0,0,0,0
797,Puducherry,2006,Victims of Other Rape,9,0,1,5,1,0,9,2
798,Puducherry,2007,Total Rape Victims,9,0,0,2,6,0,9,1
799,Puducherry,2007,Victims of Incest Rape,0,0,0,0,0,0,0,0
800,Puducherry,2007,Victims of Other Rape,9,0,0,2,6,0,9,1
801,Puducherry,2008,Total Rape Victims,8,0,1,3,3,1,8,0
802,Puducherry,2008,Victims of Incest Rape,0,0,0,0,0,0,0,0
803,Puducherry,2008,Victims of Other Rape,8,0,1,3,3,1,8,0
804,Puducherry,2009,Total Rape Victims,1,0,0,1,0,0,1,0
805,Puducherry,2009,Victims of Incest Rape,0,0,0,0,0,0,0,0
806,Puducherry,2009,Victims of Other Rape,1,0,0,1,0,0,1,0
807,Puducherry,2010,Total Rape Victims,3,0,0,3,0,0,3,0
808,Puducherry,2010,Victims of Incest Rape,0,0,0,0,0,0,0,0
809,Puducherry,2010,Victims of Other Rape,3,0,0,3,0,0,3,0
810,Punjab,2001,Total Rape Victims,298,1,30,137,98,24,298,8
811,Punjab,2001,Victims of Incest Rape,0,0,0,0,0,0,0,0
812,Punjab,2001,Victims of Other Rape,298,1,30,137,98,24,298,8
813,Punjab,2002,Total Rape Victims,299,1,12,32,213,33,299,8
814,Punjab,2002,Victims of Incest Rape,4,0,0,2,2,0,4,0
815,Punjab,2002,Victims of Other Rape,295,1,12,30,211,33,295,8
816,Punjab,2003,Total Rape Victims,380,1,14,34,262,63,380,6
817,Punjab,2003,Victims of Incest Rape,9,0,2,2,5,0,9,0
818,Punjab,2003,Victims of Other Rape,371,1,12,32,257,63,371,6
819,Punjab,2004,Total Rape Victims,390,0,12,35,262,74,390,7
820,Punjab,2004,Victims of Incest Rape,65,0,2,6,45,12,65,0
821,Punjab,2004,Victims of Other Rape,325,0,10,29,217,62,325,7
822,Punjab,2005,Total Rape Victims,398,0,19,23,239,108,398,9
823,Punjab,2005,Victims of Incest Rape,50,0,1,11,25,11,50,2
824,Punjab,2005,Victims of Other Rape,348,0,18,12,214,97,348,7
825,Punjab,2006,Total Rape Victims,442,0,19,26,319,64,442,14
826,Punjab,2006,Victims of Incest Rape,1,0,0,0,1,0,1,0
827,Punjab,2006,Victims of Other Rape,441,0,19,26,318,64,441,14
828,Punjab,2007,Total Rape Victims,519,3,38,71,302,79,519,26
829,Punjab,2007,Victims of Incest Rape,7,0,0,6,1,0,7,0
830,Punjab,2007,Victims of Other Rape,512,3,38,65,301,79,512,26
831,Punjab,2008,Total Rape Victims,517,5,36,45,359,47,519,27
832,Punjab,2008,Victims of Incest Rape,2,0,0,0,1,1,2,0
833,Punjab,2008,Victims of Other Rape,515,5,36,45,358,46,517,27
834,Punjab,2009,Total Rape Victims,511,1,48,131,258,43,515,34
835,Punjab,2009,Victims of Incest Rape,8,0,2,3,3,0,8,0
836,Punjab,2009,Victims of Other Rape,503,1,46,128,255,43,507,34
837,Punjab,2010,Total Rape Victims,546,1,39,83,346,55,547,23
838,Punjab,2010,Victims of Incest Rape,17,0,4,7,5,0,17,1
839,Punjab,2010,Victims of Other Rape,529,1,35,76,341,55,530,22
840,Rajasthan,2001,Total Rape Victims,1049,7,44,229,606,147,1049,16
841,Rajasthan,2001,Victims of Incest Rape,18,0,1,7,8,1,18,1
842,Rajasthan,2001,Victims of Other Rape,1031,7,43,222,598,146,1031,15
843,Rajasthan,2002,Total Rape Victims,1051,5,8,25,788,220,1051,5
844,Rajasthan,2002,Victims of Incest Rape,31,1,3,9,13,5,31,0
845,Rajasthan,2002,Victims of Other Rape,1020,4,5,16,775,215,1020,5
846,Rajasthan,2003,Total Rape Victims,1050,7,11,31,751,243,1050,7
847,Rajasthan,2003,Victims of Incest Rape,32,0,0,2,24,5,32,1
848,Rajasthan,2003,Victims of Other Rape,1018,7,11,29,727,238,1018,6
849,Rajasthan,2004,Total Rape Victims,1038,7,41,86,645,249,1038,10
850,Rajasthan,2004,Victims of Incest Rape,39,0,6,7,17,9,39,0
851,Rajasthan,2004,Victims of Other Rape,999,7,35,79,628,240,999,10
852,Rajasthan,2005,Total Rape Victims,993,16,44,181,515,216,993,21
853,Rajasthan,2005,Victims of Incest Rape,33,0,5,10,11,7,33,0
854,Rajasthan,2005,Victims of Other Rape,960,16,39,171,504,209,960,21
855,Rajasthan,2006,Total Rape Victims,1085,5,80,197,555,214,1085,34
856,Rajasthan,2006,Victims of Incest Rape,42,0,3,12,22,4,42,1
857,Rajasthan,2006,Victims of Other Rape,1043,5,77,185,533,210,1043,33
858,Rajasthan,2007,Total Rape Victims,1238,8,79,286,639,187,1240,41
859,Rajasthan,2007,Victims of Incest Rape,42,1,7,13,15,3,42,3
860,Rajasthan,2007,Victims of Other Rape,1196,7,72,273,624,184,1198,38
861,Rajasthan,2008,Total Rape Victims,1355,10,116,275,706,219,1355,29
862,Rajasthan,2008,Victims of Incest Rape,40,0,6,7,21,4,40,2
863,Rajasthan,2008,Victims of Other Rape,1315,10,110,268,685,215,1315,27
864,Rajasthan,2009,Total Rape Victims,1519,4,55,288,856,289,1520,28
865,Rajasthan,2009,Victims of Incest Rape,36,0,3,7,20,4,36,2
866,Rajasthan,2009,Victims of Other Rape,1483,4,52,281,836,285,1484,26
867,Rajasthan,2010,Total Rape Victims,1571,36,72,277,805,346,1573,37
868,Rajasthan,2010,Victims of Incest Rape,24,0,2,6,10,4,24,2
869,Rajasthan,2010,Victims of Other Rape,1547,36,70,271,795,342,1549,35
870,Sikkim,2001,Total Rape Victims,8,0,0,4,2,1,8,1
871,Sikkim,2001,Victims of Incest Rape,1,0,0,0,0,0,1,1
872,Sikkim,2001,Victims of Other Rape,7,0,0,4,2,1,7,0
873,Sikkim,2002,Total Rape Victims,6,0,2,2,2,0,6,0
874,Sikkim,2002,Victims of Incest Rape,1,0,1,0,0,0,1,0
875,Sikkim,2002,Victims of Other Rape,5,0,1,2,2,0,5,0
876,Sikkim,2003,Total Rape Victims,10,0,4,1,1,0,10,4
877,Sikkim,2003,Victims of Incest Rape,0,0,0,0,0,0,0,0
878,Sikkim,2003,Victims of Other Rape,10,0,4,1,1,0,10,4
879,Sikkim,2004,Total Rape Victims,3,0,1,1,0,2,4,0
880,Sikkim,2004,Victims of Incest Rape,0,0,0,0,0,0,0,0
881,Sikkim,2004,Victims of Other Rape,3,0,1,1,0,2,4,0
882,Sikkim,2005,Total Rape Victims,18,0,5,7,2,2,20,4
883,Sikkim,2005,Victims of Incest Rape,1,0,1,0,0,0,1,0
884,Sikkim,2005,Victims of Other Rape,17,0,4,7,2,2,19,4
885,Sikkim,2006,Total Rape Victims,20,0,4,5,3,0,20,8
886,Sikkim,2006,Victims of Incest Rape,0,0,0,0,0,0,0,0
887,Sikkim,2006,Victims of Other Rape,20,0,4,5,3,0,20,8
888,Sikkim,2007,Total Rape Victims,24,0,3,5,5,1,24,10
889,Sikkim,2007,Victims of Incest Rape,4,0,0,1,0,0,4,3
890,Sikkim,2007,Victims of Other Rape,20,0,3,4,5,1,20,7
891,Sikkim,2008,Total Rape Victims,20,0,3,1,8,0,21,9
892,Sikkim,2008,Victims of Incest Rape,1,0,0,0,0,0,1,1
893,Sikkim,2008,Victims of Other Rape,19,0,3,1,8,0,20,8
894,Sikkim,2009,Total Rape Victims,18,0,5,5,2,2,18,4
895,Sikkim,2009,Victims of Incest Rape,0,0,0,0,0,0,0,0
896,Sikkim,2009,Victims of Other Rape,18,0,5,5,2,2,18,4
897,Sikkim,2010,Total Rape Victims,18,0,7,2,1,2,18,6
898,Sikkim,2010,Victims of Incest Rape,2,0,1,0,0,0,2,1
899,Sikkim,2010,Victims of Other Rape,16,0,6,2,1,2,16,5
900,Tamil Nadu,2001,Total Rape Victims,423,2,15,174,192,34,423,6
901,Tamil Nadu,2001,Victims of Incest Rape,21,0,2,4,13,2,21,0
902,Tamil Nadu,2001,Victims of Other Rape,402,2,13,170,179,32,402,6
903,Tamil Nadu,2002,Total Rape Victims,534,1,8,6,465,39,534,15
904,Tamil Nadu,2002,Victims of Incest Rape,0,0,0,0,0,0,0,0
905,Tamil Nadu,2002,Victims of Other Rape,534,1,8,6,465,39,534,15
906,Tamil Nadu,2003,Total Rape Victims,557,1,14,21,360,149,557,12
907,Tamil Nadu,2003,Victims of Incest Rape,40,0,7,17,12,1,40,3
908,Tamil Nadu,2003,Victims of Other Rape,517,1,7,4,348,148,517,9
909,Tamil Nadu,2004,Total Rape Victims,618,3,50,85,417,30,619,34
910,Tamil Nadu,2004,Victims of Incest Rape,36,0,0,7,29,0,36,0
911,Tamil Nadu,2004,Victims of Other Rape,582,3,50,78,388,30,583,34
912,Tamil Nadu,2005,Total Rape Victims,571,0,28,58,396,60,571,29
913,Tamil Nadu,2005,Victims of Incest Rape,11,0,0,0,8,2,11,1
914,Tamil Nadu,2005,Victims of Other Rape,560,0,28,58,388,58,560,28
915,Tamil Nadu,2006,Total Rape Victims,457,2,34,68,275,55,457,23
916,Tamil Nadu,2006,Victims of Incest Rape,1,0,1,0,0,0,1,0
917,Tamil Nadu,2006,Victims of Other Rape,456,2,33,68,275,55,456,23
918,Tamil Nadu,2007,Total Rape Victims,523,1,41,89,346,35,532,20
919,Tamil Nadu,2007,Victims of Incest Rape,2,0,0,1,0,0,2,1
920,Tamil Nadu,2007,Victims of Other Rape,521,1,41,88,346,35,530,19
921,Tamil Nadu,2008,Total Rape Victims,573,0,29,131,340,46,573,27
922,Tamil Nadu,2008,Victims of Incest Rape,1,0,0,0,0,0,1,1
923,Tamil Nadu,2008,Victims of Other Rape,572,0,29,131,340,46,572,26
924,Tamil Nadu,2009,Total Rape Victims,596,2,34,120,390,22,596,28
925,Tamil Nadu,2009,Victims of Incest Rape,4,0,0,3,0,0,4,1
926,Tamil Nadu,2009,Victims of Other Rape,592,2,34,117,390,22,592,27
927,Tamil Nadu,2010,Total Rape Victims,686,0,50,139,411,66,687,21
928,Tamil Nadu,2010,Victims of Incest Rape,0,0,0,0,0,0,0,0
929,Tamil Nadu,2010,Victims of Other Rape,686,0,50,139,411,66,687,21
930,Tripura,2001,Total Rape Victims,102,0,0,50,47,5,102,0
931,Tripura,2001,Victims of Incest Rape,0,0,0,0,0,0,0,0
932,Tripura,2001,Victims of Other Rape,102,0,0,50,47,5,102,0
933,Tripura,2002,Total Rape Victims,108,0,0,0,98,10,108,0
934,Tripura,2002,Victims of Incest Rape,0,0,0,0,0,0,0,0
935,Tripura,2002,Victims of Other Rape,108,0,0,0,98,10,108,0
936,Tripura,2003,Total Rape Victims,114,0,0,0,102,12,114,0
937,Tripura,2003,Victims of Incest Rape,0,0,0,0,0,0,0,0
938,Tripura,2003,Victims of Other Rape,114,0,0,0,102,12,114,0
939,Tripura,2004,Total Rape Victims,160,0,7,14,109,23,160,7
940,Tripura,2004,Victims of Incest Rape,1,0,0,1,0,0,1,0
941,Tripura,2004,Victims of Other Rape,159,0,7,13,109,23,159,7
942,Tripura,2005,Total Rape Victims,162,0,13,4,129,13,162,3
943,Tripura,2005,Victims of Incest Rape,0,0,0,0,0,0,0,0
944,Tripura,2005,Victims of Other Rape,162,0,13,4,129,13,162,3
945,Tripura,2006,Total Rape Victims,189,1,4,34,135,17,191,0
946,Tripura,2006,Victims of Incest Rape,4,0,0,4,0,0,4,0
947,Tripura,2006,Victims of Other Rape,185,1,4,30,135,17,187,0
948,Tripura,2007,Total Rape Victims,157,0,14,16,113,11,157,3
949,Tripura,2007,Victims of Incest Rape,0,0,0,0,0,0,0,0
950,Tripura,2007,Victims of Other Rape,157,0,14,16,113,11,157,3
951,Tripura,2008,Total Rape Victims,204,0,23,65,96,4,204,16
952,Tripura,2008,Victims of Incest Rape,0,0,0,0,0,0,0,0
953,Tripura,2008,Victims of Other Rape,204,0,23,65,96,4,204,16
954,Tripura,2009,Total Rape Victims,190,0,22,51,79,28,190,10
955,Tripura,2009,Victims of Incest Rape,0,0,0,0,0,0,0,0
956,Tripura,2009,Victims of Other Rape,190,0,22,51,79,28,190,10
957,Tripura,2010,Total Rape Victims,238,0,27,61,93,38,238,19
958,Tripura,2010,Victims of Incest Rape,0,0,0,0,0,0,0,0
959,Tripura,2010,Victims of Other Rape,238,0,27,61,93,38,238,19
960,Uttar Pradesh,2001,Total Rape Victims,1958,0,122,406,1082,314,1958,34
961,Uttar Pradesh,2001,Victims of Incest Rape,3,0,2,0,1,0,3,0
962,Uttar Pradesh,2001,Victims of Other Rape,1955,0,120,406,1081,314,1955,34
963,Uttar Pradesh,2002,Total Rape Victims,1415,0,111,271,775,220,1415,38
964,Uttar Pradesh,2002,Victims of Incest Rape,12,0,1,2,8,0,12,1
965,Uttar Pradesh,2002,Victims of Other Rape,1403,0,110,269,767,220,1403,37
966,Uttar Pradesh,2003,Total Rape Victims,911,2,75,207,477,117,911,33
967,Uttar Pradesh,2003,Victims of Incest Rape,10,0,2,5,2,0,10,1
968,Uttar Pradesh,2003,Victims of Other Rape,901,2,73,202,475,117,901,32
969,Uttar Pradesh,2004,Total Rape Victims,1397,2,99,242,838,163,1397,53
970,Uttar Pradesh,2004,Victims of Incest Rape,35,0,2,21,9,3,35,0
971,Uttar Pradesh,2004,Victims of Other Rape,1362,2,97,221,829,160,1362,53
972,Uttar Pradesh,2005,Total Rape Victims,1217,5,103,247,656,162,1217,44
973,Uttar Pradesh,2005,Victims of Incest Rape,70,0,0,18,52,0,70,0
974,Uttar Pradesh,2005,Victims of Other Rape,1147,5,103,229,604,162,1147,44
975,Uttar Pradesh,2006,Total Rape Victims,1314,3,56,273,780,184,1314,18
976,Uttar Pradesh,2006,Victims of Incest Rape,0,0,0,0,0,0,0,0
977,Uttar Pradesh,2006,Victims of Other Rape,1314,3,56,273,780,184,1314,18
978,Uttar Pradesh,2007,Total Rape Victims,1648,0,109,349,910,267,1648,13
979,Uttar Pradesh,2007,Victims of Incest Rape,1,0,0,0,0,0,1,1
980,Uttar Pradesh,2007,Victims of Other Rape,1647,0,109,349,910,267,1647,12
981,Uttar Pradesh,2008,Total Rape Victims,1871,0,171,685,785,186,1871,44
982,Uttar Pradesh,2008,Victims of Incest Rape,1,0,0,0,0,1,1,0
983,Uttar Pradesh,2008,Victims of Other Rape,1870,0,171,685,785,185,1870,44
984,Uttar Pradesh,2009,Total Rape Victims,1759,0,416,166,911,223,1759,43
985,Uttar Pradesh,2009,Victims of Incest Rape,2,0,0,1,0,0,2,1
986,Uttar Pradesh,2009,Victims of Other Rape,1757,0,416,165,911,223,1757,42
987,Uttar Pradesh,2010,Total Rape Victims,1563,0,162,246,862,250,1563,43
988,Uttar Pradesh,2010,Victims of Incest Rape,4,0,1,2,1,0,4,0
989,Uttar Pradesh,2010,Victims of Other Rape,1559,0,161,244,861,250,1559,43
990,Uttarakhand,2001,Total Rape Victims,74,0,7,16,38,7,74,6
991,Uttarakhand,2001,Victims of Incest Rape,0,0,0,0,0,0,0,0
992,Uttarakhand,2001,Victims of Other Rape,74,0,7,16,38,7,74,6
993,Uttarakhand,2002,Total Rape Victims,89,0,4,2,66,15,89,2
994,Uttarakhand,2002,Victims of Incest Rape,16,0,4,2,6,2,16,2
995,Uttarakhand,2002,Victims of Other Rape,73,0,0,0,60,13,73,0
996,Uttarakhand,2003,Total Rape Victims,107,0,4,6,83,13,107,1
997,Uttarakhand,2003,Victims of Incest Rape,2,0,0,0,2,0,2,0
998,Uttarakhand,2003,Victims of Other Rape,105,0,4,6,81,13,105,1
999,Uttarakhand,2004,Total Rape Victims,115,0,6,9,72,26,115,2
1000,Uttarakhand,2004,Victims of Incest Rape,13,0,0,1,8,4,13,0
1001,Uttarakhand,2004,Victims of Other Rape,102,0,6,8,64,22,102,2
1002,Uttarakhand,2005,Total Rape Victims,133,0,3,12,95,20,133,3
1003,Uttarakhand,2005,Victims of Incest Rape,3,0,0,0,2,1,3,0
1004,Uttarakhand,2005,Victims of Other Rape,130,0,3,12,93,19,130,3
1005,Uttarakhand,2006,Total Rape Victims,147,0,7,15,106,18,147,1
1006,Uttarakhand,2006,Victims of Incest Rape,6,0,3,0,2,1,6,0
1007,Uttarakhand,2006,Victims of Other Rape,141,0,4,15,104,17,141,1
1008,Uttarakhand,2007,Total Rape Victims,117,0,9,7,74,26,117,1
1009,Uttarakhand,2007,Victims of Incest Rape,8,0,2,4,2,0,8,0
1010,Uttarakhand,2007,Victims of Other Rape,109,0,7,3,72,26,109,1
1011,Uttarakhand,2008,Total Rape Victims,87,0,4,5,64,14,87,0
1012,Uttarakhand,2008,Victims of Incest Rape,6,0,2,1,2,1,6,0
1013,Uttarakhand,2008,Victims of Other Rape,81,0,2,4,62,13,81,0
1014,Uttarakhand,2009,Total Rape Victims,111,0,3,3,89,15,111,1
1015,Uttarakhand,2009,Victims of Incest Rape,6,0,3,1,2,0,6,0
1016,Uttarakhand,2009,Victims of Other Rape,105,0,0,2,87,15,105,1
1017,Uttarakhand,2010,Total Rape Victims,121,0,3,5,92,19,121,2
1018,Uttarakhand,2010,Victims of Incest Rape,11,0,2,2,5,1,11,1
1019,Uttarakhand,2010,Victims of Other Rape,110,0,1,3,87,18,110,1
1020,West Bengal,2001,Total Rape Victims,709,0,3,5,594,103,709,4
1021,West Bengal,2001,Victims of Incest Rape,0,0,0,0,0,0,0,0
1022,West Bengal,2001,Victims of Other Rape,709,0,3,5,594,103,709,4
1023,West Bengal,2002,Total Rape Victims,759,0,3,8,552,191,759,5
1024,West Bengal,2002,Victims of Incest Rape,0,0,0,0,0,0,0,0
1025,West Bengal,2002,Victims of Other Rape,759,0,3,8,552,191,759,5
1026,West Bengal,2003,Total Rape Victims,1002,2,7,4,826,158,1002,5
1027,West Bengal,2003,Victims of Incest Rape,15,0,2,0,12,0,15,1
1028,West Bengal,2003,Victims of Other Rape,987,2,5,4,814,158,987,4
1029,West Bengal,2004,Total Rape Victims,1475,1,3,14,965,490,1475,2
1030,West Bengal,2004,Victims of Incest Rape,24,0,0,0,17,7,24,0
1031,West Bengal,2004,Victims of Other Rape,1451,1,3,14,948,483,1451,2
1032,West Bengal,2005,Total Rape Victims,1686,1,0,3,1451,228,1686,3
1033,West Bengal,2005,Victims of Incest Rape,36,0,0,0,31,5,36,0
1034,West Bengal,2005,Victims of Other Rape,1650,1,0,3,1420,223,1650,3
1035,West Bengal,2006,Total Rape Victims,1731,0,5,13,1477,234,1731,2
1036,West Bengal,2006,Victims of Incest Rape,6,0,0,0,6,0,6,0
1037,West Bengal,2006,Victims of Other Rape,1725,0,5,13,1471,234,1725,2
1038,West Bengal,2007,Total Rape Victims,2106,5,42,36,1478,531,2106,14
1039,West Bengal,2007,Victims of Incest Rape,114,0,2,3,81,25,114,3
1040,West Bengal,2007,Victims of Other Rape,1992,5,40,33,1397,506,1992,11
1041,West Bengal,2008,Total Rape Victims,2263,1,53,54,1629,504,2263,22
1042,West Bengal,2008,Victims of Incest Rape,9,0,2,1,1,0,9,5
1043,West Bengal,2008,Victims of Other Rape,2254,1,51,53,1628,504,2254,17
1044,West Bengal,2009,Total Rape Victims,2336,0,18,85,1835,392,2336,6
1045,West Bengal,2009,Victims of Incest Rape,3,0,0,1,1,1,3,0
1046,West Bengal,2009,Victims of Other Rape,2333,0,18,84,1834,391,2333,6
1047,West Bengal,2010,Total Rape Victims,2311,0,22,51,1779,459,2311,0
1048,West Bengal,2010,Victims of Incest Rape,4,0,1,0,2,1,4,0
1049,West Bengal,2010,Victims of Other Rape,2307,0,21,51,1777,458,2307,0
