index,Area_Name,Year,Victims_of_Murder_by_Fire_arms,Victims_of_Murder_by_Licensed_arms,Victims_of_Murder_by_Un_licensedImprovisedCrudeCountry_made_Arms_Etc
0,Uttar Pradesh,2004,4969,437.0,4532.0
1,Uttar Pradesh,2002,4098,403.0,3695.0
2,Uttar Pradesh,2006,2565,330.0,2235.0
3,Uttar Pradesh,2003,3855,317.0,3538.0
4,Uttar Pradesh,2008,1470,261.0,1209.0
5,Uttar Pradesh,2005,2144,257.0,1887.0
6,Uttar Pradesh,2007,1841,225.0,1616.0
7,Uttar Pradesh,2001,2368,206.0,2162.0
8,Uttar Pradesh,2009,917,172.0,745.0
9,Jharkhand,2007,461,120.0,341.0
10,Uttar Pradesh,2010,892,114.0,778.0
11,Bihar,2004,1058,107.0,951.0
12,Jammu & Kashmir,2008,181,94.0,87.0
13,Assam,2002,215,77.0,138.0
14,Punjab,2002,213,75.0,138.0
15,Madhya Pradesh,2008,197,74.0,123.0
16,Punjab,2004,81,72.0,9.0
17,Punjab,2006,71,71.0,
18,Punjab,2001,227,70.0,157.0
19,Madhya Pradesh,2004,243,67.0,176.0
20,Madhya Pradesh,2001,305,65.0,240.0
21,Punjab,2010,73,65.0,8.0
22,Madhya Pradesh,2005,268,61.0,207.0
23,Bihar,2003,1381,60.0,1321.0
24,Madhya Pradesh,2003,177,60.0,117.0
25,Punjab,2007,62,58.0,4.0
26,Bihar,2002,1413,55.0,1358.0
27,Punjab,2005,62,54.0,8.0
28,Madhya Pradesh,2007,213,54.0,159.0
29,Madhya Pradesh,2002,210,50.0,160.0
30,Madhya Pradesh,2006,232,49.0,183.0
31,Punjab,2008,54,48.0,6.0
32,Madhya Pradesh,2009,159,48.0,111.0
33,Punjab,2009,51,46.0,5.0
34,Bihar,2005,1095,45.0,1050.0
35,Punjab,2003,53,44.0,9.0
36,Madhya Pradesh,2010,191,43.0,148.0
37,Rajasthan,2002,98,42.0,56.0
38,Bihar,2001,1568,41.0,1527.0
39,Rajasthan,2003,94,41.0,53.0
40,Jharkhand,2002,181,39.0,142.0
41,Rajasthan,2004,77,36.0,41.0
42,Rajasthan,2001,224,34.0,190.0
43,Rajasthan,2007,83,29.0,54.0
44,Haryana,2009,157,29.0,128.0
45,Bihar,2007,955,28.0,927.0
46,Chhattisgarh,2005,193,27.0,166.0
47,Jammu & Kashmir,2001,1388,25.0,1363.0
48,Chhattisgarh,2001,338,24.0,314.0
49,Assam,2001,259,23.0,236.0
50,Haryana,2002,122,23.0,99.0
51,Haryana,2006,141,23.0,118.0
52,Haryana,2001,127,22.0,105.0
53,Jammu & Kashmir,2006,586,22.0,564.0
54,Haryana,2005,193,19.0,174.0
55,Bihar,2006,1082,19.0,1063.0
56,Rajasthan,2010,65,19.0,46.0
57,Andhra Pradesh,2001,58,18.0,40.0
58,Haryana,2004,116,18.0,98.0
59,Rajasthan,2006,76,17.0,59.0
60,Haryana,2007,132,17.0,115.0
61,Haryana,2010,143,17.0,126.0
62,Haryana,2003,149,15.0,134.0
63,Jharkhand,2008,467,15.0,452.0
64,Jammu & Kashmir,2004,875,14.0,861.0
65,Jammu & Kashmir,2009,57,14.0,43.0
66,Karnataka,2003,17,13.0,4.0
67,Andhra Pradesh,2005,187,13.0,174.0
68,Rajasthan,2005,74,13.0,61.0
69,Delhi,2007,40,13.0,27.0
70,Bihar,2008,622,13.0,609.0
71,Haryana,2008,116,13.0,103.0
72,West Bengal,2002,168,12.0,156.0
73,Delhi,2005,34,12.0,22.0
74,Manipur,2006,173,12.0,161.0
75,Delhi,2008,73,12.0,61.0
76,Rajasthan,2008,77,12.0,65.0
77,Rajasthan,2009,71,12.0,59.0
78,Delhi,2001,58,11.0,47.0
79,Maharashtra,2003,64,11.0,53.0
80,Uttarakhand,2003,108,10.0,98.0
81,Jammu & Kashmir,2007,295,10.0,285.0
82,Bihar,2010,694,10.0,684.0
83,Jammu & Kashmir,2010,87,10.0,77.0
84,Maharashtra,2002,55,9.0,46.0
85,Gujarat,2005,22,9.0,13.0
86,Karnataka,2005,11,9.0,2.0
87,Bihar,2009,718,9.0,709.0
88,Uttarakhand,2001,98,8.0,90.0
89,Gujarat,2002,56,8.0,48.0
90,Manipur,2002,150,8.0,142.0
91,Andhra Pradesh,2003,67,8.0,59.0
92,Andhra Pradesh,2004,137,8.0,129.0
93,Jharkhand,2006,108,8.0,100.0
94,Assam,2010,31,8.0,23.0
95,Jharkhand,2010,231,8.0,223.0
96,Manipur,2001,181,7.0,174.0
97,Maharashtra,2005,64,7.0,57.0
98,Nagaland,2005,37,7.0,30.0
99,Arunachal Pradesh,2007,7,7.0,0.0
100,Assam,2007,36,7.0,29.0
101,Gujarat,2008,14,7.0,7.0
102,Karnataka,2009,12,7.0,5.0
103,Karnataka,2010,11,7.0,4.0
104,Maharashtra,2010,56,7.0,49.0
105,Gujarat,2001,13,6.0,7.0
106,Karnataka,2001,9,6.0,3.0
107,Maharashtra,2001,43,6.0,37.0
108,Delhi,2002,43,6.0,37.0
109,Assam,2003,64,6.0,58.0
110,Manipur,2003,137,6.0,131.0
111,Odisha,2003,23,6.0,17.0
112,Gujarat,2006,18,6.0,12.0
113,Uttarakhand,2006,125,6.0,119.0
114,Gujarat,2009,21,6.0,15.0
115,Arunachal Pradesh,2001,9,5.0,4.0
116,Karnataka,2002,7,5.0,2.0
117,Arunachal Pradesh,2003,7,5.0,2.0
118,Assam,2004,34,5.0,29.0
119,Delhi,2004,31,5.0,26.0
120,Gujarat,2004,17,5.0,12.0
121,Karnataka,2004,6,5.0,1.0
122,Maharashtra,2004,51,5.0,46.0
123,Uttarakhand,2004,92,5.0,87.0
124,Arunachal Pradesh,2005,6,5.0,1.0
125,Himachal Pradesh,2005,5,5.0,0.0
126,Karnataka,2007,5,5.0,0.0
127,Assam,2008,30,5.0,25.0
128,Assam,2009,25,5.0,20.0
129,Himachal Pradesh,2009,6,5.0,1.0
130,Maharashtra,2009,42,5.0,37.0
131,Meghalaya,2010,9,5.0,4.0
132,Tamil Nadu,2010,13,5.0,8.0
133,Himachal Pradesh,2001,5,4.0,1.0
134,Nagaland,2001,25,4.0,21.0
135,Arunachal Pradesh,2002,5,4.0,1.0
136,Himachal Pradesh,2002,4,4.0,0.0
137,Tamil Nadu,2002,9,4.0,5.0
138,Uttarakhand,2002,117,4.0,113.0
139,Delhi,2003,42,4.0,38.0
140,Mizoram,2003,5,4.0,1.0
141,Mizoram,2004,10,4.0,6.0
142,Odisha,2004,9,4.0,5.0
143,Mizoram,2005,10,4.0,6.0
144,Arunachal Pradesh,2006,4,4.0,0.0
145,Assam,2006,25,4.0,21.0
146,Delhi,2006,40,4.0,36.0
147,Himachal Pradesh,2007,4,4.0,0.0
148,Maharashtra,2007,37,4.0,33.0
149,Tripura,2007,25,4.0,21.0
150,West Bengal,2007,160,4.0,156.0
151,Arunachal Pradesh,2009,4,4.0,0.0
152,Andhra Pradesh,2002,156,3.0,153.0
153,Nagaland,2002,42,3.0,39.0
154,Gujarat,2003,17,3.0,14.0
155,Arunachal Pradesh,2004,4,3.0,1.0
156,Himachal Pradesh,2004,3,3.0,0.0
157,Nagaland,2004,32,3.0,29.0
158,Manipur,2005,234,3.0,231.0
159,Uttarakhand,2005,39,3.0,36.0
160,Karnataka,2006,8,3.0,5.0
161,Maharashtra,2006,25,3.0,22.0
162,Nagaland,2007,54,3.0,51.0
163,Andhra Pradesh,2008,11,3.0,8.0
164,Himachal Pradesh,2008,3,3.0,0.0
165,Nagaland,2008,92,3.0,89.0
166,Gujarat,2010,10,3.0,6.0
167,Himachal Pradesh,2010,3,3.0,0.0
168,Manipur,2010,40,3.0,37.0
169,Jharkhand,2001,503,2.0,501.0
170,Odisha,2002,21,2.0,19.0
171,Himachal Pradesh,2003,2,2.0,0.0
172,Meghalaya,2003,28,2.0,26.0
173,West Bengal,2003,150,2.0,148.0
174,Chhattisgarh,2004,37,2.0,35.0
175,Manipur,2004,147,2.0,145.0
176,West Bengal,2004,169,2.0,167.0
177,Mizoram,2006,2,2.0,0.0
178,Nagaland,2006,47,2.0,45.0
179,Mizoram,2007,2,2.0,0.0
180,Arunachal Pradesh,2008,5,2.0,3.0
181,Karnataka,2008,11,2.0,9.0
182,Odisha,2008,3,2.0,1.0
183,Delhi,2009,66,2.0,64.0
184,Mizoram,2009,4,2.0,2.0
185,Nagaland,2009,24,2.0,22.0
186,Andhra Pradesh,2010,8,2.0,6.0
187,Delhi,2010,74,2.0,72.0
188,Nagaland,2010,17,2.0,15.0
189,Kerala,2001,1,1.0,
190,Meghalaya,2001,23,1.0,22.0
191,Odisha,2001,15,1.0,14.0
192,Tamil Nadu,2001,37,1.0,36.0
193,Goa,2002,2,1.0,1.0
194,Chandigarh,2003,2,1.0,1.0
195,Chhattisgarh,2003,250,1.0,249.0
196,Dadra & Nagar Haveli,2003,1,1.0,
197,Nagaland,2003,15,1.0,14.0
198,Sikkim,2003,1,1.0,0.0
199,Dadra & Nagar Haveli,2004,1,1.0,0.0
200,Assam,2005,17,1.0,16.0
201,Jammu & Kashmir,2005,629,1.0,628.0
202,Tamil Nadu,2005,2,1.0,1.0
203,Chhattisgarh,2006,97,1.0,96.0
204,West Bengal,2006,84,1.0,83.0
205,Andhra Pradesh,2007,7,1.0,6.0
206,Chandigarh,2007,1,1.0,0.0
207,Chhattisgarh,2007,148,1.0,147.0
208,Uttarakhand,2007,49,1.0,48.0
209,Maharashtra,2008,197,1.0,196.0
210,Meghalaya,2008,8,1.0,7.0
211,Mizoram,2008,2,1.0,1.0
212,Tamil Nadu,2008,2,1.0,1.0
213,Uttarakhand,2008,86,1.0,85.0
214,Kerala,2009,2,1.0,1.0
215,Uttarakhand,2009,64,1.0,63.0
216,West Bengal,2009,188,1.0,187.0
217,Chandigarh,2010,2,1.0,1.0
218,Kerala,2010,2,1.0,1.0
219,Mizoram,2010,1,1.0,0.0
220,Odisha,2010,10,1.0,9.0
221,Tripura,2010,2,1.0,1.0
222,Uttarakhand,2010,30,1.0,29.0
223,West Bengal,2010,307,1.0,306.0
224,Chandigarh,2001,0,0.0,0.0
225,West Bengal,2001,50,0.0,50.0
226,Chandigarh,2002,1,0.0,1.0
227,Chhattisgarh,2002,844,0.0,844.0
228,Daman & Diu,2002,0,0.0,0.0
229,Jammu & Kashmir,2002,956,0.0,956.0
230,Meghalaya,2002,10,0.0,10.0
231,Daman & Diu,2003,1,0.0,1.0
232,Jammu & Kashmir,2003,852,0.0,852.0
233,Jharkhand,2003,167,0.0,167.0
234,Tamil Nadu,2003,5,0.0,5.0
235,Chandigarh,2004,2,0.0,2.0
236,Meghalaya,2004,6,0.0,6.0
237,Tamil Nadu,2004,1,0.0,1.0
238,Chandigarh,2005,0,0.0,0.0
239,Jharkhand,2005,108,0.0,108.0
240,Meghalaya,2005,5,0.0,5.0
241,Odisha,2005,11,0.0,11.0
242,Tripura,2005,36,0.0,36.0
243,West Bengal,2005,154,0.0,154.0
244,Andhra Pradesh,2006,21,0.0,21.0
245,Chandigarh,2006,4,0.0,4.0
246,Himachal Pradesh,2006,1,0.0,1.0
247,Meghalaya,2006,8,0.0,8.0
248,Odisha,2006,2,0.0,2.0
249,Tamil Nadu,2006,2,0.0,2.0
250,Gujarat,2007,3,0.0,3.0
251,Manipur,2007,212,0.0,212.0
252,Meghalaya,2007,0,0.0,0.0
253,Odisha,2007,5,0.0,5.0
254,Puducherry,2007,1,0.0,1.0
255,Chandigarh,2008,0,0.0,0.0
256,Chhattisgarh,2008,104,0.0,104.0
257,Manipur,2008,154,0.0,154.0
258,West Bengal,2008,111,0.0,111.0
259,Andhra Pradesh,2009,8,0.0,8.0
260,Chandigarh,2009,2,0.0,2.0
261,Chhattisgarh,2009,43,0.0,43.0
262,Jharkhand,2009,326,0.0,326.0
263,Manipur,2009,107,0.0,107.0
264,Meghalaya,2009,3,0.0,3.0
265,Odisha,2009,2,0.0,2.0
266,Tamil Nadu,2009,4,0.0,4.0
267,Arunachal Pradesh,2010,0,0.0,0.0
268,Chhattisgarh,2010,59,0.0,59.0
269,Tripura,2001,87,,87.0
270,Tripura,2002,97,,97.0
271,Puducherry,2003,0,,
272,Tripura,2003,92,,92.0
273,Jharkhand,2004,170,,170.0
274,Kerala,2004,1,,1.0
275,Tripura,2004,55,,55.0
276,Goa,2005,1,,1.0
277,Kerala,2005,2,,2.0
278,Goa,2006,1,,1.0
279,Tripura,2006,27,,27.0
280,Goa,2008,2,,2.0
281,Tripura,2008,9,,9.0
282,Tripura,2009,10,,10.0
283,Goa,2010,3,,3.0
