index,Area_Name,Year,Group_Name,Sub_Group_Name,PH_Houses_Provided_by_Department,PH_Houses_provided_on_LeaseRentGPRA,PH_Sanctioned_Strength
0,Andaman & Nicobar Islands,2001,PH_Officers (DySP & Above),1. For Officers (Dy.SP & Above),7.0,,17
1,Andhra Pradesh,2001,PH_Officers (DySP & Above),1. For Officers (Dy.SP & Above),102.0,189.0,569
2,Arunachal Pradesh,2001,PH_Officers (DySP & Above),1. For Officers (Dy.SP & Above),81.0,11.0,92
3,Assam,2001,PH_Officers (DySP & Above),1. For Officers (Dy.SP & Above),0.0,0.0,531
4,Bihar,2001,PH_Officers (DySP & Above),1. For Officers (Dy.SP & Above),130.0,89.0,222
5,Chandigarh,2001,PH_Officers (DySP & Above),1. For Officers (Dy.SP & Above),10.0,0.0,17
6,Chhattisgarh,2001,PH_Officers (DySP & Above),1. For Officers (Dy.SP & Above),70.0,168.0,140
7,Dadra & Nagar Haveli,2001,PH_Officers (DySP & Above),1. For Officers (Dy.SP & Above),,2.0,2
8,Delhi,2001,PH_Officers (DySP & Above),1. For Officers (Dy.SP & Above),168.0,,371
9,Goa,2001,PH_Officers (DySP & Above),1. For Officers (Dy.SP & Above),8.0,8.0,34
10,Gujarat,2001,PH_Officers (DySP & Above),1. For Officers (Dy.SP & Above),111.0,23.0,374
11,Haryana,2001,PH_Officers (DySP & Above),1. For Officers (Dy.SP & Above),136.0,14.0,243
12,Himachal Pradesh,2001,PH_Officers (DySP & Above),1. For Officers (Dy.SP & Above),30.0,9.0,207
13,Jammu & Kashmir,2001,PH_Officers (DySP & Above),1. For Officers (Dy.SP & Above),73.0,0.0,569
14,Karnataka,2001,PH_Officers (DySP & Above),1. For Officers (Dy.SP & Above),139.0,41.0,267
15,Kerala,2001,PH_Officers (DySP & Above),1. For Officers (Dy.SP & Above),73.0,5.0,424
16,Lakshadweep,2001,PH_Officers (DySP & Above),1. For Officers (Dy.SP & Above),2.0,,2
17,Madhya Pradesh,2001,PH_Officers (DySP & Above),1. For Officers (Dy.SP & Above),,,1137
18,Maharashtra,2001,PH_Officers (DySP & Above),1. For Officers (Dy.SP & Above),0.0,633.0,936
19,Manipur,2001,PH_Officers (DySP & Above),1. For Officers (Dy.SP & Above),16.0,,202
20,Meghalaya,2001,PH_Officers (DySP & Above),1. For Officers (Dy.SP & Above),35.0,75.0,110
21,Mizoram,2001,PH_Officers (DySP & Above),1. For Officers (Dy.SP & Above),30.0,3.0,116
22,Nagaland,2001,PH_Officers (DySP & Above),1. For Officers (Dy.SP & Above),21.0,7.0,106
23,Odisha,2001,PH_Officers (DySP & Above),1. For Officers (Dy.SP & Above),165.0,77.0,414
24,Puducherry,2001,PH_Officers (DySP & Above),1. For Officers (Dy.SP & Above),14.0,1.0,20
25,Punjab,2001,PH_Officers (DySP & Above),1. For Officers (Dy.SP & Above),84.0,27.0,628
26,Rajasthan,2001,PH_Officers (DySP & Above),1. For Officers (Dy.SP & Above),40.0,,740
27,Sikkim,2001,PH_Officers (DySP & Above),1. For Officers (Dy.SP & Above),28.0,2.0,67
28,Tamil Nadu,2001,PH_Officers (DySP & Above),1. For Officers (Dy.SP & Above),206.0,,884
29,Tripura,2001,PH_Officers (DySP & Above),1. For Officers (Dy.SP & Above),200.0,,317
30,Uttar Pradesh,2001,PH_Officers (DySP & Above),1. For Officers (Dy.SP & Above),229.0,395.0,1590
31,Uttarakhand,2001,PH_Officers (DySP & Above),1. For Officers (Dy.SP & Above),15.0,,126
32,West Bengal,2001,PH_Officers (DySP & Above),1. For Officers (Dy.SP & Above),71.0,38.0,691
33,Andaman & Nicobar Islands,2002,PH_Officers (DySP & Above),1. For Officers (Dy.SP & Above),10.0,4.0,17
34,Andhra Pradesh,2002,PH_Officers (DySP & Above),1. For Officers (Dy.SP & Above),30.0,564.0,594
35,Arunachal Pradesh,2002,PH_Officers (DySP & Above),1. For Officers (Dy.SP & Above),81.0,29.0,95
36,Assam,2002,PH_Officers (DySP & Above),1. For Officers (Dy.SP & Above),77.0,0.0,531
37,Bihar,2002,PH_Officers (DySP & Above),1. For Officers (Dy.SP & Above),141.0,75.0,631
38,Chandigarh,2002,PH_Officers (DySP & Above),1. For Officers (Dy.SP & Above),10.0,0.0,17
39,Chhattisgarh,2002,PH_Officers (DySP & Above),1. For Officers (Dy.SP & Above),8.0,315.0,140
40,Dadra & Nagar Haveli,2002,PH_Officers (DySP & Above),1. For Officers (Dy.SP & Above),0.0,1.0,1
41,Daman & Diu,2002,PH_Officers (DySP & Above),1. For Officers (Dy.SP & Above),3.0,0.0,3
42,Delhi,2002,PH_Officers (DySP & Above),1. For Officers (Dy.SP & Above),172.0,,371
43,Goa,2002,PH_Officers (DySP & Above),1. For Officers (Dy.SP & Above),6.0,11.0,34
44,Gujarat,2002,PH_Officers (DySP & Above),1. For Officers (Dy.SP & Above),77.0,28.0,376
45,Haryana,2002,PH_Officers (DySP & Above),1. For Officers (Dy.SP & Above),136.0,21.0,243
46,Himachal Pradesh,2002,PH_Officers (DySP & Above),1. For Officers (Dy.SP & Above),30.0,25.0,197
47,Jammu & Kashmir,2002,PH_Officers (DySP & Above),1. For Officers (Dy.SP & Above),73.0,,569
48,Jharkhand,2002,PH_Officers (DySP & Above),1. For Officers (Dy.SP & Above),34.0,26.0,321
49,Karnataka,2002,PH_Officers (DySP & Above),1. For Officers (Dy.SP & Above),109.0,35.0,274
50,Kerala,2002,PH_Officers (DySP & Above),1. For Officers (Dy.SP & Above),122.0,5.0,424
51,Lakshadweep,2002,PH_Officers (DySP & Above),1. For Officers (Dy.SP & Above),2.0,,2
52,Madhya Pradesh,2002,PH_Officers (DySP & Above),1. For Officers (Dy.SP & Above),105.0,156.0,859
53,Maharashtra,2002,PH_Officers (DySP & Above),1. For Officers (Dy.SP & Above),0.0,635.0,952
54,Manipur,2002,PH_Officers (DySP & Above),1. For Officers (Dy.SP & Above),16.0,,202
55,Meghalaya,2002,PH_Officers (DySP & Above),1. For Officers (Dy.SP & Above),45.0,75.0,120
56,Mizoram,2002,PH_Officers (DySP & Above),1. For Officers (Dy.SP & Above),221.0,,52
57,Nagaland,2002,PH_Officers (DySP & Above),1. For Officers (Dy.SP & Above),22.0,7.0,124
58,Odisha,2002,PH_Officers (DySP & Above),1. For Officers (Dy.SP & Above),165.0,77.0,416
59,Puducherry,2002,PH_Officers (DySP & Above),1. For Officers (Dy.SP & Above),14.0,1.0,20
60,Punjab,2002,PH_Officers (DySP & Above),1. For Officers (Dy.SP & Above),47.0,,628
61,Rajasthan,2002,PH_Officers (DySP & Above),1. For Officers (Dy.SP & Above),40.0,,740
62,Sikkim,2002,PH_Officers (DySP & Above),1. For Officers (Dy.SP & Above),8.0,9.0,66
63,Tamil Nadu,2002,PH_Officers (DySP & Above),1. For Officers (Dy.SP & Above),224.0,0.0,895
64,Tripura,2002,PH_Officers (DySP & Above),1. For Officers (Dy.SP & Above),40.0,,344
65,Uttar Pradesh,2002,PH_Officers (DySP & Above),1. For Officers (Dy.SP & Above),229.0,395.0,1590
66,Uttarakhand,2002,PH_Officers (DySP & Above),1. For Officers (Dy.SP & Above),13.0,0.0,126
67,West Bengal,2002,PH_Officers (DySP & Above),1. For Officers (Dy.SP & Above),521.0,10.0,660
68,Andaman & Nicobar Islands,2003,PH_Officers (DySP & Above),1. For Officers (Dy.SP & Above),7.0,4.0,17
69,Andhra Pradesh,2003,PH_Officers (DySP & Above),1. For Officers (Dy.SP & Above),30.0,,475
70,Arunachal Pradesh,2003,PH_Officers (DySP & Above),1. For Officers (Dy.SP & Above),88.0,7.0,95
71,Assam,2003,PH_Officers (DySP & Above),1. For Officers (Dy.SP & Above),77.0,1.0,531
72,Bihar,2003,PH_Officers (DySP & Above),1. For Officers (Dy.SP & Above),144.0,73.0,495
73,Chandigarh,2003,PH_Officers (DySP & Above),1. For Officers (Dy.SP & Above),10.0,0.0,17
74,Chhattisgarh,2003,PH_Officers (DySP & Above),1. For Officers (Dy.SP & Above),22.0,77.0,372
75,Dadra & Nagar Haveli,2003,PH_Officers (DySP & Above),1. For Officers (Dy.SP & Above),,1.0,2
76,Daman & Diu,2003,PH_Officers (DySP & Above),1. For Officers (Dy.SP & Above),3.0,1.0,3
77,Delhi,2003,PH_Officers (DySP & Above),1. For Officers (Dy.SP & Above),209.0,0.0,371
78,Goa,2003,PH_Officers (DySP & Above),1. For Officers (Dy.SP & Above),4.0,9.0,34
79,Gujarat,2003,PH_Officers (DySP & Above),1. For Officers (Dy.SP & Above),92.0,34.0,376
80,Haryana,2003,PH_Officers (DySP & Above),1. For Officers (Dy.SP & Above),139.0,19.0,281
81,Himachal Pradesh,2003,PH_Officers (DySP & Above),1. For Officers (Dy.SP & Above),43.0,21.0,197
82,Jammu & Kashmir,2003,PH_Officers (DySP & Above),1. For Officers (Dy.SP & Above),73.0,0.0,569
83,Jharkhand,2003,PH_Officers (DySP & Above),1. For Officers (Dy.SP & Above),20.0,16.0,57
84,Karnataka,2003,PH_Officers (DySP & Above),1. For Officers (Dy.SP & Above),108.0,33.0,272
85,Kerala,2003,PH_Officers (DySP & Above),1. For Officers (Dy.SP & Above),38.0,2.0,431
86,Lakshadweep,2003,PH_Officers (DySP & Above),1. For Officers (Dy.SP & Above),2.0,0.0,2
87,Madhya Pradesh,2003,PH_Officers (DySP & Above),1. For Officers (Dy.SP & Above),105.0,156.0,813
88,Maharashtra,2003,PH_Officers (DySP & Above),1. For Officers (Dy.SP & Above),,,952
89,Manipur,2003,PH_Officers (DySP & Above),1. For Officers (Dy.SP & Above),20.0,0.0,205
90,Meghalaya,2003,PH_Officers (DySP & Above),1. For Officers (Dy.SP & Above),45.0,67.0,112
91,Mizoram,2003,PH_Officers (DySP & Above),1. For Officers (Dy.SP & Above),64.0,0.0,120
92,Nagaland,2003,PH_Officers (DySP & Above),1. For Officers (Dy.SP & Above),11.0,3.0,125
93,Odisha,2003,PH_Officers (DySP & Above),1. For Officers (Dy.SP & Above),165.0,77.0,416
94,Puducherry,2003,PH_Officers (DySP & Above),1. For Officers (Dy.SP & Above),14.0,1.0,22
95,Punjab,2003,PH_Officers (DySP & Above),1. For Officers (Dy.SP & Above),47.0,,628
96,Rajasthan,2003,PH_Officers (DySP & Above),1. For Officers (Dy.SP & Above),40.0,,766
97,Sikkim,2003,PH_Officers (DySP & Above),1. For Officers (Dy.SP & Above),8.0,9.0,66
98,Tamil Nadu,2003,PH_Officers (DySP & Above),1. For Officers (Dy.SP & Above),271.0,,887
99,Tripura,2003,PH_Officers (DySP & Above),1. For Officers (Dy.SP & Above),50.0,,344
100,Uttar Pradesh,2003,PH_Officers (DySP & Above),1. For Officers (Dy.SP & Above),240.0,395.0,1590
101,Uttarakhand,2003,PH_Officers (DySP & Above),1. For Officers (Dy.SP & Above),49.0,0.0,126
102,West Bengal,2003,PH_Officers (DySP & Above),1. For Officers (Dy.SP & Above),513.0,10.0,627
103,Andaman & Nicobar Islands,2004,PH_Officers (DySP & Above),1. For Officers (Dy.SP & Above),7.0,4.0,17
104,Andhra Pradesh,2004,PH_Officers (DySP & Above),1. For Officers (Dy.SP & Above),32.0,575.0,607
105,Arunachal Pradesh,2004,PH_Officers (DySP & Above),1. For Officers (Dy.SP & Above),90.0,5.0,95
106,Assam,2004,PH_Officers (DySP & Above),1. For Officers (Dy.SP & Above),77.0,0.0,531
107,Bihar,2004,PH_Officers (DySP & Above),1. For Officers (Dy.SP & Above),144.0,73.0,475
108,Chandigarh,2004,PH_Officers (DySP & Above),1. For Officers (Dy.SP & Above),10.0,0.0,17
109,Chhattisgarh,2004,PH_Officers (DySP & Above),1. For Officers (Dy.SP & Above),34.0,73.0,82
110,Dadra & Nagar Haveli,2004,PH_Officers (DySP & Above),1. For Officers (Dy.SP & Above),,2.0,2
111,Daman & Diu,2004,PH_Officers (DySP & Above),1. For Officers (Dy.SP & Above),3.0,1.0,4
112,Delhi,2004,PH_Officers (DySP & Above),1. For Officers (Dy.SP & Above),314.0,,371
113,Goa,2004,PH_Officers (DySP & Above),1. For Officers (Dy.SP & Above),6.0,10.0,34
114,Gujarat,2004,PH_Officers (DySP & Above),1. For Officers (Dy.SP & Above),95.0,39.0,376
115,Haryana,2004,PH_Officers (DySP & Above),1. For Officers (Dy.SP & Above),138.0,25.0,282
116,Himachal Pradesh,2004,PH_Officers (DySP & Above),1. For Officers (Dy.SP & Above),43.0,21.0,197
117,Jammu & Kashmir,2004,PH_Officers (DySP & Above),1. For Officers (Dy.SP & Above),,,569
118,Jharkhand,2004,PH_Officers (DySP & Above),1. For Officers (Dy.SP & Above),20.0,16.0,57
119,Karnataka,2004,PH_Officers (DySP & Above),1. For Officers (Dy.SP & Above),105.0,33.0,275
120,Kerala,2004,PH_Officers (DySP & Above),1. For Officers (Dy.SP & Above),38.0,2.0,424
121,Lakshadweep,2004,PH_Officers (DySP & Above),1. For Officers (Dy.SP & Above),2.0,,2
122,Madhya Pradesh,2004,PH_Officers (DySP & Above),1. For Officers (Dy.SP & Above),443.0,302.0,938
123,Maharashtra,2004,PH_Officers (DySP & Above),1. For Officers (Dy.SP & Above),,,963
124,Manipur,2004,PH_Officers (DySP & Above),1. For Officers (Dy.SP & Above),22.0,1.0,203
125,Meghalaya,2004,PH_Officers (DySP & Above),1. For Officers (Dy.SP & Above),45.0,67.0,112
126,Mizoram,2004,PH_Officers (DySP & Above),1. For Officers (Dy.SP & Above),64.0,0.0,120
127,Nagaland,2004,PH_Officers (DySP & Above),1. For Officers (Dy.SP & Above),152.0,4.0,126
128,Odisha,2004,PH_Officers (DySP & Above),1. For Officers (Dy.SP & Above),174.0,2.0,434
129,Puducherry,2004,PH_Officers (DySP & Above),1. For Officers (Dy.SP & Above),13.0,1.0,20
130,Punjab,2004,PH_Officers (DySP & Above),1. For Officers (Dy.SP & Above),47.0,,618
131,Rajasthan,2004,PH_Officers (DySP & Above),1. For Officers (Dy.SP & Above),50.0,,763
132,Sikkim,2004,PH_Officers (DySP & Above),1. For Officers (Dy.SP & Above),8.0,9.0,96
133,Tamil Nadu,2004,PH_Officers (DySP & Above),1. For Officers (Dy.SP & Above),272.0,,912
134,Tripura,2004,PH_Officers (DySP & Above),1. For Officers (Dy.SP & Above),71.0,,353
135,Uttar Pradesh,2004,PH_Officers (DySP & Above),1. For Officers (Dy.SP & Above),240.0,395.0,1606
136,Uttarakhand,2004,PH_Officers (DySP & Above),1. For Officers (Dy.SP & Above),38.0,0.0,126
137,West Bengal,2004,PH_Officers (DySP & Above),1. For Officers (Dy.SP & Above),505.0,10.0,730
138,Andaman & Nicobar Islands,2005,PH_Officers (DySP & Above),1. For Officers (Dy.SP & Above),9.0,,17
139,Andhra Pradesh,2005,PH_Officers (DySP & Above),1. For Officers (Dy.SP & Above),64.0,566.0,630
140,Arunachal Pradesh,2005,PH_Officers (DySP & Above),1. For Officers (Dy.SP & Above),90.0,5.0,95
141,Assam,2005,PH_Officers (DySP & Above),1. For Officers (Dy.SP & Above),6.0,0.0,531
142,Bihar,2005,PH_Officers (DySP & Above),1. For Officers (Dy.SP & Above),141.0,352.0,493
143,Chandigarh,2005,PH_Officers (DySP & Above),1. For Officers (Dy.SP & Above),10.0,0.0,17
144,Chhattisgarh,2005,PH_Officers (DySP & Above),1. For Officers (Dy.SP & Above),17.0,74.0,438
145,Dadra & Nagar Haveli,2005,PH_Officers (DySP & Above),1. For Officers (Dy.SP & Above),0.0,2.0,2
146,Daman & Diu,2005,PH_Officers (DySP & Above),1. For Officers (Dy.SP & Above),1.0,,5
147,Delhi,2005,PH_Officers (DySP & Above),1. For Officers (Dy.SP & Above),410.0,,408
148,Goa,2005,PH_Officers (DySP & Above),1. For Officers (Dy.SP & Above),12.0,7.0,33
149,Gujarat,2005,PH_Officers (DySP & Above),1. For Officers (Dy.SP & Above),107.0,36.0,376
150,Haryana,2005,PH_Officers (DySP & Above),1. For Officers (Dy.SP & Above),203.0,31.0,245
151,Himachal Pradesh,2005,PH_Officers (DySP & Above),1. For Officers (Dy.SP & Above),43.0,21.0,208
152,Jammu & Kashmir,2005,PH_Officers (DySP & Above),1. For Officers (Dy.SP & Above),73.0,0.0,601
153,Jharkhand,2005,PH_Officers (DySP & Above),1. For Officers (Dy.SP & Above),19.0,18.0,58
154,Karnataka,2005,PH_Officers (DySP & Above),1. For Officers (Dy.SP & Above),112.0,26.0,275
155,Kerala,2005,PH_Officers (DySP & Above),1. For Officers (Dy.SP & Above),60.0,2.0,427
156,Lakshadweep,2005,PH_Officers (DySP & Above),1. For Officers (Dy.SP & Above),1.0,1.0,2
157,Madhya Pradesh,2005,PH_Officers (DySP & Above),1. For Officers (Dy.SP & Above),443.0,302.0,809
158,Maharashtra,2005,PH_Officers (DySP & Above),1. For Officers (Dy.SP & Above),,,963
159,Manipur,2005,PH_Officers (DySP & Above),1. For Officers (Dy.SP & Above),32.0,1.0,234
160,Meghalaya,2005,PH_Officers (DySP & Above),1. For Officers (Dy.SP & Above),45.0,66.0,111
161,Mizoram,2005,PH_Officers (DySP & Above),1. For Officers (Dy.SP & Above),24.0,0.0,136
162,Nagaland,2005,PH_Officers (DySP & Above),1. For Officers (Dy.SP & Above),72.0,11.0,127
163,Odisha,2005,PH_Officers (DySP & Above),1. For Officers (Dy.SP & Above),174.0,2.0,443
164,Puducherry,2005,PH_Officers (DySP & Above),1. For Officers (Dy.SP & Above),13.0,1.0,25
165,Punjab,2005,PH_Officers (DySP & Above),1. For Officers (Dy.SP & Above),47.0,,618
166,Rajasthan,2005,PH_Officers (DySP & Above),1. For Officers (Dy.SP & Above),50.0,,863
167,Sikkim,2005,PH_Officers (DySP & Above),1. For Officers (Dy.SP & Above),8.0,9.0,102
168,Tamil Nadu,2005,PH_Officers (DySP & Above),1. For Officers (Dy.SP & Above),309.0,,1046
169,Tripura,2005,PH_Officers (DySP & Above),1. For Officers (Dy.SP & Above),79.0,,291
170,Uttar Pradesh,2005,PH_Officers (DySP & Above),1. For Officers (Dy.SP & Above),1211.0,403.0,1632
171,Uttarakhand,2005,PH_Officers (DySP & Above),1. For Officers (Dy.SP & Above),39.0,,126
172,West Bengal,2005,PH_Officers (DySP & Above),1. For Officers (Dy.SP & Above),523.0,10.0,737
173,Andaman & Nicobar Islands,2006,PH_Officers (DySP & Above),1. For Officers (Dy.SP & Above),7.0,4.0,18
174,Andhra Pradesh,2006,PH_Officers (DySP & Above),1. For Officers (Dy.SP & Above),32.0,566.0,637
175,Arunachal Pradesh,2006,PH_Officers (DySP & Above),1. For Officers (Dy.SP & Above),77.0,19.0,96
176,Assam,2006,PH_Officers (DySP & Above),1. For Officers (Dy.SP & Above),9.0,0.0,531
177,Bihar,2006,PH_Officers (DySP & Above),1. For Officers (Dy.SP & Above),137.0,369.0,506
178,Chandigarh,2006,PH_Officers (DySP & Above),1. For Officers (Dy.SP & Above),10.0,0.0,17
179,Chhattisgarh,2006,PH_Officers (DySP & Above),1. For Officers (Dy.SP & Above),64.0,50.0,358
180,Dadra & Nagar Haveli,2006,PH_Officers (DySP & Above),1. For Officers (Dy.SP & Above),0.0,2.0,2
181,Daman & Diu,2006,PH_Officers (DySP & Above),1. For Officers (Dy.SP & Above),,,5
182,Delhi,2006,PH_Officers (DySP & Above),1. For Officers (Dy.SP & Above),332.0,,425
183,Goa,2006,PH_Officers (DySP & Above),1. For Officers (Dy.SP & Above),10.0,6.0,33
184,Gujarat,2006,PH_Officers (DySP & Above),1. For Officers (Dy.SP & Above),146.0,25.0,415
185,Haryana,2006,PH_Officers (DySP & Above),1. For Officers (Dy.SP & Above),177.0,23.0,263
186,Himachal Pradesh,2006,PH_Officers (DySP & Above),1. For Officers (Dy.SP & Above),44.0,21.0,172
187,Jammu & Kashmir,2006,PH_Officers (DySP & Above),1. For Officers (Dy.SP & Above),73.0,0.0,650
188,Jharkhand,2006,PH_Officers (DySP & Above),1. For Officers (Dy.SP & Above),39.0,18.0,89
189,Karnataka,2006,PH_Officers (DySP & Above),1. For Officers (Dy.SP & Above),120.0,32.0,277
190,Kerala,2006,PH_Officers (DySP & Above),1. For Officers (Dy.SP & Above),143.0,0.0,433
191,Lakshadweep,2006,PH_Officers (DySP & Above),1. For Officers (Dy.SP & Above),1.0,1.0,2
192,Madhya Pradesh,2006,PH_Officers (DySP & Above),1. For Officers (Dy.SP & Above),364.0,191.0,914
193,Maharashtra,2006,PH_Officers (DySP & Above),1. For Officers (Dy.SP & Above),,,1078
194,Manipur,2006,PH_Officers (DySP & Above),1. For Officers (Dy.SP & Above),49.0,5.0,226
195,Meghalaya,2006,PH_Officers (DySP & Above),1. For Officers (Dy.SP & Above),45.0,65.0,110
196,Mizoram,2006,PH_Officers (DySP & Above),1. For Officers (Dy.SP & Above),125.0,6.0,149
197,Nagaland,2006,PH_Officers (DySP & Above),1. For Officers (Dy.SP & Above),41.0,10.0,128
198,Odisha,2006,PH_Officers (DySP & Above),1. For Officers (Dy.SP & Above),124.0,0.0,509
199,Puducherry,2006,PH_Officers (DySP & Above),1. For Officers (Dy.SP & Above),14.0,,25
200,Punjab,2006,PH_Officers (DySP & Above),1. For Officers (Dy.SP & Above),47.0,,652
201,Rajasthan,2006,PH_Officers (DySP & Above),1. For Officers (Dy.SP & Above),52.0,,1029
202,Sikkim,2006,PH_Officers (DySP & Above),1. For Officers (Dy.SP & Above),8.0,9.0,84
203,Tamil Nadu,2006,PH_Officers (DySP & Above),1. For Officers (Dy.SP & Above),342.0,,1073
204,Tripura,2006,PH_Officers (DySP & Above),1. For Officers (Dy.SP & Above),79.0,,334
205,Uttar Pradesh,2006,PH_Officers (DySP & Above),1. For Officers (Dy.SP & Above),1211.0,403.0,1632
206,Uttarakhand,2006,PH_Officers (DySP & Above),1. For Officers (Dy.SP & Above),59.0,0.0,161
207,West Bengal,2006,PH_Officers (DySP & Above),1. For Officers (Dy.SP & Above),523.0,23.0,743
208,Andaman & Nicobar Islands,2007,PH_Officers (DySP & Above),1. For Officers (Dy.SP & Above),7.0,0.0,18
209,Andhra Pradesh,2007,PH_Officers (DySP & Above),1. For Officers (Dy.SP & Above),32.0,622.0,654
210,Arunachal Pradesh,2007,PH_Officers (DySP & Above),1. For Officers (Dy.SP & Above),80.0,16.0,96
211,Assam,2007,PH_Officers (DySP & Above),1. For Officers (Dy.SP & Above),11.0,0.0,538
212,Bihar,2007,PH_Officers (DySP & Above),1. For Officers (Dy.SP & Above),149.0,427.0,576
213,Chandigarh,2007,PH_Officers (DySP & Above),1. For Officers (Dy.SP & Above),10.0,0.0,17
214,Chhattisgarh,2007,PH_Officers (DySP & Above),1. For Officers (Dy.SP & Above),0.0,0.0,515
215,Dadra & Nagar Haveli,2007,PH_Officers (DySP & Above),1. For Officers (Dy.SP & Above),,2.0,3
216,Daman & Diu,2007,PH_Officers (DySP & Above),1. For Officers (Dy.SP & Above),0.0,0.0,5
217,Delhi,2007,PH_Officers (DySP & Above),1. For Officers (Dy.SP & Above),224.0,,439
218,Goa,2007,PH_Officers (DySP & Above),1. For Officers (Dy.SP & Above),11.0,7.0,48
219,Gujarat,2007,PH_Officers (DySP & Above),1. For Officers (Dy.SP & Above),153.0,19.0,451
220,Haryana,2007,PH_Officers (DySP & Above),1. For Officers (Dy.SP & Above),183.0,25.0,261
221,Himachal Pradesh,2007,PH_Officers (DySP & Above),1. For Officers (Dy.SP & Above),178.0,21.0,172
222,Jammu & Kashmir,2007,PH_Officers (DySP & Above),1. For Officers (Dy.SP & Above),156.0,45.0,674
223,Jharkhand,2007,PH_Officers (DySP & Above),1. For Officers (Dy.SP & Above),99.0,13.0,456
224,Karnataka,2007,PH_Officers (DySP & Above),1. For Officers (Dy.SP & Above),110.0,33.0,279
225,Kerala,2007,PH_Officers (DySP & Above),1. For Officers (Dy.SP & Above),145.0,13.0,430
226,Lakshadweep,2007,PH_Officers (DySP & Above),1. For Officers (Dy.SP & Above),1.0,1.0,2
227,Madhya Pradesh,2007,PH_Officers (DySP & Above),1. For Officers (Dy.SP & Above),364.0,119.0,914
228,Maharashtra,2007,PH_Officers (DySP & Above),1. For Officers (Dy.SP & Above),0.0,0.0,1128
229,Manipur,2007,PH_Officers (DySP & Above),1. For Officers (Dy.SP & Above),49.0,5.0,254
230,Meghalaya,2007,PH_Officers (DySP & Above),1. For Officers (Dy.SP & Above),45.0,67.0,112
231,Mizoram,2007,PH_Officers (DySP & Above),1. For Officers (Dy.SP & Above),54.0,24.0,166
232,Nagaland,2007,PH_Officers (DySP & Above),1. For Officers (Dy.SP & Above),120.0,646.0,133
233,Odisha,2007,PH_Officers (DySP & Above),1. For Officers (Dy.SP & Above),124.0,0.0,530
234,Puducherry,2007,PH_Officers (DySP & Above),1. For Officers (Dy.SP & Above),14.0,,25
235,Punjab,2007,PH_Officers (DySP & Above),1. For Officers (Dy.SP & Above),47.0,,652
236,Rajasthan,2007,PH_Officers (DySP & Above),1. For Officers (Dy.SP & Above),52.0,,879
237,Sikkim,2007,PH_Officers (DySP & Above),1. For Officers (Dy.SP & Above),8.0,0.0,113
238,Tamil Nadu,2007,PH_Officers (DySP & Above),1. For Officers (Dy.SP & Above),345.0,,1082
239,Tripura,2007,PH_Officers (DySP & Above),1. For Officers (Dy.SP & Above),79.0,0.0,334
240,Uttar Pradesh,2007,PH_Officers (DySP & Above),1. For Officers (Dy.SP & Above),1211.0,431.0,1642
241,Uttarakhand,2007,PH_Officers (DySP & Above),1. For Officers (Dy.SP & Above),67.0,,164
242,West Bengal,2007,PH_Officers (DySP & Above),1. For Officers (Dy.SP & Above),500.0,18.0,719
243,Andaman & Nicobar Islands,2008,PH_Officers (DySP & Above),1. For Officers (Dy.SP & Above),9.0,,18
244,Andhra Pradesh,2008,PH_Officers (DySP & Above),1. For Officers (Dy.SP & Above),34.0,695.0,729
245,Arunachal Pradesh,2008,PH_Officers (DySP & Above),1. For Officers (Dy.SP & Above),80.0,16.0,107
246,Assam,2008,PH_Officers (DySP & Above),1. For Officers (Dy.SP & Above),18.0,0.0,538
247,Bihar,2008,PH_Officers (DySP & Above),1. For Officers (Dy.SP & Above),159.0,463.0,622
248,Chandigarh,2008,PH_Officers (DySP & Above),1. For Officers (Dy.SP & Above),17.0,0.0,17
249,Chhattisgarh,2008,PH_Officers (DySP & Above),1. For Officers (Dy.SP & Above),11.0,28.0,551
250,Dadra & Nagar Haveli,2008,PH_Officers (DySP & Above),1. For Officers (Dy.SP & Above),,3.0,3
251,Daman & Diu,2008,PH_Officers (DySP & Above),1. For Officers (Dy.SP & Above),,,5
252,Delhi,2008,PH_Officers (DySP & Above),1. For Officers (Dy.SP & Above),236.0,,469
253,Goa,2008,PH_Officers (DySP & Above),1. For Officers (Dy.SP & Above),11.0,6.0,60
254,Gujarat,2008,PH_Officers (DySP & Above),1. For Officers (Dy.SP & Above),130.0,28.0,451
255,Haryana,2008,PH_Officers (DySP & Above),1. For Officers (Dy.SP & Above),188.0,55.0,296
256,Himachal Pradesh,2008,PH_Officers (DySP & Above),1. For Officers (Dy.SP & Above),40.0,15.0,234
257,Jammu & Kashmir,2008,PH_Officers (DySP & Above),1. For Officers (Dy.SP & Above),156.0,45.0,801
258,Jharkhand,2008,PH_Officers (DySP & Above),1. For Officers (Dy.SP & Above),91.0,19.0,457
259,Karnataka,2008,PH_Officers (DySP & Above),1. For Officers (Dy.SP & Above),152.0,19.0,717
260,Kerala,2008,PH_Officers (DySP & Above),1. For Officers (Dy.SP & Above),90.0,23.0,433
261,Lakshadweep,2008,PH_Officers (DySP & Above),1. For Officers (Dy.SP & Above),1.0,1.0,2
262,Madhya Pradesh,2008,PH_Officers (DySP & Above),1. For Officers (Dy.SP & Above),,,914
263,Maharashtra,2008,PH_Officers (DySP & Above),1. For Officers (Dy.SP & Above),0.0,0.0,1152
264,Manipur,2008,PH_Officers (DySP & Above),1. For Officers (Dy.SP & Above),49.0,5.0,265
265,Meghalaya,2008,PH_Officers (DySP & Above),1. For Officers (Dy.SP & Above),34.0,70.0,131
266,Mizoram,2008,PH_Officers (DySP & Above),1. For Officers (Dy.SP & Above),59.0,0.0,173
267,Nagaland,2008,PH_Officers (DySP & Above),1. For Officers (Dy.SP & Above),160.0,811.0,133
268,Odisha,2008,PH_Officers (DySP & Above),1. For Officers (Dy.SP & Above),186.0,0.0,772
269,Puducherry,2008,PH_Officers (DySP & Above),1. For Officers (Dy.SP & Above),14.0,,25
270,Punjab,2008,PH_Officers (DySP & Above),1. For Officers (Dy.SP & Above),47.0,,665
271,Rajasthan,2008,PH_Officers (DySP & Above),1. For Officers (Dy.SP & Above),52.0,,887
272,Sikkim,2008,PH_Officers (DySP & Above),1. For Officers (Dy.SP & Above),8.0,9.0,88
273,Tamil Nadu,2008,PH_Officers (DySP & Above),1. For Officers (Dy.SP & Above),347.0,0.0,1084
274,Tripura,2008,PH_Officers (DySP & Above),1. For Officers (Dy.SP & Above),79.0,,366
275,Uttar Pradesh,2008,PH_Officers (DySP & Above),1. For Officers (Dy.SP & Above),1033.0,436.0,1469
276,Uttarakhand,2008,PH_Officers (DySP & Above),1. For Officers (Dy.SP & Above),78.0,,181
277,West Bengal,2008,PH_Officers (DySP & Above),1. For Officers (Dy.SP & Above),398.0,22.0,656
278,Andaman & Nicobar Islands,2009,PH_Officers (DySP & Above),1. For Officers (Dy.SP & Above),10.0,11.0,27
279,Andhra Pradesh,2009,PH_Officers (DySP & Above),1. For Officers (Dy.SP & Above),34.0,973.0,1007
280,Arunachal Pradesh,2009,PH_Officers (DySP & Above),1. For Officers (Dy.SP & Above),81.0,26.0,107
281,Assam,2009,PH_Officers (DySP & Above),1. For Officers (Dy.SP & Above),18.0,0.0,538
282,Bihar,2009,PH_Officers (DySP & Above),1. For Officers (Dy.SP & Above),159.0,481.0,640
283,Chandigarh,2009,PH_Officers (DySP & Above),1. For Officers (Dy.SP & Above),10.0,0.0,30
284,Chhattisgarh,2009,PH_Officers (DySP & Above),1. For Officers (Dy.SP & Above),0.0,0.0,551
285,Dadra & Nagar Haveli,2009,PH_Officers (DySP & Above),1. For Officers (Dy.SP & Above),,2.0,3
286,Daman & Diu,2009,PH_Officers (DySP & Above),1. For Officers (Dy.SP & Above),,,5
287,Delhi,2009,PH_Officers (DySP & Above),1. For Officers (Dy.SP & Above),240.0,,483
288,Goa,2009,PH_Officers (DySP & Above),1. For Officers (Dy.SP & Above),11.0,6.0,60
289,Gujarat,2009,PH_Officers (DySP & Above),1. For Officers (Dy.SP & Above),122.0,33.0,451
290,Haryana,2009,PH_Officers (DySP & Above),1. For Officers (Dy.SP & Above),196.0,60.0,376
291,Himachal Pradesh,2009,PH_Officers (DySP & Above),1. For Officers (Dy.SP & Above),51.0,17.0,186
292,Jammu & Kashmir,2009,PH_Officers (DySP & Above),1. For Officers (Dy.SP & Above),148.0,0.0,1008
293,Jharkhand,2009,PH_Officers (DySP & Above),1. For Officers (Dy.SP & Above),275.0,19.0,459
294,Karnataka,2009,PH_Officers (DySP & Above),1. For Officers (Dy.SP & Above),154.0,26.0,717
295,Kerala,2009,PH_Officers (DySP & Above),1. For Officers (Dy.SP & Above),90.0,36.0,425
296,Lakshadweep,2009,PH_Officers (DySP & Above),1. For Officers (Dy.SP & Above),2.0,,2
297,Madhya Pradesh,2009,PH_Officers (DySP & Above),1. For Officers (Dy.SP & Above),0.0,0.0,914
298,Maharashtra,2009,PH_Officers (DySP & Above),1. For Officers (Dy.SP & Above),,,786
299,Manipur,2009,PH_Officers (DySP & Above),1. For Officers (Dy.SP & Above),53.0,5.0,325
300,Meghalaya,2009,PH_Officers (DySP & Above),1. For Officers (Dy.SP & Above),40.0,88.0,129
301,Mizoram,2009,PH_Officers (DySP & Above),1. For Officers (Dy.SP & Above),59.0,,179
302,Nagaland,2009,PH_Officers (DySP & Above),1. For Officers (Dy.SP & Above),70.0,122.0,133
303,Odisha,2009,PH_Officers (DySP & Above),1. For Officers (Dy.SP & Above),186.0,0.0,817
304,Puducherry,2009,PH_Officers (DySP & Above),1. For Officers (Dy.SP & Above),14.0,,24
305,Punjab,2009,PH_Officers (DySP & Above),1. For Officers (Dy.SP & Above),1.0,,665
306,Rajasthan,2009,PH_Officers (DySP & Above),1. For Officers (Dy.SP & Above),,,667
307,Sikkim,2009,PH_Officers (DySP & Above),1. For Officers (Dy.SP & Above),8.0,9.0,111
308,Tamil Nadu,2009,PH_Officers (DySP & Above),1. For Officers (Dy.SP & Above),351.0,0.0,1063
309,Tripura,2009,PH_Officers (DySP & Above),1. For Officers (Dy.SP & Above),79.0,,366
310,Uttar Pradesh,2009,PH_Officers (DySP & Above),1. For Officers (Dy.SP & Above),1019.0,436.0,1455
311,Uttarakhand,2009,PH_Officers (DySP & Above),1. For Officers (Dy.SP & Above),63.0,,182
312,West Bengal,2009,PH_Officers (DySP & Above),1. For Officers (Dy.SP & Above),398.0,24.0,738
313,Andaman & Nicobar Islands,2010,PH_Officers (DySP & Above),1. For Officers (Dy.SP & Above),17.0,11.0,31
314,Andhra Pradesh,2010,PH_Officers (DySP & Above),1. For Officers (Dy.SP & Above),34.0,888.0,922
315,Arunachal Pradesh,2010,PH_Officers (DySP & Above),1. For Officers (Dy.SP & Above),84.0,23.0,107
316,Assam,2010,PH_Officers (DySP & Above),1. For Officers (Dy.SP & Above),21.0,,538
317,Bihar,2010,PH_Officers (DySP & Above),1. For Officers (Dy.SP & Above),135.0,524.0,659
318,Chandigarh,2010,PH_Officers (DySP & Above),1. For Officers (Dy.SP & Above),10.0,0.0,31
319,Chhattisgarh,2010,PH_Officers (DySP & Above),1. For Officers (Dy.SP & Above),16.0,0.0,551
320,Dadra & Nagar Haveli,2010,PH_Officers (DySP & Above),1. For Officers (Dy.SP & Above),1.0,1.0,3
321,Daman & Diu,2010,PH_Officers (DySP & Above),1. For Officers (Dy.SP & Above),,,5
322,Delhi,2010,PH_Officers (DySP & Above),1. For Officers (Dy.SP & Above),270.0,,504
323,Goa,2010,PH_Officers (DySP & Above),1. For Officers (Dy.SP & Above),4.0,6.0,60
324,Gujarat,2010,PH_Officers (DySP & Above),1. For Officers (Dy.SP & Above),125.0,17.0,476
325,Haryana,2010,PH_Officers (DySP & Above),1. For Officers (Dy.SP & Above),204.0,68.0,359
326,Himachal Pradesh,2010,PH_Officers (DySP & Above),1. For Officers (Dy.SP & Above),60.0,15.0,199
327,Jammu & Kashmir,2010,PH_Officers (DySP & Above),1. For Officers (Dy.SP & Above),156.0,33.0,819
328,Jharkhand,2010,PH_Officers (DySP & Above),1. For Officers (Dy.SP & Above),275.0,19.0,440
329,Karnataka,2010,PH_Officers (DySP & Above),1. For Officers (Dy.SP & Above),163.0,26.0,659
330,Kerala,2010,PH_Officers (DySP & Above),1. For Officers (Dy.SP & Above),111.0,36.0,446
331,Lakshadweep,2010,PH_Officers (DySP & Above),1. For Officers (Dy.SP & Above),2.0,,2
332,Madhya Pradesh,2010,PH_Officers (DySP & Above),1. For Officers (Dy.SP & Above),362.0,151.0,914
333,Maharashtra,2010,PH_Officers (DySP & Above),1. For Officers (Dy.SP & Above),0.0,,1156
334,Manipur,2010,PH_Officers (DySP & Above),1. For Officers (Dy.SP & Above),56.0,6.0,347
335,Meghalaya,2010,PH_Officers (DySP & Above),1. For Officers (Dy.SP & Above),41.0,88.0,129
336,Mizoram,2010,PH_Officers (DySP & Above),1. For Officers (Dy.SP & Above),59.0,,178
337,Nagaland,2010,PH_Officers (DySP & Above),1. For Officers (Dy.SP & Above),70.0,125.0,133
338,Odisha,2010,PH_Officers (DySP & Above),1. For Officers (Dy.SP & Above),186.0,0.0,830
339,Puducherry,2010,PH_Officers (DySP & Above),1. For Officers (Dy.SP & Above),14.0,,25
340,Punjab,2010,PH_Officers (DySP & Above),1. For Officers (Dy.SP & Above),3.0,,667
341,Rajasthan,2010,PH_Officers (DySP & Above),1. For Officers (Dy.SP & Above),52.0,,770
342,Sikkim,2010,PH_Officers (DySP & Above),1. For Officers (Dy.SP & Above),17.0,,140
343,Tamil Nadu,2010,PH_Officers (DySP & Above),1. For Officers (Dy.SP & Above),358.0,0.0,1044
344,Tripura,2010,PH_Officers (DySP & Above),1. For Officers (Dy.SP & Above),79.0,,359
345,Uttar Pradesh,2010,PH_Officers (DySP & Above),1. For Officers (Dy.SP & Above),1039.0,436.0,1475
346,Uttarakhand,2010,PH_Officers (DySP & Above),1. For Officers (Dy.SP & Above),79.0,,182
347,West Bengal,2010,PH_Officers (DySP & Above),1. For Officers (Dy.SP & Above),524.0,22.0,831
348,Andaman & Nicobar Islands,2001,PH_Upper Subordinates (A.S.I. to Inspectors),2. Upper SubOrdinates (ASI to Inspectos),364.0,,406
349,Andhra Pradesh,2001,PH_Upper Subordinates (A.S.I. to Inspectors),2. Upper SubOrdinates (ASI to Inspectos),1969.0,4122.0,8493
350,Arunachal Pradesh,2001,PH_Upper Subordinates (A.S.I. to Inspectors),2. Upper SubOrdinates (ASI to Inspectos),373.0,220.0,593
351,Assam,2001,PH_Upper Subordinates (A.S.I. to Inspectors),2. Upper SubOrdinates (ASI to Inspectos),0.0,0.0,6014
352,Bihar,2001,PH_Upper Subordinates (A.S.I. to Inspectors),2. Upper SubOrdinates (ASI to Inspectos),2003.0,6751.0,8764
353,Chandigarh,2001,PH_Upper Subordinates (A.S.I. to Inspectors),2. Upper SubOrdinates (ASI to Inspectos),330.0,0.0,486
354,Chhattisgarh,2001,PH_Upper Subordinates (A.S.I. to Inspectors),2. Upper SubOrdinates (ASI to Inspectos),148.0,346.0,1342
355,Dadra & Nagar Haveli,2001,PH_Upper Subordinates (A.S.I. to Inspectors),2. Upper SubOrdinates (ASI to Inspectos),,15.0,16
356,Delhi,2001,PH_Upper Subordinates (A.S.I. to Inspectors),2. Upper SubOrdinates (ASI to Inspectos),4068.0,,10855
357,Goa,2001,PH_Upper Subordinates (A.S.I. to Inspectors),2. Upper SubOrdinates (ASI to Inspectos),134.0,,354
358,Gujarat,2001,PH_Upper Subordinates (A.S.I. to Inspectors),2. Upper SubOrdinates (ASI to Inspectos),3280.0,512.0,11488
359,Haryana,2001,PH_Upper Subordinates (A.S.I. to Inspectors),2. Upper SubOrdinates (ASI to Inspectos),824.0,2118.0,3970
360,Himachal Pradesh,2001,PH_Upper Subordinates (A.S.I. to Inspectors),2. Upper SubOrdinates (ASI to Inspectos),455.0,3.0,1522
361,Jammu & Kashmir,2001,PH_Upper Subordinates (A.S.I. to Inspectors),2. Upper SubOrdinates (ASI to Inspectos),377.0,0.0,5782
362,Karnataka,2001,PH_Upper Subordinates (A.S.I. to Inspectors),2. Upper SubOrdinates (ASI to Inspectos),1925.0,532.0,5617
363,Kerala,2001,PH_Upper Subordinates (A.S.I. to Inspectors),2. Upper SubOrdinates (ASI to Inspectos),1081.0,3.0,3909
364,Lakshadweep,2001,PH_Upper Subordinates (A.S.I. to Inspectors),2. Upper SubOrdinates (ASI to Inspectos),41.0,,53
365,Madhya Pradesh,2001,PH_Upper Subordinates (A.S.I. to Inspectors),2. Upper SubOrdinates (ASI to Inspectos),3448.0,,14561
366,Maharashtra,2001,PH_Upper Subordinates (A.S.I. to Inspectors),2. Upper SubOrdinates (ASI to Inspectos),0.0,9932.0,24981
367,Manipur,2001,PH_Upper Subordinates (A.S.I. to Inspectors),2. Upper SubOrdinates (ASI to Inspectos),92.0,,1342
368,Meghalaya,2001,PH_Upper Subordinates (A.S.I. to Inspectors),2. Upper SubOrdinates (ASI to Inspectos),864.0,434.0,1298
369,Mizoram,2001,PH_Upper Subordinates (A.S.I. to Inspectors),2. Upper SubOrdinates (ASI to Inspectos),340.0,48.0,836
370,Nagaland,2001,PH_Upper Subordinates (A.S.I. to Inspectors),2. Upper SubOrdinates (ASI to Inspectos),139.0,55.0,606
371,Odisha,2001,PH_Upper Subordinates (A.S.I. to Inspectors),2. Upper SubOrdinates (ASI to Inspectos),2130.0,394.0,6050
372,Puducherry,2001,PH_Upper Subordinates (A.S.I. to Inspectors),2. Upper SubOrdinates (ASI to Inspectos),73.0,,303
373,Punjab,2001,PH_Upper Subordinates (A.S.I. to Inspectors),2. Upper SubOrdinates (ASI to Inspectos),732.0,335.0,7107
374,Rajasthan,2001,PH_Upper Subordinates (A.S.I. to Inspectors),2. Upper SubOrdinates (ASI to Inspectos),1776.0,,8140
375,Sikkim,2001,PH_Upper Subordinates (A.S.I. to Inspectors),2. Upper SubOrdinates (ASI to Inspectos),72.0,,355
376,Tamil Nadu,2001,PH_Upper Subordinates (A.S.I. to Inspectors),2. Upper SubOrdinates (ASI to Inspectos),2361.0,,9486
377,Tripura,2001,PH_Upper Subordinates (A.S.I. to Inspectors),2. Upper SubOrdinates (ASI to Inspectos),510.0,,1728
378,Uttar Pradesh,2001,PH_Upper Subordinates (A.S.I. to Inspectors),2. Upper SubOrdinates (ASI to Inspectos),6570.0,1325.0,14615
379,Uttarakhand,2001,PH_Upper Subordinates (A.S.I. to Inspectors),2. Upper SubOrdinates (ASI to Inspectos),264.0,,774
380,West Bengal,2001,PH_Upper Subordinates (A.S.I. to Inspectors),2. Upper SubOrdinates (ASI to Inspectos),2662.0,294.0,17036
381,Andaman & Nicobar Islands,2002,PH_Upper Subordinates (A.S.I. to Inspectors),2. Upper SubOrdinates (ASI to Inspectos),396.0,,432
382,Andhra Pradesh,2002,PH_Upper Subordinates (A.S.I. to Inspectors),2. Upper SubOrdinates (ASI to Inspectos),2542.0,5928.0,8470
383,Arunachal Pradesh,2002,PH_Upper Subordinates (A.S.I. to Inspectors),2. Upper SubOrdinates (ASI to Inspectos),373.0,251.0,624
384,Assam,2002,PH_Upper Subordinates (A.S.I. to Inspectors),2. Upper SubOrdinates (ASI to Inspectos),802.0,0.0,6008
385,Bihar,2002,PH_Upper Subordinates (A.S.I. to Inspectors),2. Upper SubOrdinates (ASI to Inspectos),1887.0,7308.0,12074
386,Chandigarh,2002,PH_Upper Subordinates (A.S.I. to Inspectors),2. Upper SubOrdinates (ASI to Inspectos),345.0,0.0,487
387,Chhattisgarh,2002,PH_Upper Subordinates (A.S.I. to Inspectors),2. Upper SubOrdinates (ASI to Inspectos),268.0,482.0,1342
388,Dadra & Nagar Haveli,2002,PH_Upper Subordinates (A.S.I. to Inspectors),2. Upper SubOrdinates (ASI to Inspectos),0.0,15.0,15
389,Daman & Diu,2002,PH_Upper Subordinates (A.S.I. to Inspectors),2. Upper SubOrdinates (ASI to Inspectos),0.0,0.0,24
390,Delhi,2002,PH_Upper Subordinates (A.S.I. to Inspectors),2. Upper SubOrdinates (ASI to Inspectos),2545.0,,10875
391,Goa,2002,PH_Upper Subordinates (A.S.I. to Inspectors),2. Upper SubOrdinates (ASI to Inspectos),111.0,2.0,354
392,Gujarat,2002,PH_Upper Subordinates (A.S.I. to Inspectors),2. Upper SubOrdinates (ASI to Inspectos),4471.0,493.0,11642
393,Haryana,2002,PH_Upper Subordinates (A.S.I. to Inspectors),2. Upper SubOrdinates (ASI to Inspectos),824.0,2172.0,5050
394,Himachal Pradesh,2002,PH_Upper Subordinates (A.S.I. to Inspectors),2. Upper SubOrdinates (ASI to Inspectos),180.0,0.0,1523
395,Jammu & Kashmir,2002,PH_Upper Subordinates (A.S.I. to Inspectors),2. Upper SubOrdinates (ASI to Inspectos),377.0,,5782
396,Jharkhand,2002,PH_Upper Subordinates (A.S.I. to Inspectors),2. Upper SubOrdinates (ASI to Inspectos),737.0,1158.0,4382
397,Karnataka,2002,PH_Upper Subordinates (A.S.I. to Inspectors),2. Upper SubOrdinates (ASI to Inspectos),2008.0,587.0,5819
398,Kerala,2002,PH_Upper Subordinates (A.S.I. to Inspectors),2. Upper SubOrdinates (ASI to Inspectos),627.0,3.0,3909
399,Lakshadweep,2002,PH_Upper Subordinates (A.S.I. to Inspectors),2. Upper SubOrdinates (ASI to Inspectos),41.0,,53
400,Madhya Pradesh,2002,PH_Upper Subordinates (A.S.I. to Inspectors),2. Upper SubOrdinates (ASI to Inspectos),1971.0,1365.0,8417
401,Maharashtra,2002,PH_Upper Subordinates (A.S.I. to Inspectors),2. Upper SubOrdinates (ASI to Inspectos),0.0,10258.0,24987
402,Manipur,2002,PH_Upper Subordinates (A.S.I. to Inspectors),2. Upper SubOrdinates (ASI to Inspectos),92.0,,1342
403,Meghalaya,2002,PH_Upper Subordinates (A.S.I. to Inspectors),2. Upper SubOrdinates (ASI to Inspectos),874.0,446.0,1320
404,Mizoram,2002,PH_Upper Subordinates (A.S.I. to Inspectors),2. Upper SubOrdinates (ASI to Inspectos),543.0,,600
405,Nagaland,2002,PH_Upper Subordinates (A.S.I. to Inspectors),2. Upper SubOrdinates (ASI to Inspectos),158.0,25.0,625
406,Odisha,2002,PH_Upper Subordinates (A.S.I. to Inspectors),2. Upper SubOrdinates (ASI to Inspectos),2130.0,394.0,6061
407,Puducherry,2002,PH_Upper Subordinates (A.S.I. to Inspectors),2. Upper SubOrdinates (ASI to Inspectos),69.0,,303
408,Punjab,2002,PH_Upper Subordinates (A.S.I. to Inspectors),2. Upper SubOrdinates (ASI to Inspectos),1465.0,,7107
409,Rajasthan,2002,PH_Upper Subordinates (A.S.I. to Inspectors),2. Upper SubOrdinates (ASI to Inspectos),1776.0,,8150
410,Sikkim,2002,PH_Upper Subordinates (A.S.I. to Inspectors),2. Upper SubOrdinates (ASI to Inspectos),190.0,,343
411,Tamil Nadu,2002,PH_Upper Subordinates (A.S.I. to Inspectors),2. Upper SubOrdinates (ASI to Inspectos),2548.0,0.0,9494
412,Tripura,2002,PH_Upper Subordinates (A.S.I. to Inspectors),2. Upper SubOrdinates (ASI to Inspectos),219.0,,1844
413,Uttar Pradesh,2002,PH_Upper Subordinates (A.S.I. to Inspectors),2. Upper SubOrdinates (ASI to Inspectos),6570.0,1375.0,14615
414,Uttarakhand,2002,PH_Upper Subordinates (A.S.I. to Inspectors),2. Upper SubOrdinates (ASI to Inspectos),590.0,,774
415,West Bengal,2002,PH_Upper Subordinates (A.S.I. to Inspectors),2. Upper SubOrdinates (ASI to Inspectos),4712.0,251.0,16946
416,Andaman & Nicobar Islands,2003,PH_Upper Subordinates (A.S.I. to Inspectors),2. Upper SubOrdinates (ASI to Inspectos),404.0,,428
417,Andhra Pradesh,2003,PH_Upper Subordinates (A.S.I. to Inspectors),2. Upper SubOrdinates (ASI to Inspectos),2648.0,,7390
418,Arunachal Pradesh,2003,PH_Upper Subordinates (A.S.I. to Inspectors),2. Upper SubOrdinates (ASI to Inspectos),383.0,141.0,624
419,Assam,2003,PH_Upper Subordinates (A.S.I. to Inspectors),2. Upper SubOrdinates (ASI to Inspectos),802.0,0.0,6008
420,Bihar,2003,PH_Upper Subordinates (A.S.I. to Inspectors),2. Upper SubOrdinates (ASI to Inspectos),2112.0,688.0,11986
421,Chandigarh,2003,PH_Upper Subordinates (A.S.I. to Inspectors),2. Upper SubOrdinates (ASI to Inspectos),487.0,0.0,487
422,Chhattisgarh,2003,PH_Upper Subordinates (A.S.I. to Inspectors),2. Upper SubOrdinates (ASI to Inspectos),268.0,524.0,2587
423,Dadra & Nagar Haveli,2003,PH_Upper Subordinates (A.S.I. to Inspectors),2. Upper SubOrdinates (ASI to Inspectos),,,14
424,Daman & Diu,2003,PH_Upper Subordinates (A.S.I. to Inspectors),2. Upper SubOrdinates (ASI to Inspectos),7.0,0.0,24
425,Delhi,2003,PH_Upper Subordinates (A.S.I. to Inspectors),2. Upper SubOrdinates (ASI to Inspectos),6019.0,,10875
426,Goa,2003,PH_Upper Subordinates (A.S.I. to Inspectors),2. Upper SubOrdinates (ASI to Inspectos),64.0,4.0,350
427,Gujarat,2003,PH_Upper Subordinates (A.S.I. to Inspectors),2. Upper SubOrdinates (ASI to Inspectos),4448.0,504.0,11647
428,Haryana,2003,PH_Upper Subordinates (A.S.I. to Inspectors),2. Upper SubOrdinates (ASI to Inspectos),936.0,2204.0,5060
429,Himachal Pradesh,2003,PH_Upper Subordinates (A.S.I. to Inspectors),2. Upper SubOrdinates (ASI to Inspectos),180.0,0.0,1523
430,Jammu & Kashmir,2003,PH_Upper Subordinates (A.S.I. to Inspectors),2. Upper SubOrdinates (ASI to Inspectos),377.0,0.0,5782
431,Jharkhand,2003,PH_Upper Subordinates (A.S.I. to Inspectors),2. Upper SubOrdinates (ASI to Inspectos),508.0,643.0,2257
432,Karnataka,2003,PH_Upper Subordinates (A.S.I. to Inspectors),2. Upper SubOrdinates (ASI to Inspectos),2177.0,632.0,5882
433,Kerala,2003,PH_Upper Subordinates (A.S.I. to Inspectors),2. Upper SubOrdinates (ASI to Inspectos),388.0,0.0,3988
434,Lakshadweep,2003,PH_Upper Subordinates (A.S.I. to Inspectors),2. Upper SubOrdinates (ASI to Inspectos),40.0,,52
435,Madhya Pradesh,2003,PH_Upper Subordinates (A.S.I. to Inspectors),2. Upper SubOrdinates (ASI to Inspectos),1971.0,1365.0,7870
436,Maharashtra,2003,PH_Upper Subordinates (A.S.I. to Inspectors),2. Upper SubOrdinates (ASI to Inspectos),4656.0,0.0,24987
437,Manipur,2003,PH_Upper Subordinates (A.S.I. to Inspectors),2. Upper SubOrdinates (ASI to Inspectos),97.0,0.0,1476
438,Meghalaya,2003,PH_Upper Subordinates (A.S.I. to Inspectors),2. Upper SubOrdinates (ASI to Inspectos),874.0,343.0,1219
439,Mizoram,2003,PH_Upper Subordinates (A.S.I. to Inspectors),2. Upper SubOrdinates (ASI to Inspectos),139.0,,883
440,Nagaland,2003,PH_Upper Subordinates (A.S.I. to Inspectors),2. Upper SubOrdinates (ASI to Inspectos),56.0,70.0,631
441,Odisha,2003,PH_Upper Subordinates (A.S.I. to Inspectors),2. Upper SubOrdinates (ASI to Inspectos),2130.0,394.0,6086
442,Puducherry,2003,PH_Upper Subordinates (A.S.I. to Inspectors),2. Upper SubOrdinates (ASI to Inspectos),73.0,,332
443,Punjab,2003,PH_Upper Subordinates (A.S.I. to Inspectors),2. Upper SubOrdinates (ASI to Inspectos),1505.0,,7107
444,Rajasthan,2003,PH_Upper Subordinates (A.S.I. to Inspectors),2. Upper SubOrdinates (ASI to Inspectos),1776.0,,8150
445,Sikkim,2003,PH_Upper Subordinates (A.S.I. to Inspectors),2. Upper SubOrdinates (ASI to Inspectos),190.0,,343
446,Tamil Nadu,2003,PH_Upper Subordinates (A.S.I. to Inspectors),2. Upper SubOrdinates (ASI to Inspectos),3167.0,,10018
447,Tripura,2003,PH_Upper Subordinates (A.S.I. to Inspectors),2. Upper SubOrdinates (ASI to Inspectos),230.0,,1844
448,Uttar Pradesh,2003,PH_Upper Subordinates (A.S.I. to Inspectors),2. Upper SubOrdinates (ASI to Inspectos),6570.0,1375.0,14615
449,Uttarakhand,2003,PH_Upper Subordinates (A.S.I. to Inspectors),2. Upper SubOrdinates (ASI to Inspectos),651.0,,774
450,West Bengal,2003,PH_Upper Subordinates (A.S.I. to Inspectors),2. Upper SubOrdinates (ASI to Inspectos),4484.0,238.0,16955
451,Andaman & Nicobar Islands,2004,PH_Upper Subordinates (A.S.I. to Inspectors),2. Upper SubOrdinates (ASI to Inspectos),404.0,,428
452,Andhra Pradesh,2004,PH_Upper Subordinates (A.S.I. to Inspectors),2. Upper SubOrdinates (ASI to Inspectos),2620.0,5867.0,8487
453,Arunachal Pradesh,2004,PH_Upper Subordinates (A.S.I. to Inspectors),2. Upper SubOrdinates (ASI to Inspectos),411.0,213.0,624
454,Assam,2004,PH_Upper Subordinates (A.S.I. to Inspectors),2. Upper SubOrdinates (ASI to Inspectos),859.0,0.0,6008
455,Bihar,2004,PH_Upper Subordinates (A.S.I. to Inspectors),2. Upper SubOrdinates (ASI to Inspectos),2112.0,688.0,12108
456,Chandigarh,2004,PH_Upper Subordinates (A.S.I. to Inspectors),2. Upper SubOrdinates (ASI to Inspectos),487.0,0.0,487
457,Chhattisgarh,2004,PH_Upper Subordinates (A.S.I. to Inspectors),2. Upper SubOrdinates (ASI to Inspectos),448.0,543.0,2441
458,Dadra & Nagar Haveli,2004,PH_Upper Subordinates (A.S.I. to Inspectors),2. Upper SubOrdinates (ASI to Inspectos),,18.0,17
459,Daman & Diu,2004,PH_Upper Subordinates (A.S.I. to Inspectors),2. Upper SubOrdinates (ASI to Inspectos),13.0,,21
460,Delhi,2004,PH_Upper Subordinates (A.S.I. to Inspectors),2. Upper SubOrdinates (ASI to Inspectos),6392.0,,10875
461,Goa,2004,PH_Upper Subordinates (A.S.I. to Inspectors),2. Upper SubOrdinates (ASI to Inspectos),142.0,4.0,350
462,Gujarat,2004,PH_Upper Subordinates (A.S.I. to Inspectors),2. Upper SubOrdinates (ASI to Inspectos),3959.0,703.0,11647
463,Haryana,2004,PH_Upper Subordinates (A.S.I. to Inspectors),2. Upper SubOrdinates (ASI to Inspectos),856.0,2376.0,5650
464,Himachal Pradesh,2004,PH_Upper Subordinates (A.S.I. to Inspectors),2. Upper SubOrdinates (ASI to Inspectos),180.0,0.0,1523
465,Jammu & Kashmir,2004,PH_Upper Subordinates (A.S.I. to Inspectors),2. Upper SubOrdinates (ASI to Inspectos),,,5782
466,Jharkhand,2004,PH_Upper Subordinates (A.S.I. to Inspectors),2. Upper SubOrdinates (ASI to Inspectos),508.0,643.0,2257
467,Karnataka,2004,PH_Upper Subordinates (A.S.I. to Inspectors),2. Upper SubOrdinates (ASI to Inspectos),2311.0,638.0,5984
468,Kerala,2004,PH_Upper Subordinates (A.S.I. to Inspectors),2. Upper SubOrdinates (ASI to Inspectos),388.0,,3988
469,Lakshadweep,2004,PH_Upper Subordinates (A.S.I. to Inspectors),2. Upper SubOrdinates (ASI to Inspectos),40.0,,52
470,Madhya Pradesh,2004,PH_Upper Subordinates (A.S.I. to Inspectors),2. Upper SubOrdinates (ASI to Inspectos),2076.0,1463.0,8496
471,Maharashtra,2004,PH_Upper Subordinates (A.S.I. to Inspectors),2. Upper SubOrdinates (ASI to Inspectos),4666.0,,25180
472,Manipur,2004,PH_Upper Subordinates (A.S.I. to Inspectors),2. Upper SubOrdinates (ASI to Inspectos),116.0,3.0,1476
473,Meghalaya,2004,PH_Upper Subordinates (A.S.I. to Inspectors),2. Upper SubOrdinates (ASI to Inspectos),874.0,343.0,1114
474,Mizoram,2004,PH_Upper Subordinates (A.S.I. to Inspectors),2. Upper SubOrdinates (ASI to Inspectos),139.0,0.0,883
475,Nagaland,2004,PH_Upper Subordinates (A.S.I. to Inspectors),2. Upper SubOrdinates (ASI to Inspectos),119.0,224.0,622
476,Odisha,2004,PH_Upper Subordinates (A.S.I. to Inspectors),2. Upper SubOrdinates (ASI to Inspectos),2504.0,26.0,6200
477,Puducherry,2004,PH_Upper Subordinates (A.S.I. to Inspectors),2. Upper SubOrdinates (ASI to Inspectos),73.0,,337
478,Punjab,2004,PH_Upper Subordinates (A.S.I. to Inspectors),2. Upper SubOrdinates (ASI to Inspectos),1505.0,,7146
479,Rajasthan,2004,PH_Upper Subordinates (A.S.I. to Inspectors),2. Upper SubOrdinates (ASI to Inspectos),1836.0,,8157
480,Sikkim,2004,PH_Upper Subordinates (A.S.I. to Inspectors),2. Upper SubOrdinates (ASI to Inspectos),190.0,0.0,460
481,Tamil Nadu,2004,PH_Upper Subordinates (A.S.I. to Inspectors),2. Upper SubOrdinates (ASI to Inspectos),3175.0,,10045
482,Tripura,2004,PH_Upper Subordinates (A.S.I. to Inspectors),2. Upper SubOrdinates (ASI to Inspectos),237.0,,2219
483,Uttar Pradesh,2004,PH_Upper Subordinates (A.S.I. to Inspectors),2. Upper SubOrdinates (ASI to Inspectos),6570.0,1375.0,14583
484,Uttarakhand,2004,PH_Upper Subordinates (A.S.I. to Inspectors),2. Upper SubOrdinates (ASI to Inspectos),506.0,0.0,774
485,West Bengal,2004,PH_Upper Subordinates (A.S.I. to Inspectors),2. Upper SubOrdinates (ASI to Inspectos),4484.0,237.0,17928
486,Andaman & Nicobar Islands,2005,PH_Upper Subordinates (A.S.I. to Inspectors),2. Upper SubOrdinates (ASI to Inspectos),426.0,,428
487,Andhra Pradesh,2005,PH_Upper Subordinates (A.S.I. to Inspectors),2. Upper SubOrdinates (ASI to Inspectos),5390.0,3153.0,8543
488,Arunachal Pradesh,2005,PH_Upper Subordinates (A.S.I. to Inspectors),2. Upper SubOrdinates (ASI to Inspectos),411.0,213.0,624
489,Assam,2005,PH_Upper Subordinates (A.S.I. to Inspectors),2. Upper SubOrdinates (ASI to Inspectos),64.0,0.0,6008
490,Bihar,2005,PH_Upper Subordinates (A.S.I. to Inspectors),2. Upper SubOrdinates (ASI to Inspectos),2214.0,9913.0,12127
491,Chandigarh,2005,PH_Upper Subordinates (A.S.I. to Inspectors),2. Upper SubOrdinates (ASI to Inspectos),487.0,0.0,487
492,Chhattisgarh,2005,PH_Upper Subordinates (A.S.I. to Inspectors),2. Upper SubOrdinates (ASI to Inspectos),532.0,636.0,3138
493,Dadra & Nagar Haveli,2005,PH_Upper Subordinates (A.S.I. to Inspectors),2. Upper SubOrdinates (ASI to Inspectos),,18.0,17
494,Daman & Diu,2005,PH_Upper Subordinates (A.S.I. to Inspectors),2. Upper SubOrdinates (ASI to Inspectos),12.0,,23
495,Delhi,2005,PH_Upper Subordinates (A.S.I. to Inspectors),2. Upper SubOrdinates (ASI to Inspectos),6604.0,,11199
496,Goa,2005,PH_Upper Subordinates (A.S.I. to Inspectors),2. Upper SubOrdinates (ASI to Inspectos),247.0,2.0,350
497,Gujarat,2005,PH_Upper Subordinates (A.S.I. to Inspectors),2. Upper SubOrdinates (ASI to Inspectos),5734.0,636.0,11647
498,Haryana,2005,PH_Upper Subordinates (A.S.I. to Inspectors),2. Upper SubOrdinates (ASI to Inspectos),564.0,3782.0,5613
499,Himachal Pradesh,2005,PH_Upper Subordinates (A.S.I. to Inspectors),2. Upper SubOrdinates (ASI to Inspectos),256.0,0.0,1578
500,Jammu & Kashmir,2005,PH_Upper Subordinates (A.S.I. to Inspectors),2. Upper SubOrdinates (ASI to Inspectos),377.0,0.0,6169
501,Jharkhand,2005,PH_Upper Subordinates (A.S.I. to Inspectors),2. Upper SubOrdinates (ASI to Inspectos),328.0,255.0,2257
502,Karnataka,2005,PH_Upper Subordinates (A.S.I. to Inspectors),2. Upper SubOrdinates (ASI to Inspectos),2659.0,536.0,5989
503,Kerala,2005,PH_Upper Subordinates (A.S.I. to Inspectors),2. Upper SubOrdinates (ASI to Inspectos),451.0,0.0,4033
504,Lakshadweep,2005,PH_Upper Subordinates (A.S.I. to Inspectors),2. Upper SubOrdinates (ASI to Inspectos),40.0,,53
505,Madhya Pradesh,2005,PH_Upper Subordinates (A.S.I. to Inspectors),2. Upper SubOrdinates (ASI to Inspectos),2076.0,1463.0,8704
506,Maharashtra,2005,PH_Upper Subordinates (A.S.I. to Inspectors),2. Upper SubOrdinates (ASI to Inspectos),4666.0,,25180
507,Manipur,2005,PH_Upper Subordinates (A.S.I. to Inspectors),2. Upper SubOrdinates (ASI to Inspectos),134.0,3.0,1536
508,Meghalaya,2005,PH_Upper Subordinates (A.S.I. to Inspectors),2. Upper SubOrdinates (ASI to Inspectos),843.0,318.0,1161
509,Mizoram,2005,PH_Upper Subordinates (A.S.I. to Inspectors),2. Upper SubOrdinates (ASI to Inspectos),126.0,0.0,1224
510,Nagaland,2005,PH_Upper Subordinates (A.S.I. to Inspectors),2. Upper SubOrdinates (ASI to Inspectos),226.0,78.0,635
511,Odisha,2005,PH_Upper Subordinates (A.S.I. to Inspectors),2. Upper SubOrdinates (ASI to Inspectos),2504.0,26.0,6201
512,Puducherry,2005,PH_Upper Subordinates (A.S.I. to Inspectors),2. Upper SubOrdinates (ASI to Inspectos),73.0,,310
513,Punjab,2005,PH_Upper Subordinates (A.S.I. to Inspectors),2. Upper SubOrdinates (ASI to Inspectos),1505.0,,7146
514,Rajasthan,2005,PH_Upper Subordinates (A.S.I. to Inspectors),2. Upper SubOrdinates (ASI to Inspectos),1836.0,,9800
515,Sikkim,2005,PH_Upper Subordinates (A.S.I. to Inspectors),2. Upper SubOrdinates (ASI to Inspectos),190.0,,364
516,Tamil Nadu,2005,PH_Upper Subordinates (A.S.I. to Inspectors),2. Upper SubOrdinates (ASI to Inspectos),3369.0,,10286
517,Tripura,2005,PH_Upper Subordinates (A.S.I. to Inspectors),2. Upper SubOrdinates (ASI to Inspectos),326.0,,1855
518,Uttar Pradesh,2005,PH_Upper Subordinates (A.S.I. to Inspectors),2. Upper SubOrdinates (ASI to Inspectos),6775.0,1375.0,14614
519,Uttarakhand,2005,PH_Upper Subordinates (A.S.I. to Inspectors),2. Upper SubOrdinates (ASI to Inspectos),538.0,,774
520,West Bengal,2005,PH_Upper Subordinates (A.S.I. to Inspectors),2. Upper SubOrdinates (ASI to Inspectos),4471.0,237.0,21779
521,Andaman & Nicobar Islands,2006,PH_Upper Subordinates (A.S.I. to Inspectors),2. Upper SubOrdinates (ASI to Inspectos),42.0,,428
522,Andhra Pradesh,2006,PH_Upper Subordinates (A.S.I. to Inspectors),2. Upper SubOrdinates (ASI to Inspectos),2763.0,3153.0,8744
523,Arunachal Pradesh,2006,PH_Upper Subordinates (A.S.I. to Inspectors),2. Upper SubOrdinates (ASI to Inspectos),302.0,347.0,649
524,Assam,2006,PH_Upper Subordinates (A.S.I. to Inspectors),2. Upper SubOrdinates (ASI to Inspectos),71.0,0.0,6008
525,Bihar,2006,PH_Upper Subordinates (A.S.I. to Inspectors),2. Upper SubOrdinates (ASI to Inspectos),2318.0,9963.0,12281
526,Chandigarh,2006,PH_Upper Subordinates (A.S.I. to Inspectors),2. Upper SubOrdinates (ASI to Inspectos),487.0,0.0,487
527,Chhattisgarh,2006,PH_Upper Subordinates (A.S.I. to Inspectors),2. Upper SubOrdinates (ASI to Inspectos),476.0,442.0,4363
528,Dadra & Nagar Haveli,2006,PH_Upper Subordinates (A.S.I. to Inspectors),2. Upper SubOrdinates (ASI to Inspectos),0.0,18.0,17
529,Daman & Diu,2006,PH_Upper Subordinates (A.S.I. to Inspectors),2. Upper SubOrdinates (ASI to Inspectos),6.0,,22
530,Delhi,2006,PH_Upper Subordinates (A.S.I. to Inspectors),2. Upper SubOrdinates (ASI to Inspectos),6546.0,,10798
531,Goa,2006,PH_Upper Subordinates (A.S.I. to Inspectors),2. Upper SubOrdinates (ASI to Inspectos),138.0,2.0,350
532,Gujarat,2006,PH_Upper Subordinates (A.S.I. to Inspectors),2. Upper SubOrdinates (ASI to Inspectos),5380.0,371.0,13430
533,Haryana,2006,PH_Upper Subordinates (A.S.I. to Inspectors),2. Upper SubOrdinates (ASI to Inspectos),520.0,2902.0,5496
534,Himachal Pradesh,2006,PH_Upper Subordinates (A.S.I. to Inspectors),2. Upper SubOrdinates (ASI to Inspectos),256.0,0.0,1592
535,Jammu & Kashmir,2006,PH_Upper Subordinates (A.S.I. to Inspectors),2. Upper SubOrdinates (ASI to Inspectos),377.0,0.0,6406
536,Jharkhand,2006,PH_Upper Subordinates (A.S.I. to Inspectors),2. Upper SubOrdinates (ASI to Inspectos),634.0,1080.0,2923
537,Karnataka,2006,PH_Upper Subordinates (A.S.I. to Inspectors),2. Upper SubOrdinates (ASI to Inspectos),2725.0,709.0,5991
538,Kerala,2006,PH_Upper Subordinates (A.S.I. to Inspectors),2. Upper SubOrdinates (ASI to Inspectos),419.0,0.0,4237
539,Lakshadweep,2006,PH_Upper Subordinates (A.S.I. to Inspectors),2. Upper SubOrdinates (ASI to Inspectos),34.0,3.0,53
540,Madhya Pradesh,2006,PH_Upper Subordinates (A.S.I. to Inspectors),2. Upper SubOrdinates (ASI to Inspectos),1979.0,1175.0,9041
541,Maharashtra,2006,PH_Upper Subordinates (A.S.I. to Inspectors),2. Upper SubOrdinates (ASI to Inspectos),5304.0,,26573
542,Manipur,2006,PH_Upper Subordinates (A.S.I. to Inspectors),2. Upper SubOrdinates (ASI to Inspectos),65.0,2.0,1555
543,Meghalaya,2006,PH_Upper Subordinates (A.S.I. to Inspectors),2. Upper SubOrdinates (ASI to Inspectos),868.0,294.0,1162
544,Mizoram,2006,PH_Upper Subordinates (A.S.I. to Inspectors),2. Upper SubOrdinates (ASI to Inspectos),780.0,1.0,1271
545,Nagaland,2006,PH_Upper Subordinates (A.S.I. to Inspectors),2. Upper SubOrdinates (ASI to Inspectos),226.0,92.0,640
546,Odisha,2006,PH_Upper Subordinates (A.S.I. to Inspectors),2. Upper SubOrdinates (ASI to Inspectos),1756.0,0.0,6793
547,Puducherry,2006,PH_Upper Subordinates (A.S.I. to Inspectors),2. Upper SubOrdinates (ASI to Inspectos),87.0,,315
548,Punjab,2006,PH_Upper Subordinates (A.S.I. to Inspectors),2. Upper SubOrdinates (ASI to Inspectos),1627.0,,7197
549,Rajasthan,2006,PH_Upper Subordinates (A.S.I. to Inspectors),2. Upper SubOrdinates (ASI to Inspectos),1900.0,,9802
550,Sikkim,2006,PH_Upper Subordinates (A.S.I. to Inspectors),2. Upper SubOrdinates (ASI to Inspectos),190.0,,427
551,Tamil Nadu,2006,PH_Upper Subordinates (A.S.I. to Inspectors),2. Upper SubOrdinates (ASI to Inspectos),3391.0,,10326
552,Tripura,2006,PH_Upper Subordinates (A.S.I. to Inspectors),2. Upper SubOrdinates (ASI to Inspectos),326.0,,1957
553,Uttar Pradesh,2006,PH_Upper Subordinates (A.S.I. to Inspectors),2. Upper SubOrdinates (ASI to Inspectos),6775.0,1375.0,14614
554,Uttarakhand,2006,PH_Upper Subordinates (A.S.I. to Inspectors),2. Upper SubOrdinates (ASI to Inspectos),538.0,,1073
555,West Bengal,2006,PH_Upper Subordinates (A.S.I. to Inspectors),2. Upper SubOrdinates (ASI to Inspectos),4471.0,227.0,21966
556,Andaman & Nicobar Islands,2007,PH_Upper Subordinates (A.S.I. to Inspectors),2. Upper SubOrdinates (ASI to Inspectos),52.0,,432
557,Andhra Pradesh,2007,PH_Upper Subordinates (A.S.I. to Inspectors),2. Upper SubOrdinates (ASI to Inspectos),2784.0,6280.0,9064
558,Arunachal Pradesh,2007,PH_Upper Subordinates (A.S.I. to Inspectors),2. Upper SubOrdinates (ASI to Inspectos),649.0,0.0,649
559,Assam,2007,PH_Upper Subordinates (A.S.I. to Inspectors),2. Upper SubOrdinates (ASI to Inspectos),79.0,0.0,6008
560,Bihar,2007,PH_Upper Subordinates (A.S.I. to Inspectors),2. Upper SubOrdinates (ASI to Inspectos),2353.0,12658.0,15011
561,Chandigarh,2007,PH_Upper Subordinates (A.S.I. to Inspectors),2. Upper SubOrdinates (ASI to Inspectos),339.0,0.0,487
562,Chhattisgarh,2007,PH_Upper Subordinates (A.S.I. to Inspectors),2. Upper SubOrdinates (ASI to Inspectos),52.0,325.0,4302
563,Dadra & Nagar Haveli,2007,PH_Upper Subordinates (A.S.I. to Inspectors),2. Upper SubOrdinates (ASI to Inspectos),,18.0,17
564,Daman & Diu,2007,PH_Upper Subordinates (A.S.I. to Inspectors),2. Upper SubOrdinates (ASI to Inspectos),6.0,,22
565,Delhi,2007,PH_Upper Subordinates (A.S.I. to Inspectors),2. Upper SubOrdinates (ASI to Inspectos),9405.0,,11900
566,Goa,2007,PH_Upper Subordinates (A.S.I. to Inspectors),2. Upper SubOrdinates (ASI to Inspectos),247.0,1.0,453
567,Gujarat,2007,PH_Upper Subordinates (A.S.I. to Inspectors),2. Upper SubOrdinates (ASI to Inspectos),5871.0,373.0,13619
568,Haryana,2007,PH_Upper Subordinates (A.S.I. to Inspectors),2. Upper SubOrdinates (ASI to Inspectos),602.0,3113.0,5803
569,Himachal Pradesh,2007,PH_Upper Subordinates (A.S.I. to Inspectors),2. Upper SubOrdinates (ASI to Inspectos),256.0,0.0,1871
570,Jammu & Kashmir,2007,PH_Upper Subordinates (A.S.I. to Inspectors),2. Upper SubOrdinates (ASI to Inspectos),651.0,0.0,6480
571,Jharkhand,2007,PH_Upper Subordinates (A.S.I. to Inspectors),2. Upper SubOrdinates (ASI to Inspectos),881.0,369.0,5772
572,Karnataka,2007,PH_Upper Subordinates (A.S.I. to Inspectors),2. Upper SubOrdinates (ASI to Inspectos),2620.0,551.0,6050
573,Kerala,2007,PH_Upper Subordinates (A.S.I. to Inspectors),2. Upper SubOrdinates (ASI to Inspectos),593.0,4.0,4362
574,Lakshadweep,2007,PH_Upper Subordinates (A.S.I. to Inspectors),2. Upper SubOrdinates (ASI to Inspectos),40.0,,53
575,Madhya Pradesh,2007,PH_Upper Subordinates (A.S.I. to Inspectors),2. Upper SubOrdinates (ASI to Inspectos),1978.0,1175.0,9102
576,Maharashtra,2007,PH_Upper Subordinates (A.S.I. to Inspectors),2. Upper SubOrdinates (ASI to Inspectos),5319.0,,30206
577,Manipur,2007,PH_Upper Subordinates (A.S.I. to Inspectors),2. Upper SubOrdinates (ASI to Inspectos),65.0,2.0,1804
578,Meghalaya,2007,PH_Upper Subordinates (A.S.I. to Inspectors),2. Upper SubOrdinates (ASI to Inspectos),868.0,340.0,1208
579,Mizoram,2007,PH_Upper Subordinates (A.S.I. to Inspectors),2. Upper SubOrdinates (ASI to Inspectos),172.0,60.0,1328
580,Nagaland,2007,PH_Upper Subordinates (A.S.I. to Inspectors),2. Upper SubOrdinates (ASI to Inspectos),170.0,92.0,648
581,Odisha,2007,PH_Upper Subordinates (A.S.I. to Inspectors),2. Upper SubOrdinates (ASI to Inspectos),1756.0,0.0,7226
582,Puducherry,2007,PH_Upper Subordinates (A.S.I. to Inspectors),2. Upper SubOrdinates (ASI to Inspectos),87.0,,315
583,Punjab,2007,PH_Upper Subordinates (A.S.I. to Inspectors),2. Upper SubOrdinates (ASI to Inspectos),1627.0,,7197
584,Rajasthan,2007,PH_Upper Subordinates (A.S.I. to Inspectors),2. Upper SubOrdinates (ASI to Inspectos),1900.0,,9897
585,Sikkim,2007,PH_Upper Subordinates (A.S.I. to Inspectors),2. Upper SubOrdinates (ASI to Inspectos),190.0,,447
586,Tamil Nadu,2007,PH_Upper Subordinates (A.S.I. to Inspectors),2. Upper SubOrdinates (ASI to Inspectos),3517.0,,10603
587,Tripura,2007,PH_Upper Subordinates (A.S.I. to Inspectors),2. Upper SubOrdinates (ASI to Inspectos),326.0,0.0,1997
588,Uttar Pradesh,2007,PH_Upper Subordinates (A.S.I. to Inspectors),2. Upper SubOrdinates (ASI to Inspectos),7275.0,1375.0,15490
589,Uttarakhand,2007,PH_Upper Subordinates (A.S.I. to Inspectors),2. Upper SubOrdinates (ASI to Inspectos),541.0,,1072
590,West Bengal,2007,PH_Upper Subordinates (A.S.I. to Inspectors),2. Upper SubOrdinates (ASI to Inspectos),3243.0,0.0,27227
591,Andaman & Nicobar Islands,2008,PH_Upper Subordinates (A.S.I. to Inspectors),2. Upper SubOrdinates (ASI to Inspectos),58.0,,432
592,Andhra Pradesh,2008,PH_Upper Subordinates (A.S.I. to Inspectors),2. Upper SubOrdinates (ASI to Inspectos),2796.0,6688.0,9484
593,Arunachal Pradesh,2008,PH_Upper Subordinates (A.S.I. to Inspectors),2. Upper SubOrdinates (ASI to Inspectos),649.0,0.0,742
594,Assam,2008,PH_Upper Subordinates (A.S.I. to Inspectors),2. Upper SubOrdinates (ASI to Inspectos),87.0,0.0,6008
595,Bihar,2008,PH_Upper Subordinates (A.S.I. to Inspectors),2. Upper SubOrdinates (ASI to Inspectos),2378.0,12980.0,15358
596,Chandigarh,2008,PH_Upper Subordinates (A.S.I. to Inspectors),2. Upper SubOrdinates (ASI to Inspectos),339.0,0.0,487
597,Chhattisgarh,2008,PH_Upper Subordinates (A.S.I. to Inspectors),2. Upper SubOrdinates (ASI to Inspectos),338.0,431.0,4655
598,Dadra & Nagar Haveli,2008,PH_Upper Subordinates (A.S.I. to Inspectors),2. Upper SubOrdinates (ASI to Inspectos),,17.0,17
599,Daman & Diu,2008,PH_Upper Subordinates (A.S.I. to Inspectors),2. Upper SubOrdinates (ASI to Inspectos),6.0,,22
600,Delhi,2008,PH_Upper Subordinates (A.S.I. to Inspectors),2. Upper SubOrdinates (ASI to Inspectos),9486.0,,12553
601,Goa,2008,PH_Upper Subordinates (A.S.I. to Inspectors),2. Upper SubOrdinates (ASI to Inspectos),273.0,1.0,501
602,Gujarat,2008,PH_Upper Subordinates (A.S.I. to Inspectors),2. Upper SubOrdinates (ASI to Inspectos),6276.0,869.0,12860
603,Haryana,2008,PH_Upper Subordinates (A.S.I. to Inspectors),2. Upper SubOrdinates (ASI to Inspectos),682.0,4094.0,6900
604,Himachal Pradesh,2008,PH_Upper Subordinates (A.S.I. to Inspectors),2. Upper SubOrdinates (ASI to Inspectos),284.0,0.0,2000
605,Jammu & Kashmir,2008,PH_Upper Subordinates (A.S.I. to Inspectors),2. Upper SubOrdinates (ASI to Inspectos),651.0,0.0,7440
606,Jharkhand,2008,PH_Upper Subordinates (A.S.I. to Inspectors),2. Upper SubOrdinates (ASI to Inspectos),837.0,176.0,6842
607,Karnataka,2008,PH_Upper Subordinates (A.S.I. to Inspectors),2. Upper SubOrdinates (ASI to Inspectos),3085.0,391.0,8049
608,Kerala,2008,PH_Upper Subordinates (A.S.I. to Inspectors),2. Upper SubOrdinates (ASI to Inspectos),763.0,82.0,4100
609,Lakshadweep,2008,PH_Upper Subordinates (A.S.I. to Inspectors),2. Upper SubOrdinates (ASI to Inspectos),40.0,,85
610,Madhya Pradesh,2008,PH_Upper Subordinates (A.S.I. to Inspectors),2. Upper SubOrdinates (ASI to Inspectos),2676.0,,9101
611,Maharashtra,2008,PH_Upper Subordinates (A.S.I. to Inspectors),2. Upper SubOrdinates (ASI to Inspectos),5315.0,0.0,30780
612,Manipur,2008,PH_Upper Subordinates (A.S.I. to Inspectors),2. Upper SubOrdinates (ASI to Inspectos),65.0,2.0,2256
613,Meghalaya,2008,PH_Upper Subordinates (A.S.I. to Inspectors),2. Upper SubOrdinates (ASI to Inspectos),486.0,565.0,1213
614,Mizoram,2008,PH_Upper Subordinates (A.S.I. to Inspectors),2. Upper SubOrdinates (ASI to Inspectos),174.0,0.0,1382
615,Nagaland,2008,PH_Upper Subordinates (A.S.I. to Inspectors),2. Upper SubOrdinates (ASI to Inspectos),205.0,74.0,662
616,Odisha,2008,PH_Upper Subordinates (A.S.I. to Inspectors),2. Upper SubOrdinates (ASI to Inspectos),1858.0,0.0,9244
617,Puducherry,2008,PH_Upper Subordinates (A.S.I. to Inspectors),2. Upper SubOrdinates (ASI to Inspectos),87.0,,315
618,Punjab,2008,PH_Upper Subordinates (A.S.I. to Inspectors),2. Upper SubOrdinates (ASI to Inspectos),1609.0,,7335
619,Rajasthan,2008,PH_Upper Subordinates (A.S.I. to Inspectors),2. Upper SubOrdinates (ASI to Inspectos),1900.0,,10011
620,Sikkim,2008,PH_Upper Subordinates (A.S.I. to Inspectors),2. Upper SubOrdinates (ASI to Inspectos),190.0,,478
621,Tamil Nadu,2008,PH_Upper Subordinates (A.S.I. to Inspectors),2. Upper SubOrdinates (ASI to Inspectos),3608.0,0.0,10712
622,Tripura,2008,PH_Upper Subordinates (A.S.I. to Inspectors),2. Upper SubOrdinates (ASI to Inspectos),326.0,,2099
623,Uttar Pradesh,2008,PH_Upper Subordinates (A.S.I. to Inspectors),2. Upper SubOrdinates (ASI to Inspectos),7275.0,1375.0,15656
624,Uttarakhand,2008,PH_Upper Subordinates (A.S.I. to Inspectors),2. Upper SubOrdinates (ASI to Inspectos),597.0,,1127
625,West Bengal,2008,PH_Upper Subordinates (A.S.I. to Inspectors),2. Upper SubOrdinates (ASI to Inspectos),4862.0,191.0,26437
626,Andaman & Nicobar Islands,2009,PH_Upper Subordinates (A.S.I. to Inspectors),2. Upper SubOrdinates (ASI to Inspectos),52.0,,557
627,Andhra Pradesh,2009,PH_Upper Subordinates (A.S.I. to Inspectors),2. Upper SubOrdinates (ASI to Inspectos),2799.0,11829.0,14628
628,Arunachal Pradesh,2009,PH_Upper Subordinates (A.S.I. to Inspectors),2. Upper SubOrdinates (ASI to Inspectos),688.0,54.0,742
629,Assam,2009,PH_Upper Subordinates (A.S.I. to Inspectors),2. Upper SubOrdinates (ASI to Inspectos),87.0,0.0,6008
630,Bihar,2009,PH_Upper Subordinates (A.S.I. to Inspectors),2. Upper SubOrdinates (ASI to Inspectos),2534.0,13207.0,15741
631,Chandigarh,2009,PH_Upper Subordinates (A.S.I. to Inspectors),2. Upper SubOrdinates (ASI to Inspectos),340.0,0.0,677
632,Chhattisgarh,2009,PH_Upper Subordinates (A.S.I. to Inspectors),2. Upper SubOrdinates (ASI to Inspectos),46.0,0.0,4649
633,Dadra & Nagar Haveli,2009,PH_Upper Subordinates (A.S.I. to Inspectors),2. Upper SubOrdinates (ASI to Inspectos),,15.0,16
634,Daman & Diu,2009,PH_Upper Subordinates (A.S.I. to Inspectors),2. Upper SubOrdinates (ASI to Inspectos),6.0,,22
635,Delhi,2009,PH_Upper Subordinates (A.S.I. to Inspectors),2. Upper SubOrdinates (ASI to Inspectos),9503.0,,13407
636,Goa,2009,PH_Upper Subordinates (A.S.I. to Inspectors),2. Upper SubOrdinates (ASI to Inspectos),273.0,1.0,501
637,Gujarat,2009,PH_Upper Subordinates (A.S.I. to Inspectors),2. Upper SubOrdinates (ASI to Inspectos),5415.0,652.0,13032
638,Haryana,2009,PH_Upper Subordinates (A.S.I. to Inspectors),2. Upper SubOrdinates (ASI to Inspectos),1072.0,4124.0,7151
639,Himachal Pradesh,2009,PH_Upper Subordinates (A.S.I. to Inspectors),2. Upper SubOrdinates (ASI to Inspectos),377.0,0.0,2051
640,Jammu & Kashmir,2009,PH_Upper Subordinates (A.S.I. to Inspectors),2. Upper SubOrdinates (ASI to Inspectos),954.0,0.0,8338
641,Jharkhand,2009,PH_Upper Subordinates (A.S.I. to Inspectors),2. Upper SubOrdinates (ASI to Inspectos),1069.0,869.0,6020
642,Karnataka,2009,PH_Upper Subordinates (A.S.I. to Inspectors),2. Upper SubOrdinates (ASI to Inspectos),3129.0,748.0,8552
643,Kerala,2009,PH_Upper Subordinates (A.S.I. to Inspectors),2. Upper SubOrdinates (ASI to Inspectos),765.0,82.0,4176
644,Lakshadweep,2009,PH_Upper Subordinates (A.S.I. to Inspectors),2. Upper SubOrdinates (ASI to Inspectos),50.0,,85
645,Madhya Pradesh,2009,PH_Upper Subordinates (A.S.I. to Inspectors),2. Upper SubOrdinates (ASI to Inspectos),0.0,,9101
646,Maharashtra,2009,PH_Upper Subordinates (A.S.I. to Inspectors),2. Upper SubOrdinates (ASI to Inspectos),5593.0,,32348
647,Manipur,2009,PH_Upper Subordinates (A.S.I. to Inspectors),2. Upper SubOrdinates (ASI to Inspectos),82.0,2.0,2992
648,Meghalaya,2009,PH_Upper Subordinates (A.S.I. to Inspectors),2. Upper SubOrdinates (ASI to Inspectos),487.0,828.0,1215
649,Mizoram,2009,PH_Upper Subordinates (A.S.I. to Inspectors),2. Upper SubOrdinates (ASI to Inspectos),174.0,,1460
650,Nagaland,2009,PH_Upper Subordinates (A.S.I. to Inspectors),2. Upper SubOrdinates (ASI to Inspectos),174.0,77.0,662
651,Odisha,2009,PH_Upper Subordinates (A.S.I. to Inspectors),2. Upper SubOrdinates (ASI to Inspectos),1858.0,0.0,9294
652,Puducherry,2009,PH_Upper Subordinates (A.S.I. to Inspectors),2. Upper SubOrdinates (ASI to Inspectos),92.0,,319
653,Punjab,2009,PH_Upper Subordinates (A.S.I. to Inspectors),2. Upper SubOrdinates (ASI to Inspectos),48.0,,7335
654,Rajasthan,2009,PH_Upper Subordinates (A.S.I. to Inspectors),2. Upper SubOrdinates (ASI to Inspectos),1900.0,,10090
655,Sikkim,2009,PH_Upper Subordinates (A.S.I. to Inspectors),2. Upper SubOrdinates (ASI to Inspectos),190.0,,481
656,Tamil Nadu,2009,PH_Upper Subordinates (A.S.I. to Inspectors),2. Upper SubOrdinates (ASI to Inspectos),3639.0,0.0,11017
657,Tripura,2009,PH_Upper Subordinates (A.S.I. to Inspectors),2. Upper SubOrdinates (ASI to Inspectos),326.0,,2099
658,Uttar Pradesh,2009,PH_Upper Subordinates (A.S.I. to Inspectors),2. Upper SubOrdinates (ASI to Inspectos),7275.0,2654.0,20642
659,Uttarakhand,2009,PH_Upper Subordinates (A.S.I. to Inspectors),2. Upper SubOrdinates (ASI to Inspectos),301.0,,1152
660,West Bengal,2009,PH_Upper Subordinates (A.S.I. to Inspectors),2. Upper SubOrdinates (ASI to Inspectos),5055.0,193.0,27347
661,Andaman & Nicobar Islands,2010,PH_Upper Subordinates (A.S.I. to Inspectors),2. Upper SubOrdinates (ASI to Inspectos),62.0,,632
662,Andhra Pradesh,2010,PH_Upper Subordinates (A.S.I. to Inspectors),2. Upper SubOrdinates (ASI to Inspectos),2799.0,13646.0,16445
663,Arunachal Pradesh,2010,PH_Upper Subordinates (A.S.I. to Inspectors),2. Upper SubOrdinates (ASI to Inspectos),713.0,91.0,804
664,Assam,2010,PH_Upper Subordinates (A.S.I. to Inspectors),2. Upper SubOrdinates (ASI to Inspectos),91.0,,6008
665,Bihar,2010,PH_Upper Subordinates (A.S.I. to Inspectors),2. Upper SubOrdinates (ASI to Inspectos),2503.0,12931.0,15434
666,Chandigarh,2010,PH_Upper Subordinates (A.S.I. to Inspectors),2. Upper SubOrdinates (ASI to Inspectos),340.0,0.0,677
667,Chhattisgarh,2010,PH_Upper Subordinates (A.S.I. to Inspectors),2. Upper SubOrdinates (ASI to Inspectos),389.0,0.0,4649
668,Dadra & Nagar Haveli,2010,PH_Upper Subordinates (A.S.I. to Inspectors),2. Upper SubOrdinates (ASI to Inspectos),16.0,16.0,27
669,Daman & Diu,2010,PH_Upper Subordinates (A.S.I. to Inspectors),2. Upper SubOrdinates (ASI to Inspectos),6.0,,22
670,Delhi,2010,PH_Upper Subordinates (A.S.I. to Inspectors),2. Upper SubOrdinates (ASI to Inspectos),10018.0,,13407
671,Goa,2010,PH_Upper Subordinates (A.S.I. to Inspectors),2. Upper SubOrdinates (ASI to Inspectos),99.0,1.0,524
672,Gujarat,2010,PH_Upper Subordinates (A.S.I. to Inspectors),2. Upper SubOrdinates (ASI to Inspectos),5118.0,547.0,13811
673,Haryana,2010,PH_Upper Subordinates (A.S.I. to Inspectors),2. Upper SubOrdinates (ASI to Inspectos),1192.0,1271.0,7124
674,Himachal Pradesh,2010,PH_Upper Subordinates (A.S.I. to Inspectors),2. Upper SubOrdinates (ASI to Inspectos),388.0,0.0,2051
675,Jammu & Kashmir,2010,PH_Upper Subordinates (A.S.I. to Inspectors),2. Upper SubOrdinates (ASI to Inspectos),954.0,104.0,7901
676,Jharkhand,2010,PH_Upper Subordinates (A.S.I. to Inspectors),2. Upper SubOrdinates (ASI to Inspectos),544.0,869.0,8386
677,Karnataka,2010,PH_Upper Subordinates (A.S.I. to Inspectors),2. Upper SubOrdinates (ASI to Inspectos),3119.0,738.0,8872
678,Kerala,2010,PH_Upper Subordinates (A.S.I. to Inspectors),2. Upper SubOrdinates (ASI to Inspectos),1153.0,82.0,4226
679,Lakshadweep,2010,PH_Upper Subordinates (A.S.I. to Inspectors),2. Upper SubOrdinates (ASI to Inspectos),50.0,,85
680,Madhya Pradesh,2010,PH_Upper Subordinates (A.S.I. to Inspectors),2. Upper SubOrdinates (ASI to Inspectos),3092.0,1080.0,11135
681,Maharashtra,2010,PH_Upper Subordinates (A.S.I. to Inspectors),2. Upper SubOrdinates (ASI to Inspectos),5593.0,0.0,33599
682,Manipur,2010,PH_Upper Subordinates (A.S.I. to Inspectors),2. Upper SubOrdinates (ASI to Inspectos),78.0,37.0,3271
683,Meghalaya,2010,PH_Upper Subordinates (A.S.I. to Inspectors),2. Upper SubOrdinates (ASI to Inspectos),487.0,676.0,1163
684,Mizoram,2010,PH_Upper Subordinates (A.S.I. to Inspectors),2. Upper SubOrdinates (ASI to Inspectos),174.0,,1412
685,Nagaland,2010,PH_Upper Subordinates (A.S.I. to Inspectors),2. Upper SubOrdinates (ASI to Inspectos),180.0,80.0,662
686,Odisha,2010,PH_Upper Subordinates (A.S.I. to Inspectors),2. Upper SubOrdinates (ASI to Inspectos),1924.0,0.0,9419
687,Puducherry,2010,PH_Upper Subordinates (A.S.I. to Inspectors),2. Upper SubOrdinates (ASI to Inspectos),92.0,,404
688,Punjab,2010,PH_Upper Subordinates (A.S.I. to Inspectors),2. Upper SubOrdinates (ASI to Inspectos),48.0,,8549
689,Rajasthan,2010,PH_Upper Subordinates (A.S.I. to Inspectors),2. Upper SubOrdinates (ASI to Inspectos),1900.0,,10174
690,Sikkim,2010,PH_Upper Subordinates (A.S.I. to Inspectors),2. Upper SubOrdinates (ASI to Inspectos),190.0,,499
691,Tamil Nadu,2010,PH_Upper Subordinates (A.S.I. to Inspectors),2. Upper SubOrdinates (ASI to Inspectos),373.0,0.0,12039
692,Tripura,2010,PH_Upper Subordinates (A.S.I. to Inspectors),2. Upper SubOrdinates (ASI to Inspectos),326.0,,2128
693,Uttar Pradesh,2010,PH_Upper Subordinates (A.S.I. to Inspectors),2. Upper SubOrdinates (ASI to Inspectos),5342.0,2654.0,21971
694,Uttarakhand,2010,PH_Upper Subordinates (A.S.I. to Inspectors),2. Upper SubOrdinates (ASI to Inspectos),596.0,,1152
695,West Bengal,2010,PH_Upper Subordinates (A.S.I. to Inspectors),2. Upper SubOrdinates (ASI to Inspectos),5787.0,186.0,27806
