index,Area_Name,Year,Group_Name,Sub_Group_Name,CD_Hospitalisation_Treatment
0,Andhra Pradesh,2001,During Hospitalisation/Treatment/Other Reasons,4. Deaths during Hospitalisation/Treatment,15
1,Arunachal Pradesh,2001,During Hospitalisation/Treatment/Other Reasons,4. Deaths during Hospitalisation/Treatment,1
2,Bihar,2001,During Hospitalisation/Treatment/Other Reasons,4. Deaths during Hospitalisation/Treatment,0
3,Chandigarh,2001,During Hospitalisation/Treatment/Other Reasons,4. Deaths during Hospitalisation/Treatment,0
4,Chhattisgarh,2001,During Hospitalisation/Treatment/Other Reasons,4. Deaths during Hospitalisation/Treatment,0
5,Delhi,2001,During Hospitalisation/Treatment/Other Reasons,4. Deaths during Hospitalisation/Treatment,0
6,Gujarat,2001,During Hospitalisation/Treatment/Other Reasons,4. Deaths during Hospitalisation/Treatment,3
7,Haryana,2001,During Hospitalisation/Treatment/Other Reasons,4. Deaths during Hospitalisation/Treatment,1
8,Himachal Pradesh,2001,During Hospitalisation/Treatment/Other Reasons,4. Deaths during Hospitalisation/Treatment,0
9,Jammu & Kashmir,2001,During Hospitalisation/Treatment/Other Reasons,4. Deaths during Hospitalisation/Treatment,0
10,Jharkhand,2001,During Hospitalisation/Treatment/Other Reasons,4. Deaths during Hospitalisation/Treatment,0
11,Karnataka,2001,During Hospitalisation/Treatment/Other Reasons,4. Deaths during Hospitalisation/Treatment,1
12,Madhya Pradesh,2001,During Hospitalisation/Treatment/Other Reasons,4. Deaths during Hospitalisation/Treatment,0
13,Maharashtra,2001,During Hospitalisation/Treatment/Other Reasons,4. Deaths during Hospitalisation/Treatment,4
14,Meghalaya,2001,During Hospitalisation/Treatment/Other Reasons,4. Deaths during Hospitalisation/Treatment,0
15,Nagaland,2001,During Hospitalisation/Treatment/Other Reasons,4. Deaths during Hospitalisation/Treatment,0
16,Odisha,2001,During Hospitalisation/Treatment/Other Reasons,4. Deaths during Hospitalisation/Treatment,0
17,Uttar Pradesh,2001,During Hospitalisation/Treatment/Other Reasons,4. Deaths during Hospitalisation/Treatment,4
18,West Bengal,2001,During Hospitalisation/Treatment/Other Reasons,4. Deaths during Hospitalisation/Treatment,11
19,Andhra Pradesh,2002,During Hospitalisation/Treatment/Other Reasons,4. Deaths during Hospitalisation/Treatment,0
20,Assam,2002,During Hospitalisation/Treatment/Other Reasons,4. Deaths during Hospitalisation/Treatment,9
21,Bihar,2002,During Hospitalisation/Treatment/Other Reasons,4. Deaths during Hospitalisation/Treatment,0
22,Chandigarh,2002,During Hospitalisation/Treatment/Other Reasons,4. Deaths during Hospitalisation/Treatment,0
23,Chhattisgarh,2002,During Hospitalisation/Treatment/Other Reasons,4. Deaths during Hospitalisation/Treatment,0
24,Daman & Diu,2002,During Hospitalisation/Treatment/Other Reasons,4. Deaths during Hospitalisation/Treatment,0
25,Gujarat,2002,During Hospitalisation/Treatment/Other Reasons,4. Deaths during Hospitalisation/Treatment,1
26,Haryana,2002,During Hospitalisation/Treatment/Other Reasons,4. Deaths during Hospitalisation/Treatment,1
27,Himachal Pradesh,2002,During Hospitalisation/Treatment/Other Reasons,4. Deaths during Hospitalisation/Treatment,0
28,Karnataka,2002,During Hospitalisation/Treatment/Other Reasons,4. Deaths during Hospitalisation/Treatment,0
29,Madhya Pradesh,2002,During Hospitalisation/Treatment/Other Reasons,4. Deaths during Hospitalisation/Treatment,0
30,Maharashtra,2002,During Hospitalisation/Treatment/Other Reasons,4. Deaths during Hospitalisation/Treatment,5
31,Meghalaya,2002,During Hospitalisation/Treatment/Other Reasons,4. Deaths during Hospitalisation/Treatment,0
32,Nagaland,2002,During Hospitalisation/Treatment/Other Reasons,4. Deaths during Hospitalisation/Treatment,0
33,Odisha,2002,During Hospitalisation/Treatment/Other Reasons,4. Deaths during Hospitalisation/Treatment,0
34,Punjab,2002,During Hospitalisation/Treatment/Other Reasons,4. Deaths during Hospitalisation/Treatment,0
35,Rajasthan,2002,During Hospitalisation/Treatment/Other Reasons,4. Deaths during Hospitalisation/Treatment,3
36,Tamil Nadu,2002,During Hospitalisation/Treatment/Other Reasons,4. Deaths during Hospitalisation/Treatment,1
37,Tripura,2002,During Hospitalisation/Treatment/Other Reasons,4. Deaths during Hospitalisation/Treatment,1
38,Uttar Pradesh,2002,During Hospitalisation/Treatment/Other Reasons,4. Deaths during Hospitalisation/Treatment,4
39,West Bengal,2002,During Hospitalisation/Treatment/Other Reasons,4. Deaths during Hospitalisation/Treatment,12
40,Andhra Pradesh,2003,During Hospitalisation/Treatment/Other Reasons,4. Deaths during Hospitalisation/Treatment,16
41,Arunachal Pradesh,2003,During Hospitalisation/Treatment/Other Reasons,4. Deaths during Hospitalisation/Treatment,0
42,Assam,2003,During Hospitalisation/Treatment/Other Reasons,4. Deaths during Hospitalisation/Treatment,0
43,Bihar,2003,During Hospitalisation/Treatment/Other Reasons,4. Deaths during Hospitalisation/Treatment,0
44,Chandigarh,2003,During Hospitalisation/Treatment/Other Reasons,4. Deaths during Hospitalisation/Treatment,0
45,Chhattisgarh,2003,During Hospitalisation/Treatment/Other Reasons,4. Deaths during Hospitalisation/Treatment,0
46,Daman & Diu,2003,During Hospitalisation/Treatment/Other Reasons,4. Deaths during Hospitalisation/Treatment,0
47,Gujarat,2003,During Hospitalisation/Treatment/Other Reasons,4. Deaths during Hospitalisation/Treatment,5
48,Haryana,2003,During Hospitalisation/Treatment/Other Reasons,4. Deaths during Hospitalisation/Treatment,1
49,Himachal Pradesh,2003,During Hospitalisation/Treatment/Other Reasons,4. Deaths during Hospitalisation/Treatment,0
50,Jammu & Kashmir,2003,During Hospitalisation/Treatment/Other Reasons,4. Deaths during Hospitalisation/Treatment,0
51,Karnataka,2003,During Hospitalisation/Treatment/Other Reasons,4. Deaths during Hospitalisation/Treatment,0
52,Kerala,2003,During Hospitalisation/Treatment/Other Reasons,4. Deaths during Hospitalisation/Treatment,0
53,Madhya Pradesh,2003,During Hospitalisation/Treatment/Other Reasons,4. Deaths during Hospitalisation/Treatment,1
54,Maharashtra,2003,During Hospitalisation/Treatment/Other Reasons,4. Deaths during Hospitalisation/Treatment,3
55,Meghalaya,2003,During Hospitalisation/Treatment/Other Reasons,4. Deaths during Hospitalisation/Treatment,0
56,Nagaland,2003,During Hospitalisation/Treatment/Other Reasons,4. Deaths during Hospitalisation/Treatment,0
57,Odisha,2003,During Hospitalisation/Treatment/Other Reasons,4. Deaths during Hospitalisation/Treatment,0
58,Punjab,2003,During Hospitalisation/Treatment/Other Reasons,4. Deaths during Hospitalisation/Treatment,2
59,Rajasthan,2003,During Hospitalisation/Treatment/Other Reasons,4. Deaths during Hospitalisation/Treatment,4
60,Tamil Nadu,2003,During Hospitalisation/Treatment/Other Reasons,4. Deaths during Hospitalisation/Treatment,0
61,Uttar Pradesh,2003,During Hospitalisation/Treatment/Other Reasons,4. Deaths during Hospitalisation/Treatment,4
62,West Bengal,2003,During Hospitalisation/Treatment/Other Reasons,4. Deaths during Hospitalisation/Treatment,11
63,Andhra Pradesh,2004,During Hospitalisation/Treatment/Other Reasons,4. Deaths during Hospitalisation/Treatment,11
64,Arunachal Pradesh,2004,During Hospitalisation/Treatment/Other Reasons,4. Deaths during Hospitalisation/Treatment,0
65,Bihar,2004,During Hospitalisation/Treatment/Other Reasons,4. Deaths during Hospitalisation/Treatment,0
66,Chandigarh,2004,During Hospitalisation/Treatment/Other Reasons,4. Deaths during Hospitalisation/Treatment,0
67,Chhattisgarh,2004,During Hospitalisation/Treatment/Other Reasons,4. Deaths during Hospitalisation/Treatment,0
68,Gujarat,2004,During Hospitalisation/Treatment/Other Reasons,4. Deaths during Hospitalisation/Treatment,1
69,Himachal Pradesh,2004,During Hospitalisation/Treatment/Other Reasons,4. Deaths during Hospitalisation/Treatment,1
70,Jammu & Kashmir,2004,During Hospitalisation/Treatment/Other Reasons,4. Deaths during Hospitalisation/Treatment,0
71,Karnataka,2004,During Hospitalisation/Treatment/Other Reasons,4. Deaths during Hospitalisation/Treatment,0
72,Madhya Pradesh,2004,During Hospitalisation/Treatment/Other Reasons,4. Deaths during Hospitalisation/Treatment,0
73,Maharashtra,2004,During Hospitalisation/Treatment/Other Reasons,4. Deaths during Hospitalisation/Treatment,11
74,Meghalaya,2004,During Hospitalisation/Treatment/Other Reasons,4. Deaths during Hospitalisation/Treatment,0
75,Mizoram,2004,During Hospitalisation/Treatment/Other Reasons,4. Deaths during Hospitalisation/Treatment,0
76,Nagaland,2004,During Hospitalisation/Treatment/Other Reasons,4. Deaths during Hospitalisation/Treatment,0
77,Odisha,2004,During Hospitalisation/Treatment/Other Reasons,4. Deaths during Hospitalisation/Treatment,0
78,Punjab,2004,During Hospitalisation/Treatment/Other Reasons,4. Deaths during Hospitalisation/Treatment,1
79,Sikkim,2004,During Hospitalisation/Treatment/Other Reasons,4. Deaths during Hospitalisation/Treatment,0
80,Tamil Nadu,2004,During Hospitalisation/Treatment/Other Reasons,4. Deaths during Hospitalisation/Treatment,1
81,Uttar Pradesh,2004,During Hospitalisation/Treatment/Other Reasons,4. Deaths during Hospitalisation/Treatment,0
82,West Bengal,2004,During Hospitalisation/Treatment/Other Reasons,4. Deaths during Hospitalisation/Treatment,7
83,Andhra Pradesh,2005,During Hospitalisation/Treatment/Other Reasons,4. Deaths during Hospitalisation/Treatment,24
84,Arunachal Pradesh,2005,During Hospitalisation/Treatment/Other Reasons,4. Deaths during Hospitalisation/Treatment,0
85,Assam,2005,During Hospitalisation/Treatment/Other Reasons,4. Deaths during Hospitalisation/Treatment,0
86,Chandigarh,2005,During Hospitalisation/Treatment/Other Reasons,4. Deaths during Hospitalisation/Treatment,0
87,Chhattisgarh,2005,During Hospitalisation/Treatment/Other Reasons,4. Deaths during Hospitalisation/Treatment,0
88,Goa,2005,During Hospitalisation/Treatment/Other Reasons,4. Deaths during Hospitalisation/Treatment,1
89,Gujarat,2005,During Hospitalisation/Treatment/Other Reasons,4. Deaths during Hospitalisation/Treatment,5
90,Haryana,2005,During Hospitalisation/Treatment/Other Reasons,4. Deaths during Hospitalisation/Treatment,0
91,Himachal Pradesh,2005,During Hospitalisation/Treatment/Other Reasons,4. Deaths during Hospitalisation/Treatment,0
92,Jammu & Kashmir,2005,During Hospitalisation/Treatment/Other Reasons,4. Deaths during Hospitalisation/Treatment,0
93,Karnataka,2005,During Hospitalisation/Treatment/Other Reasons,4. Deaths during Hospitalisation/Treatment,1
94,Kerala,2005,During Hospitalisation/Treatment/Other Reasons,4. Deaths during Hospitalisation/Treatment,1
95,Madhya Pradesh,2005,During Hospitalisation/Treatment/Other Reasons,4. Deaths during Hospitalisation/Treatment,1
96,Maharashtra,2005,During Hospitalisation/Treatment/Other Reasons,4. Deaths during Hospitalisation/Treatment,3
97,Manipur,2005,During Hospitalisation/Treatment/Other Reasons,4. Deaths during Hospitalisation/Treatment,0
98,Meghalaya,2005,During Hospitalisation/Treatment/Other Reasons,4. Deaths during Hospitalisation/Treatment,0
99,Mizoram,2005,During Hospitalisation/Treatment/Other Reasons,4. Deaths during Hospitalisation/Treatment,0
100,Nagaland,2005,During Hospitalisation/Treatment/Other Reasons,4. Deaths during Hospitalisation/Treatment,0
101,Odisha,2005,During Hospitalisation/Treatment/Other Reasons,4. Deaths during Hospitalisation/Treatment,1
102,Punjab,2005,During Hospitalisation/Treatment/Other Reasons,4. Deaths during Hospitalisation/Treatment,0
103,Rajasthan,2005,During Hospitalisation/Treatment/Other Reasons,4. Deaths during Hospitalisation/Treatment,3
104,Tamil Nadu,2005,During Hospitalisation/Treatment/Other Reasons,4. Deaths during Hospitalisation/Treatment,2
105,Tripura,2005,During Hospitalisation/Treatment/Other Reasons,4. Deaths during Hospitalisation/Treatment,1
106,Uttar Pradesh,2005,During Hospitalisation/Treatment/Other Reasons,4. Deaths during Hospitalisation/Treatment,0
107,West Bengal,2005,During Hospitalisation/Treatment/Other Reasons,4. Deaths during Hospitalisation/Treatment,6
108,Andhra Pradesh,2006,During Hospitalisation/Treatment/Other Reasons,4. Deaths during Hospitalisation/Treatment,0
109,Arunachal Pradesh,2006,During Hospitalisation/Treatment/Other Reasons,4. Deaths during Hospitalisation/Treatment,0
110,Assam,2006,During Hospitalisation/Treatment/Other Reasons,4. Deaths during Hospitalisation/Treatment,0
111,Chandigarh,2006,During Hospitalisation/Treatment/Other Reasons,4. Deaths during Hospitalisation/Treatment,0
112,Chhattisgarh,2006,During Hospitalisation/Treatment/Other Reasons,4. Deaths during Hospitalisation/Treatment,1
113,Gujarat,2006,During Hospitalisation/Treatment/Other Reasons,4. Deaths during Hospitalisation/Treatment,3
114,Himachal Pradesh,2006,During Hospitalisation/Treatment/Other Reasons,4. Deaths during Hospitalisation/Treatment,0
115,Jammu & Kashmir,2006,During Hospitalisation/Treatment/Other Reasons,4. Deaths during Hospitalisation/Treatment,0
116,Karnataka,2006,During Hospitalisation/Treatment/Other Reasons,4. Deaths during Hospitalisation/Treatment,0
117,Kerala,2006,During Hospitalisation/Treatment/Other Reasons,4. Deaths during Hospitalisation/Treatment,0
118,Madhya Pradesh,2006,During Hospitalisation/Treatment/Other Reasons,4. Deaths during Hospitalisation/Treatment,0
119,Maharashtra,2006,During Hospitalisation/Treatment/Other Reasons,4. Deaths during Hospitalisation/Treatment,4
120,Meghalaya,2006,During Hospitalisation/Treatment/Other Reasons,4. Deaths during Hospitalisation/Treatment,0
121,Mizoram,2006,During Hospitalisation/Treatment/Other Reasons,4. Deaths during Hospitalisation/Treatment,0
122,Nagaland,2006,During Hospitalisation/Treatment/Other Reasons,4. Deaths during Hospitalisation/Treatment,0
123,Odisha,2006,During Hospitalisation/Treatment/Other Reasons,4. Deaths during Hospitalisation/Treatment,0
124,Rajasthan,2006,During Hospitalisation/Treatment/Other Reasons,4. Deaths during Hospitalisation/Treatment,3
125,Tamil Nadu,2006,During Hospitalisation/Treatment/Other Reasons,4. Deaths during Hospitalisation/Treatment,3
126,Uttar Pradesh,2006,During Hospitalisation/Treatment/Other Reasons,4. Deaths during Hospitalisation/Treatment,0
127,West Bengal,2006,During Hospitalisation/Treatment/Other Reasons,4. Deaths during Hospitalisation/Treatment,4
128,Andhra Pradesh,2007,During Hospitalisation/Treatment/Other Reasons,4. Deaths during Hospitalisation/Treatment,18
129,Arunachal Pradesh,2007,During Hospitalisation/Treatment/Other Reasons,4. Deaths during Hospitalisation/Treatment,0
130,Assam,2007,During Hospitalisation/Treatment/Other Reasons,4. Deaths during Hospitalisation/Treatment,0
131,Bihar,2007,During Hospitalisation/Treatment/Other Reasons,4. Deaths during Hospitalisation/Treatment,0
132,Chandigarh,2007,During Hospitalisation/Treatment/Other Reasons,4. Deaths during Hospitalisation/Treatment,0
133,Chhattisgarh,2007,During Hospitalisation/Treatment/Other Reasons,4. Deaths during Hospitalisation/Treatment,0
134,Gujarat,2007,During Hospitalisation/Treatment/Other Reasons,4. Deaths during Hospitalisation/Treatment,4
135,Himachal Pradesh,2007,During Hospitalisation/Treatment/Other Reasons,4. Deaths during Hospitalisation/Treatment,0
136,Jammu & Kashmir,2007,During Hospitalisation/Treatment/Other Reasons,4. Deaths during Hospitalisation/Treatment,0
137,Karnataka,2007,During Hospitalisation/Treatment/Other Reasons,4. Deaths during Hospitalisation/Treatment,0
138,Kerala,2007,During Hospitalisation/Treatment/Other Reasons,4. Deaths during Hospitalisation/Treatment,0
139,Madhya Pradesh,2007,During Hospitalisation/Treatment/Other Reasons,4. Deaths during Hospitalisation/Treatment,1
140,Maharashtra,2007,During Hospitalisation/Treatment/Other Reasons,4. Deaths during Hospitalisation/Treatment,4
141,Manipur,2007,During Hospitalisation/Treatment/Other Reasons,4. Deaths during Hospitalisation/Treatment,0
142,Meghalaya,2007,During Hospitalisation/Treatment/Other Reasons,4. Deaths during Hospitalisation/Treatment,0
143,Mizoram,2007,During Hospitalisation/Treatment/Other Reasons,4. Deaths during Hospitalisation/Treatment,0
144,Nagaland,2007,During Hospitalisation/Treatment/Other Reasons,4. Deaths during Hospitalisation/Treatment,0
145,Odisha,2007,During Hospitalisation/Treatment/Other Reasons,4. Deaths during Hospitalisation/Treatment,0
146,Rajasthan,2007,During Hospitalisation/Treatment/Other Reasons,4. Deaths during Hospitalisation/Treatment,1
147,Tamil Nadu,2007,During Hospitalisation/Treatment/Other Reasons,4. Deaths during Hospitalisation/Treatment,1
148,Tripura,2007,During Hospitalisation/Treatment/Other Reasons,4. Deaths during Hospitalisation/Treatment,0
149,Uttar Pradesh,2007,During Hospitalisation/Treatment/Other Reasons,4. Deaths during Hospitalisation/Treatment,2
150,West Bengal,2007,During Hospitalisation/Treatment/Other Reasons,4. Deaths during Hospitalisation/Treatment,7
151,Andhra Pradesh,2008,During Hospitalisation/Treatment/Other Reasons,4. Deaths during Hospitalisation/Treatment,11
152,Arunachal Pradesh,2008,During Hospitalisation/Treatment/Other Reasons,4. Deaths during Hospitalisation/Treatment,0
153,Assam,2008,During Hospitalisation/Treatment/Other Reasons,4. Deaths during Hospitalisation/Treatment,0
154,Chandigarh,2008,During Hospitalisation/Treatment/Other Reasons,4. Deaths during Hospitalisation/Treatment,0
155,Chhattisgarh,2008,During Hospitalisation/Treatment/Other Reasons,4. Deaths during Hospitalisation/Treatment,0
156,Gujarat,2008,During Hospitalisation/Treatment/Other Reasons,4. Deaths during Hospitalisation/Treatment,2
157,Haryana,2008,During Hospitalisation/Treatment/Other Reasons,4. Deaths during Hospitalisation/Treatment,0
158,Himachal Pradesh,2008,During Hospitalisation/Treatment/Other Reasons,4. Deaths during Hospitalisation/Treatment,0
159,Jammu & Kashmir,2008,During Hospitalisation/Treatment/Other Reasons,4. Deaths during Hospitalisation/Treatment,0
160,Jharkhand,2008,During Hospitalisation/Treatment/Other Reasons,4. Deaths during Hospitalisation/Treatment,0
161,Karnataka,2008,During Hospitalisation/Treatment/Other Reasons,4. Deaths during Hospitalisation/Treatment,0
162,Madhya Pradesh,2008,During Hospitalisation/Treatment/Other Reasons,4. Deaths during Hospitalisation/Treatment,0
163,Maharashtra,2008,During Hospitalisation/Treatment/Other Reasons,4. Deaths during Hospitalisation/Treatment,0
164,Manipur,2008,During Hospitalisation/Treatment/Other Reasons,4. Deaths during Hospitalisation/Treatment,0
165,Meghalaya,2008,During Hospitalisation/Treatment/Other Reasons,4. Deaths during Hospitalisation/Treatment,0
166,Mizoram,2008,During Hospitalisation/Treatment/Other Reasons,4. Deaths during Hospitalisation/Treatment,0
167,Nagaland,2008,During Hospitalisation/Treatment/Other Reasons,4. Deaths during Hospitalisation/Treatment,0
168,Odisha,2008,During Hospitalisation/Treatment/Other Reasons,4. Deaths during Hospitalisation/Treatment,0
169,Rajasthan,2008,During Hospitalisation/Treatment/Other Reasons,4. Deaths during Hospitalisation/Treatment,2
170,Uttar Pradesh,2008,During Hospitalisation/Treatment/Other Reasons,4. Deaths during Hospitalisation/Treatment,0
171,West Bengal,2008,During Hospitalisation/Treatment/Other Reasons,4. Deaths during Hospitalisation/Treatment,0
172,Andhra Pradesh,2009,During Hospitalisation/Treatment/Other Reasons,4. Deaths during Hospitalisation/Treatment,0
173,Arunachal Pradesh,2009,During Hospitalisation/Treatment/Other Reasons,4. Deaths during Hospitalisation/Treatment,0
174,Bihar,2009,During Hospitalisation/Treatment/Other Reasons,4. Deaths during Hospitalisation/Treatment,0
175,Chandigarh,2009,During Hospitalisation/Treatment/Other Reasons,4. Deaths during Hospitalisation/Treatment,0
176,Dadra & Nagar Haveli,2009,During Hospitalisation/Treatment/Other Reasons,4. Deaths during Hospitalisation/Treatment,1
177,Gujarat,2009,During Hospitalisation/Treatment/Other Reasons,4. Deaths during Hospitalisation/Treatment,2
178,Haryana,2009,During Hospitalisation/Treatment/Other Reasons,4. Deaths during Hospitalisation/Treatment,2
179,Himachal Pradesh,2009,During Hospitalisation/Treatment/Other Reasons,4. Deaths during Hospitalisation/Treatment,0
180,Jammu & Kashmir,2009,During Hospitalisation/Treatment/Other Reasons,4. Deaths during Hospitalisation/Treatment,0
181,Jharkhand,2009,During Hospitalisation/Treatment/Other Reasons,4. Deaths during Hospitalisation/Treatment,0
182,Karnataka,2009,During Hospitalisation/Treatment/Other Reasons,4. Deaths during Hospitalisation/Treatment,0
183,Madhya Pradesh,2009,During Hospitalisation/Treatment/Other Reasons,4. Deaths during Hospitalisation/Treatment,0
184,Maharashtra,2009,During Hospitalisation/Treatment/Other Reasons,4. Deaths during Hospitalisation/Treatment,0
185,Manipur,2009,During Hospitalisation/Treatment/Other Reasons,4. Deaths during Hospitalisation/Treatment,0
186,Meghalaya,2009,During Hospitalisation/Treatment/Other Reasons,4. Deaths during Hospitalisation/Treatment,0
187,Odisha,2009,During Hospitalisation/Treatment/Other Reasons,4. Deaths during Hospitalisation/Treatment,2
188,Rajasthan,2009,During Hospitalisation/Treatment/Other Reasons,4. Deaths during Hospitalisation/Treatment,0
189,Tamil Nadu,2009,During Hospitalisation/Treatment/Other Reasons,4. Deaths during Hospitalisation/Treatment,0
190,Uttar Pradesh,2009,During Hospitalisation/Treatment/Other Reasons,4. Deaths during Hospitalisation/Treatment,0
191,West Bengal,2009,During Hospitalisation/Treatment/Other Reasons,4. Deaths during Hospitalisation/Treatment,2
192,Andhra Pradesh,2010,During Hospitalisation/Treatment/Other Reasons,4. Deaths during Hospitalisation/Treatment,7
193,Arunachal Pradesh,2010,During Hospitalisation/Treatment/Other Reasons,4. Deaths during Hospitalisation/Treatment,1
194,Bihar,2010,During Hospitalisation/Treatment/Other Reasons,4. Deaths during Hospitalisation/Treatment,0
195,Chandigarh,2010,During Hospitalisation/Treatment/Other Reasons,4. Deaths during Hospitalisation/Treatment,0
196,Chhattisgarh,2010,During Hospitalisation/Treatment/Other Reasons,4. Deaths during Hospitalisation/Treatment,0
197,Daman & Diu,2010,During Hospitalisation/Treatment/Other Reasons,4. Deaths during Hospitalisation/Treatment,0
198,Gujarat,2010,During Hospitalisation/Treatment/Other Reasons,4. Deaths during Hospitalisation/Treatment,1
199,Haryana,2010,During Hospitalisation/Treatment/Other Reasons,4. Deaths during Hospitalisation/Treatment,0
200,Himachal Pradesh,2010,During Hospitalisation/Treatment/Other Reasons,4. Deaths during Hospitalisation/Treatment,0
201,Jammu & Kashmir,2010,During Hospitalisation/Treatment/Other Reasons,4. Deaths during Hospitalisation/Treatment,1
202,Jharkhand,2010,During Hospitalisation/Treatment/Other Reasons,4. Deaths during Hospitalisation/Treatment,0
203,Karnataka,2010,During Hospitalisation/Treatment/Other Reasons,4. Deaths during Hospitalisation/Treatment,0
204,Kerala,2010,During Hospitalisation/Treatment/Other Reasons,4. Deaths during Hospitalisation/Treatment,0
205,Maharashtra,2010,During Hospitalisation/Treatment/Other Reasons,4. Deaths during Hospitalisation/Treatment,3
206,Manipur,2010,During Hospitalisation/Treatment/Other Reasons,4. Deaths during Hospitalisation/Treatment,0
207,Meghalaya,2010,During Hospitalisation/Treatment/Other Reasons,4. Deaths during Hospitalisation/Treatment,0
208,Nagaland,2010,During Hospitalisation/Treatment/Other Reasons,4. Deaths during Hospitalisation/Treatment,0
209,Odisha,2010,During Hospitalisation/Treatment/Other Reasons,4. Deaths during Hospitalisation/Treatment,0
210,Tamil Nadu,2010,During Hospitalisation/Treatment/Other Reasons,4. Deaths during Hospitalisation/Treatment,1
211,Uttar Pradesh,2010,During Hospitalisation/Treatment/Other Reasons,4. Deaths during Hospitalisation/Treatment,0
212,West Bengal,2010,During Hospitalisation/Treatment/Other Reasons,4. Deaths during Hospitalisation/Treatment,2
