index,Area_Name,Year,Group_Name,Sub_Group_Name,CD_Deaths_Reported,CD_No_of_Autopsy_conducted,CD_No_of_Cases_registered_in_connection_with_deaths,CD_No_of_Judicial_enquiry_orderedconducted,CD_No_of_Magisterial_enquiry_orderedconducted,CD_No_of_Policemen_Charge_sheeted,CD_No_of_Policemen_Convicted
0,Andhra Pradesh,2001,Persons Remand to Police Custody by Court,1. Deaths in Custody/Lockup of Persons Remanded to Police Custody by Court,5.0,5.0,2.0,2.0,2.0,0.0,0.0
1,Arunachal Pradesh,2001,Persons Remand to Police Custody by Court,1. Deaths in Custody/Lockup of Persons Remanded to Police Custody by Court,0.0,0.0,0.0,0.0,0.0,0.0,0.0
2,Assam,2001,Persons Remand to Police Custody by Court,1. Deaths in Custody/Lockup of Persons Remanded to Police Custody by Court,1.0,1.0,0.0,0.0,1.0,0.0,0.0
3,Bihar,2001,Persons Remand to Police Custody by Court,1. Deaths in Custody/Lockup of Persons Remanded to Police Custody by Court,0.0,0.0,0.0,0.0,0.0,0.0,0.0
4,Chandigarh,2001,Persons Remand to Police Custody by Court,1. Deaths in Custody/Lockup of Persons Remanded to Police Custody by Court,0.0,0.0,0.0,0.0,0.0,0.0,0.0
5,Chhattisgarh,2001,Persons Remand to Police Custody by Court,1. Deaths in Custody/Lockup of Persons Remanded to Police Custody by Court,7.0,0.0,0.0,0.0,1.0,0.0,0.0
6,Gujarat,2001,Persons Remand to Police Custody by Court,1. Deaths in Custody/Lockup of Persons Remanded to Police Custody by Court,4.0,3.0,1.0,1.0,4.0,2.0,0.0
7,Haryana,2001,Persons Remand to Police Custody by Court,1. Deaths in Custody/Lockup of Persons Remanded to Police Custody by Court,1.0,0.0,1.0,0.0,0.0,1.0,0.0
8,Himachal Pradesh,2001,Persons Remand to Police Custody by Court,1. Deaths in Custody/Lockup of Persons Remanded to Police Custody by Court,1.0,0.0,1.0,0.0,1.0,0.0,0.0
9,Jammu & Kashmir,2001,Persons Remand to Police Custody by Court,1. Deaths in Custody/Lockup of Persons Remanded to Police Custody by Court,0.0,0.0,0.0,0.0,0.0,0.0,0.0
10,Jharkhand,2001,Persons Remand to Police Custody by Court,1. Deaths in Custody/Lockup of Persons Remanded to Police Custody by Court,0.0,0.0,0.0,0.0,0.0,0.0,0.0
11,Karnataka,2001,Persons Remand to Police Custody by Court,1. Deaths in Custody/Lockup of Persons Remanded to Police Custody by Court,0.0,0.0,0.0,0.0,0.0,0.0,0.0
12,Kerala,2001,Persons Remand to Police Custody by Court,1. Deaths in Custody/Lockup of Persons Remanded to Police Custody by Court,0.0,,,,,,
13,Madhya Pradesh,2001,Persons Remand to Police Custody by Court,1. Deaths in Custody/Lockup of Persons Remanded to Police Custody by Court,3.0,3.0,,,3.0,,
14,Maharashtra,2001,Persons Remand to Police Custody by Court,1. Deaths in Custody/Lockup of Persons Remanded to Police Custody by Court,5.0,5.0,2.0,0.0,0.0,0.0,0.0
15,Meghalaya,2001,Persons Remand to Police Custody by Court,1. Deaths in Custody/Lockup of Persons Remanded to Police Custody by Court,0.0,0.0,0.0,0.0,0.0,0.0,0.0
16,Mizoram,2001,Persons Remand to Police Custody by Court,1. Deaths in Custody/Lockup of Persons Remanded to Police Custody by Court,2.0,1.0,1.0,0.0,2.0,0.0,0.0
17,Nagaland,2001,Persons Remand to Police Custody by Court,1. Deaths in Custody/Lockup of Persons Remanded to Police Custody by Court,0.0,0.0,0.0,0.0,0.0,0.0,0.0
18,Odisha,2001,Persons Remand to Police Custody by Court,1. Deaths in Custody/Lockup of Persons Remanded to Police Custody by Court,0.0,0.0,0.0,0.0,0.0,3.0,1.0
19,Punjab,2001,Persons Remand to Police Custody by Court,1. Deaths in Custody/Lockup of Persons Remanded to Police Custody by Court,1.0,0.0,0.0,0.0,1.0,0.0,0.0
20,Rajasthan,2001,Persons Remand to Police Custody by Court,1. Deaths in Custody/Lockup of Persons Remanded to Police Custody by Court,1.0,,,,1.0,,
21,West Bengal,2001,Persons Remand to Police Custody by Court,1. Deaths in Custody/Lockup of Persons Remanded to Police Custody by Court,6.0,1.0,0.0,0.0,2.0,0.0,0.0
22,Andhra Pradesh,2002,Persons Remand to Police Custody by Court,1. Deaths in Custody/Lockup of Persons Remanded to Police Custody by Court,1.0,1.0,1.0,0.0,1.0,0.0,0.0
23,Assam,2002,Persons Remand to Police Custody by Court,1. Deaths in Custody/Lockup of Persons Remanded to Police Custody by Court,9.0,9.0,9.0,0.0,9.0,0.0,0.0
24,Bihar,2002,Persons Remand to Police Custody by Court,1. Deaths in Custody/Lockup of Persons Remanded to Police Custody by Court,0.0,0.0,0.0,0.0,0.0,0.0,0.0
25,Chhattisgarh,2002,Persons Remand to Police Custody by Court,1. Deaths in Custody/Lockup of Persons Remanded to Police Custody by Court,1.0,0.0,0.0,0.0,1.0,0.0,0.0
26,Daman & Diu,2002,Persons Remand to Police Custody by Court,1. Deaths in Custody/Lockup of Persons Remanded to Police Custody by Court,0.0,0.0,0.0,0.0,0.0,0.0,0.0
27,Gujarat,2002,Persons Remand to Police Custody by Court,1. Deaths in Custody/Lockup of Persons Remanded to Police Custody by Court,3.0,3.0,1.0,0.0,2.0,0.0,0.0
28,Haryana,2002,Persons Remand to Police Custody by Court,1. Deaths in Custody/Lockup of Persons Remanded to Police Custody by Court,0.0,0.0,0.0,0.0,0.0,0.0,0.0
29,Himachal Pradesh,2002,Persons Remand to Police Custody by Court,1. Deaths in Custody/Lockup of Persons Remanded to Police Custody by Court,0.0,0.0,0.0,0.0,0.0,0.0,0.0
30,Karnataka,2002,Persons Remand to Police Custody by Court,1. Deaths in Custody/Lockup of Persons Remanded to Police Custody by Court,0.0,0.0,0.0,0.0,0.0,0.0,0.0
31,Madhya Pradesh,2002,Persons Remand to Police Custody by Court,1. Deaths in Custody/Lockup of Persons Remanded to Police Custody by Court,1.0,1.0,0.0,0.0,1.0,0.0,0.0
32,Maharashtra,2002,Persons Remand to Police Custody by Court,1. Deaths in Custody/Lockup of Persons Remanded to Police Custody by Court,6.0,6.0,1.0,0.0,3.0,0.0,0.0
33,Meghalaya,2002,Persons Remand to Police Custody by Court,1. Deaths in Custody/Lockup of Persons Remanded to Police Custody by Court,0.0,0.0,0.0,0.0,0.0,0.0,0.0
34,Mizoram,2002,Persons Remand to Police Custody by Court,1. Deaths in Custody/Lockup of Persons Remanded to Police Custody by Court,1.0,1.0,,,1.0,,
35,Nagaland,2002,Persons Remand to Police Custody by Court,1. Deaths in Custody/Lockup of Persons Remanded to Police Custody by Court,0.0,0.0,0.0,0.0,0.0,0.0,0.0
36,Odisha,2002,Persons Remand to Police Custody by Court,1. Deaths in Custody/Lockup of Persons Remanded to Police Custody by Court,0.0,0.0,0.0,0.0,0.0,0.0,0.0
37,Puducherry,2002,Persons Remand to Police Custody by Court,1. Deaths in Custody/Lockup of Persons Remanded to Police Custody by Court,0.0,,,,,,
38,Punjab,2002,Persons Remand to Police Custody by Court,1. Deaths in Custody/Lockup of Persons Remanded to Police Custody by Court,0.0,0.0,0.0,0.0,0.0,0.0,0.0
39,Rajasthan,2002,Persons Remand to Police Custody by Court,1. Deaths in Custody/Lockup of Persons Remanded to Police Custody by Court,3.0,3.0,1.0,,3.0,,
40,Tamil Nadu,2002,Persons Remand to Police Custody by Court,1. Deaths in Custody/Lockup of Persons Remanded to Police Custody by Court,0.0,0.0,0.0,0.0,0.0,0.0,0.0
41,Uttar Pradesh,2002,Persons Remand to Police Custody by Court,1. Deaths in Custody/Lockup of Persons Remanded to Police Custody by Court,6.0,6.0,6.0,,6.0,1.0,
42,West Bengal,2002,Persons Remand to Police Custody by Court,1. Deaths in Custody/Lockup of Persons Remanded to Police Custody by Court,0.0,0.0,0.0,0.0,0.0,0.0,0.0
43,Andhra Pradesh,2003,Persons Remand to Police Custody by Court,1. Deaths in Custody/Lockup of Persons Remanded to Police Custody by Court,0.0,0.0,0.0,0.0,0.0,0.0,0.0
44,Arunachal Pradesh,2003,Persons Remand to Police Custody by Court,1. Deaths in Custody/Lockup of Persons Remanded to Police Custody by Court,1.0,0.0,1.0,0.0,1.0,0.0,0.0
45,Assam,2003,Persons Remand to Police Custody by Court,1. Deaths in Custody/Lockup of Persons Remanded to Police Custody by Court,0.0,0.0,0.0,0.0,0.0,0.0,0.0
46,Bihar,2003,Persons Remand to Police Custody by Court,1. Deaths in Custody/Lockup of Persons Remanded to Police Custody by Court,2.0,2.0,2.0,0.0,2.0,0.0,0.0
47,Chandigarh,2003,Persons Remand to Police Custody by Court,1. Deaths in Custody/Lockup of Persons Remanded to Police Custody by Court,0.0,0.0,0.0,0.0,0.0,0.0,0.0
48,Chhattisgarh,2003,Persons Remand to Police Custody by Court,1. Deaths in Custody/Lockup of Persons Remanded to Police Custody by Court,1.0,1.0,0.0,0.0,1.0,0.0,0.0
49,Daman & Diu,2003,Persons Remand to Police Custody by Court,1. Deaths in Custody/Lockup of Persons Remanded to Police Custody by Court,0.0,0.0,0.0,0.0,0.0,0.0,0.0
50,Gujarat,2003,Persons Remand to Police Custody by Court,1. Deaths in Custody/Lockup of Persons Remanded to Police Custody by Court,5.0,4.0,2.0,1.0,2.0,0.0,0.0
51,Haryana,2003,Persons Remand to Police Custody by Court,1. Deaths in Custody/Lockup of Persons Remanded to Police Custody by Court,0.0,0.0,0.0,0.0,0.0,0.0,0.0
52,Himachal Pradesh,2003,Persons Remand to Police Custody by Court,1. Deaths in Custody/Lockup of Persons Remanded to Police Custody by Court,0.0,0.0,0.0,0.0,0.0,0.0,0.0
53,Jammu & Kashmir,2003,Persons Remand to Police Custody by Court,1. Deaths in Custody/Lockup of Persons Remanded to Police Custody by Court,0.0,0.0,0.0,0.0,0.0,0.0,0.0
54,Karnataka,2003,Persons Remand to Police Custody by Court,1. Deaths in Custody/Lockup of Persons Remanded to Police Custody by Court,0.0,0.0,0.0,0.0,0.0,0.0,0.0
55,Madhya Pradesh,2003,Persons Remand to Police Custody by Court,1. Deaths in Custody/Lockup of Persons Remanded to Police Custody by Court,1.0,1.0,,,1.0,,
56,Maharashtra,2003,Persons Remand to Police Custody by Court,1. Deaths in Custody/Lockup of Persons Remanded to Police Custody by Court,9.0,9.0,0.0,0.0,0.0,0.0,0.0
57,Meghalaya,2003,Persons Remand to Police Custody by Court,1. Deaths in Custody/Lockup of Persons Remanded to Police Custody by Court,1.0,0.0,1.0,0.0,1.0,1.0,0.0
58,Mizoram,2003,Persons Remand to Police Custody by Court,1. Deaths in Custody/Lockup of Persons Remanded to Police Custody by Court,2.0,,2.0,,2.0,,
59,Nagaland,2003,Persons Remand to Police Custody by Court,1. Deaths in Custody/Lockup of Persons Remanded to Police Custody by Court,0.0,0.0,0.0,0.0,0.0,0.0,0.0
60,Odisha,2003,Persons Remand to Police Custody by Court,1. Deaths in Custody/Lockup of Persons Remanded to Police Custody by Court,0.0,0.0,0.0,0.0,0.0,0.0,0.0
61,Punjab,2003,Persons Remand to Police Custody by Court,1. Deaths in Custody/Lockup of Persons Remanded to Police Custody by Court,3.0,1.0,2.0,0.0,3.0,2.0,0.0
62,Tamil Nadu,2003,Persons Remand to Police Custody by Court,1. Deaths in Custody/Lockup of Persons Remanded to Police Custody by Court,0.0,,,,,,
63,Uttar Pradesh,2003,Persons Remand to Police Custody by Court,1. Deaths in Custody/Lockup of Persons Remanded to Police Custody by Court,5.0,5.0,5.0,1.0,4.0,1.0,
64,West Bengal,2003,Persons Remand to Police Custody by Court,1. Deaths in Custody/Lockup of Persons Remanded to Police Custody by Court,3.0,3.0,0.0,0.0,3.0,0.0,0.0
65,Andhra Pradesh,2004,Persons Remand to Police Custody by Court,1. Deaths in Custody/Lockup of Persons Remanded to Police Custody by Court,11.0,11.0,11.0,0.0,11.0,1.0,0.0
66,Arunachal Pradesh,2004,Persons Remand to Police Custody by Court,1. Deaths in Custody/Lockup of Persons Remanded to Police Custody by Court,2.0,0.0,1.0,0.0,2.0,0.0,0.0
67,Bihar,2004,Persons Remand to Police Custody by Court,1. Deaths in Custody/Lockup of Persons Remanded to Police Custody by Court,0.0,0.0,0.0,0.0,0.0,0.0,0.0
68,Chandigarh,2004,Persons Remand to Police Custody by Court,1. Deaths in Custody/Lockup of Persons Remanded to Police Custody by Court,0.0,0.0,0.0,0.0,0.0,0.0,0.0
69,Chhattisgarh,2004,Persons Remand to Police Custody by Court,1. Deaths in Custody/Lockup of Persons Remanded to Police Custody by Court,1.0,1.0,1.0,1.0,1.0,1.0,2.0
70,Gujarat,2004,Persons Remand to Police Custody by Court,1. Deaths in Custody/Lockup of Persons Remanded to Police Custody by Court,5.0,2.0,0.0,0.0,4.0,0.0,0.0
71,Himachal Pradesh,2004,Persons Remand to Police Custody by Court,1. Deaths in Custody/Lockup of Persons Remanded to Police Custody by Court,4.0,0.0,0.0,0.0,1.0,0.0,0.0
72,Karnataka,2004,Persons Remand to Police Custody by Court,1. Deaths in Custody/Lockup of Persons Remanded to Police Custody by Court,0.0,0.0,0.0,0.0,0.0,0.0,0.0
73,Madhya Pradesh,2004,Persons Remand to Police Custody by Court,1. Deaths in Custody/Lockup of Persons Remanded to Police Custody by Court,0.0,0.0,0.0,0.0,0.0,0.0,0.0
74,Maharashtra,2004,Persons Remand to Police Custody by Court,1. Deaths in Custody/Lockup of Persons Remanded to Police Custody by Court,8.0,8.0,0.0,0.0,1.0,0.0,0.0
75,Manipur,2004,Persons Remand to Police Custody by Court,1. Deaths in Custody/Lockup of Persons Remanded to Police Custody by Court,0.0,0.0,0.0,0.0,0.0,0.0,0.0
76,Meghalaya,2004,Persons Remand to Police Custody by Court,1. Deaths in Custody/Lockup of Persons Remanded to Police Custody by Court,0.0,0.0,0.0,0.0,0.0,0.0,0.0
77,Mizoram,2004,Persons Remand to Police Custody by Court,1. Deaths in Custody/Lockup of Persons Remanded to Police Custody by Court,0.0,0.0,0.0,0.0,0.0,0.0,0.0
78,Nagaland,2004,Persons Remand to Police Custody by Court,1. Deaths in Custody/Lockup of Persons Remanded to Police Custody by Court,0.0,0.0,0.0,0.0,0.0,0.0,0.0
79,Odisha,2004,Persons Remand to Police Custody by Court,1. Deaths in Custody/Lockup of Persons Remanded to Police Custody by Court,0.0,0.0,0.0,0.0,0.0,0.0,0.0
80,Punjab,2004,Persons Remand to Police Custody by Court,1. Deaths in Custody/Lockup of Persons Remanded to Police Custody by Court,2.0,1.0,1.0,1.0,0.0,4.0,0.0
81,Tamil Nadu,2004,Persons Remand to Police Custody by Court,1. Deaths in Custody/Lockup of Persons Remanded to Police Custody by Court,0.0,,,,,,
82,Uttar Pradesh,2004,Persons Remand to Police Custody by Court,1. Deaths in Custody/Lockup of Persons Remanded to Police Custody by Court,0.0,0.0,0.0,0.0,0.0,0.0,0.0
83,West Bengal,2004,Persons Remand to Police Custody by Court,1. Deaths in Custody/Lockup of Persons Remanded to Police Custody by Court,4.0,4.0,0.0,0.0,4.0,0.0,0.0
84,Andhra Pradesh,2005,Persons Remand to Police Custody by Court,1. Deaths in Custody/Lockup of Persons Remanded to Police Custody by Court,42.0,42.0,42.0,0.0,0.0,0.0,0.0
85,Arunachal Pradesh,2005,Persons Remand to Police Custody by Court,1. Deaths in Custody/Lockup of Persons Remanded to Police Custody by Court,0.0,0.0,0.0,0.0,0.0,0.0,0.0
86,Assam,2005,Persons Remand to Police Custody by Court,1. Deaths in Custody/Lockup of Persons Remanded to Police Custody by Court,0.0,0.0,0.0,0.0,0.0,0.0,0.0
87,Chandigarh,2005,Persons Remand to Police Custody by Court,1. Deaths in Custody/Lockup of Persons Remanded to Police Custody by Court,0.0,0.0,0.0,0.0,0.0,0.0,0.0
88,Chhattisgarh,2005,Persons Remand to Police Custody by Court,1. Deaths in Custody/Lockup of Persons Remanded to Police Custody by Court,0.0,0.0,0.0,0.0,0.0,0.0,0.0
89,Goa,2005,Persons Remand to Police Custody by Court,1. Deaths in Custody/Lockup of Persons Remanded to Police Custody by Court,1.0,1.0,,,1.0,,
90,Gujarat,2005,Persons Remand to Police Custody by Court,1. Deaths in Custody/Lockup of Persons Remanded to Police Custody by Court,10.0,3.0,2.0,1.0,10.0,0.0,0.0
91,Haryana,2005,Persons Remand to Police Custody by Court,1. Deaths in Custody/Lockup of Persons Remanded to Police Custody by Court,0.0,0.0,0.0,0.0,0.0,0.0,0.0
92,Himachal Pradesh,2005,Persons Remand to Police Custody by Court,1. Deaths in Custody/Lockup of Persons Remanded to Police Custody by Court,0.0,0.0,0.0,0.0,0.0,0.0,0.0
93,Jammu & Kashmir,2005,Persons Remand to Police Custody by Court,1. Deaths in Custody/Lockup of Persons Remanded to Police Custody by Court,0.0,0.0,0.0,0.0,0.0,0.0,0.0
94,Karnataka,2005,Persons Remand to Police Custody by Court,1. Deaths in Custody/Lockup of Persons Remanded to Police Custody by Court,2.0,2.0,1.0,0.0,0.0,0.0,0.0
95,Madhya Pradesh,2005,Persons Remand to Police Custody by Court,1. Deaths in Custody/Lockup of Persons Remanded to Police Custody by Court,0.0,0.0,0.0,0.0,0.0,0.0,0.0
96,Maharashtra,2005,Persons Remand to Police Custody by Court,1. Deaths in Custody/Lockup of Persons Remanded to Police Custody by Court,9.0,8.0,2.0,0.0,1.0,0.0,0.0
97,Manipur,2005,Persons Remand to Police Custody by Court,1. Deaths in Custody/Lockup of Persons Remanded to Police Custody by Court,0.0,0.0,0.0,0.0,0.0,0.0,0.0
98,Meghalaya,2005,Persons Remand to Police Custody by Court,1. Deaths in Custody/Lockup of Persons Remanded to Police Custody by Court,1.0,0.0,1.0,0.0,1.0,0.0,0.0
99,Mizoram,2005,Persons Remand to Police Custody by Court,1. Deaths in Custody/Lockup of Persons Remanded to Police Custody by Court,0.0,0.0,0.0,0.0,0.0,0.0,0.0
100,Nagaland,2005,Persons Remand to Police Custody by Court,1. Deaths in Custody/Lockup of Persons Remanded to Police Custody by Court,0.0,0.0,0.0,0.0,0.0,0.0,0.0
101,Odisha,2005,Persons Remand to Police Custody by Court,1. Deaths in Custody/Lockup of Persons Remanded to Police Custody by Court,0.0,0.0,0.0,0.0,0.0,0.0,0.0
102,Punjab,2005,Persons Remand to Police Custody by Court,1. Deaths in Custody/Lockup of Persons Remanded to Police Custody by Court,0.0,0.0,0.0,0.0,0.0,0.0,0.0
103,Rajasthan,2005,Persons Remand to Police Custody by Court,1. Deaths in Custody/Lockup of Persons Remanded to Police Custody by Court,1.0,1.0,,,1.0,,
104,Tamil Nadu,2005,Persons Remand to Police Custody by Court,1. Deaths in Custody/Lockup of Persons Remanded to Police Custody by Court,0.0,,,,,,
105,Uttar Pradesh,2005,Persons Remand to Police Custody by Court,1. Deaths in Custody/Lockup of Persons Remanded to Police Custody by Court,0.0,0.0,0.0,0.0,0.0,0.0,0.0
106,West Bengal,2005,Persons Remand to Police Custody by Court,1. Deaths in Custody/Lockup of Persons Remanded to Police Custody by Court,1.0,1.0,0.0,0.0,1.0,0.0,0.0
107,Andhra Pradesh,2006,Persons Remand to Police Custody by Court,1. Deaths in Custody/Lockup of Persons Remanded to Police Custody by Court,17.0,17.0,17.0,0.0,0.0,0.0,0.0
108,Arunachal Pradesh,2006,Persons Remand to Police Custody by Court,1. Deaths in Custody/Lockup of Persons Remanded to Police Custody by Court,0.0,0.0,0.0,0.0,0.0,0.0,0.0
109,Assam,2006,Persons Remand to Police Custody by Court,1. Deaths in Custody/Lockup of Persons Remanded to Police Custody by Court,0.0,0.0,0.0,0.0,0.0,0.0,0.0
110,Chandigarh,2006,Persons Remand to Police Custody by Court,1. Deaths in Custody/Lockup of Persons Remanded to Police Custody by Court,0.0,0.0,0.0,0.0,0.0,0.0,0.0
111,Chhattisgarh,2006,Persons Remand to Police Custody by Court,1. Deaths in Custody/Lockup of Persons Remanded to Police Custody by Court,0.0,0.0,0.0,0.0,0.0,0.0,0.0
112,Goa,2006,Persons Remand to Police Custody by Court,1. Deaths in Custody/Lockup of Persons Remanded to Police Custody by Court,,,,,0.0,,
113,Gujarat,2006,Persons Remand to Police Custody by Court,1. Deaths in Custody/Lockup of Persons Remanded to Police Custody by Court,1.0,1.0,1.0,0.0,1.0,0.0,0.0
114,Himachal Pradesh,2006,Persons Remand to Police Custody by Court,1. Deaths in Custody/Lockup of Persons Remanded to Police Custody by Court,0.0,0.0,0.0,0.0,0.0,0.0,0.0
115,Jammu & Kashmir,2006,Persons Remand to Police Custody by Court,1. Deaths in Custody/Lockup of Persons Remanded to Police Custody by Court,1.0,1.0,1.0,0.0,1.0,0.0,0.0
116,Karnataka,2006,Persons Remand to Police Custody by Court,1. Deaths in Custody/Lockup of Persons Remanded to Police Custody by Court,0.0,0.0,0.0,0.0,0.0,0.0,0.0
117,Madhya Pradesh,2006,Persons Remand to Police Custody by Court,1. Deaths in Custody/Lockup of Persons Remanded to Police Custody by Court,1.0,0.0,0.0,0.0,0.0,1.0,0.0
118,Maharashtra,2006,Persons Remand to Police Custody by Court,1. Deaths in Custody/Lockup of Persons Remanded to Police Custody by Court,9.0,9.0,1.0,,,,
119,Manipur,2006,Persons Remand to Police Custody by Court,1. Deaths in Custody/Lockup of Persons Remanded to Police Custody by Court,0.0,0.0,0.0,0.0,0.0,0.0,0.0
120,Meghalaya,2006,Persons Remand to Police Custody by Court,1. Deaths in Custody/Lockup of Persons Remanded to Police Custody by Court,0.0,0.0,0.0,0.0,0.0,0.0,0.0
121,Mizoram,2006,Persons Remand to Police Custody by Court,1. Deaths in Custody/Lockup of Persons Remanded to Police Custody by Court,0.0,0.0,0.0,0.0,0.0,0.0,0.0
122,Nagaland,2006,Persons Remand to Police Custody by Court,1. Deaths in Custody/Lockup of Persons Remanded to Police Custody by Court,0.0,0.0,0.0,0.0,0.0,0.0,0.0
123,Odisha,2006,Persons Remand to Police Custody by Court,1. Deaths in Custody/Lockup of Persons Remanded to Police Custody by Court,0.0,0.0,0.0,0.0,0.0,0.0,0.0
124,Rajasthan,2006,Persons Remand to Police Custody by Court,1. Deaths in Custody/Lockup of Persons Remanded to Police Custody by Court,2.0,2.0,2.0,,2.0,,
125,Tamil Nadu,2006,Persons Remand to Police Custody by Court,1. Deaths in Custody/Lockup of Persons Remanded to Police Custody by Court,2.0,,2.0,,2.0,,
126,Uttar Pradesh,2006,Persons Remand to Police Custody by Court,1. Deaths in Custody/Lockup of Persons Remanded to Police Custody by Court,0.0,0.0,0.0,0.0,0.0,0.0,0.0
127,Uttarakhand,2006,Persons Remand to Police Custody by Court,1. Deaths in Custody/Lockup of Persons Remanded to Police Custody by Court,1.0,1.0,,0.0,1.0,,
128,West Bengal,2006,Persons Remand to Police Custody by Court,1. Deaths in Custody/Lockup of Persons Remanded to Police Custody by Court,4.0,4.0,0.0,0.0,4.0,0.0,0.0
129,Andhra Pradesh,2007,Persons Remand to Police Custody by Court,1. Deaths in Custody/Lockup of Persons Remanded to Police Custody by Court,18.0,18.0,18.0,0.0,6.0,2.0,0.0
130,Arunachal Pradesh,2007,Persons Remand to Police Custody by Court,1. Deaths in Custody/Lockup of Persons Remanded to Police Custody by Court,0.0,0.0,0.0,0.0,0.0,0.0,0.0
131,Assam,2007,Persons Remand to Police Custody by Court,1. Deaths in Custody/Lockup of Persons Remanded to Police Custody by Court,3.0,3.0,3.0,0.0,3.0,0.0,0.0
132,Bihar,2007,Persons Remand to Police Custody by Court,1. Deaths in Custody/Lockup of Persons Remanded to Police Custody by Court,0.0,0.0,0.0,0.0,0.0,0.0,0.0
133,Chandigarh,2007,Persons Remand to Police Custody by Court,1. Deaths in Custody/Lockup of Persons Remanded to Police Custody by Court,0.0,0.0,0.0,0.0,0.0,0.0,0.0
134,Chhattisgarh,2007,Persons Remand to Police Custody by Court,1. Deaths in Custody/Lockup of Persons Remanded to Police Custody by Court,1.0,1.0,1.0,1.0,0.0,1.0,0.0
135,Gujarat,2007,Persons Remand to Police Custody by Court,1. Deaths in Custody/Lockup of Persons Remanded to Police Custody by Court,3.0,1.0,1.0,1.0,2.0,0.0,0.0
136,Haryana,2007,Persons Remand to Police Custody by Court,1. Deaths in Custody/Lockup of Persons Remanded to Police Custody by Court,0.0,0.0,0.0,0.0,0.0,0.0,0.0
137,Himachal Pradesh,2007,Persons Remand to Police Custody by Court,1. Deaths in Custody/Lockup of Persons Remanded to Police Custody by Court,0.0,0.0,0.0,0.0,0.0,0.0,0.0
138,Jammu & Kashmir,2007,Persons Remand to Police Custody by Court,1. Deaths in Custody/Lockup of Persons Remanded to Police Custody by Court,3.0,3.0,3.0,0.0,3.0,4.0,0.0
139,Karnataka,2007,Persons Remand to Police Custody by Court,1. Deaths in Custody/Lockup of Persons Remanded to Police Custody by Court,0.0,0.0,0.0,0.0,0.0,0.0,0.0
140,Kerala,2007,Persons Remand to Police Custody by Court,1. Deaths in Custody/Lockup of Persons Remanded to Police Custody by Court,0.0,0.0,0.0,0.0,0.0,0.0,0.0
141,Madhya Pradesh,2007,Persons Remand to Police Custody by Court,1. Deaths in Custody/Lockup of Persons Remanded to Police Custody by Court,3.0,0.0,3.0,0.0,3.0,0.0,0.0
142,Maharashtra,2007,Persons Remand to Police Custody by Court,1. Deaths in Custody/Lockup of Persons Remanded to Police Custody by Court,18.0,18.0,0.0,0.0,0.0,0.0,0.0
143,Manipur,2007,Persons Remand to Police Custody by Court,1. Deaths in Custody/Lockup of Persons Remanded to Police Custody by Court,0.0,0.0,0.0,0.0,0.0,0.0,0.0
144,Meghalaya,2007,Persons Remand to Police Custody by Court,1. Deaths in Custody/Lockup of Persons Remanded to Police Custody by Court,2.0,1.0,1.0,0.0,2.0,0.0,0.0
145,Mizoram,2007,Persons Remand to Police Custody by Court,1. Deaths in Custody/Lockup of Persons Remanded to Police Custody by Court,1.0,1.0,1.0,0.0,1.0,0.0,0.0
146,Nagaland,2007,Persons Remand to Police Custody by Court,1. Deaths in Custody/Lockup of Persons Remanded to Police Custody by Court,0.0,0.0,0.0,0.0,0.0,0.0,0.0
147,Odisha,2007,Persons Remand to Police Custody by Court,1. Deaths in Custody/Lockup of Persons Remanded to Police Custody by Court,0.0,0.0,0.0,0.0,0.0,0.0,0.0
148,Sikkim,2007,Persons Remand to Police Custody by Court,1. Deaths in Custody/Lockup of Persons Remanded to Police Custody by Court,1.0,1.0,,,1.0,,
149,Tamil Nadu,2007,Persons Remand to Police Custody by Court,1. Deaths in Custody/Lockup of Persons Remanded to Police Custody by Court,2.0,1.0,2.0,,2.0,,
150,Tripura,2007,Persons Remand to Police Custody by Court,1. Deaths in Custody/Lockup of Persons Remanded to Police Custody by Court,0.0,0.0,0.0,0.0,0.0,0.0,0.0
151,West Bengal,2007,Persons Remand to Police Custody by Court,1. Deaths in Custody/Lockup of Persons Remanded to Police Custody by Court,2.0,2.0,0.0,0.0,2.0,0.0,0.0
152,Andhra Pradesh,2008,Persons Remand to Police Custody by Court,1. Deaths in Custody/Lockup of Persons Remanded to Police Custody by Court,10.0,10.0,10.0,0.0,10.0,0.0,0.0
153,Arunachal Pradesh,2008,Persons Remand to Police Custody by Court,1. Deaths in Custody/Lockup of Persons Remanded to Police Custody by Court,3.0,3.0,3.0,0.0,3.0,0.0,0.0
154,Assam,2008,Persons Remand to Police Custody by Court,1. Deaths in Custody/Lockup of Persons Remanded to Police Custody by Court,2.0,2.0,2.0,0.0,2.0,0.0,0.0
155,Chandigarh,2008,Persons Remand to Police Custody by Court,1. Deaths in Custody/Lockup of Persons Remanded to Police Custody by Court,0.0,0.0,0.0,0.0,0.0,0.0,0.0
156,Chhattisgarh,2008,Persons Remand to Police Custody by Court,1. Deaths in Custody/Lockup of Persons Remanded to Police Custody by Court,0.0,0.0,0.0,0.0,0.0,0.0,0.0
157,Gujarat,2008,Persons Remand to Police Custody by Court,1. Deaths in Custody/Lockup of Persons Remanded to Police Custody by Court,9.0,9.0,2.0,7.0,2.0,1.0,0.0
158,Haryana,2008,Persons Remand to Police Custody by Court,1. Deaths in Custody/Lockup of Persons Remanded to Police Custody by Court,2.0,2.0,2.0,2.0,0.0,0.0,0.0
159,Himachal Pradesh,2008,Persons Remand to Police Custody by Court,1. Deaths in Custody/Lockup of Persons Remanded to Police Custody by Court,0.0,0.0,0.0,0.0,0.0,0.0,0.0
160,Jammu & Kashmir,2008,Persons Remand to Police Custody by Court,1. Deaths in Custody/Lockup of Persons Remanded to Police Custody by Court,0.0,0.0,0.0,0.0,0.0,0.0,0.0
161,Karnataka,2008,Persons Remand to Police Custody by Court,1. Deaths in Custody/Lockup of Persons Remanded to Police Custody by Court,2.0,2.0,2.0,0.0,0.0,2.0,0.0
162,Madhya Pradesh,2008,Persons Remand to Police Custody by Court,1. Deaths in Custody/Lockup of Persons Remanded to Police Custody by Court,0.0,0.0,0.0,0.0,0.0,0.0,0.0
163,Maharashtra,2008,Persons Remand to Police Custody by Court,1. Deaths in Custody/Lockup of Persons Remanded to Police Custody by Court,10.0,10.0,1.0,0.0,1.0,0.0,0.0
164,Manipur,2008,Persons Remand to Police Custody by Court,1. Deaths in Custody/Lockup of Persons Remanded to Police Custody by Court,0.0,0.0,0.0,0.0,0.0,0.0,0.0
165,Meghalaya,2008,Persons Remand to Police Custody by Court,1. Deaths in Custody/Lockup of Persons Remanded to Police Custody by Court,1.0,1.0,0.0,0.0,1.0,0.0,0.0
166,Mizoram,2008,Persons Remand to Police Custody by Court,1. Deaths in Custody/Lockup of Persons Remanded to Police Custody by Court,0.0,0.0,0.0,0.0,0.0,0.0,0.0
167,Nagaland,2008,Persons Remand to Police Custody by Court,1. Deaths in Custody/Lockup of Persons Remanded to Police Custody by Court,0.0,0.0,0.0,0.0,0.0,0.0,0.0
168,Odisha,2008,Persons Remand to Police Custody by Court,1. Deaths in Custody/Lockup of Persons Remanded to Police Custody by Court,0.0,0.0,0.0,0.0,0.0,0.0,0.0
169,Rajasthan,2008,Persons Remand to Police Custody by Court,1. Deaths in Custody/Lockup of Persons Remanded to Police Custody by Court,1.0,1.0,,,1.0,,
170,West Bengal,2008,Persons Remand to Police Custody by Court,1. Deaths in Custody/Lockup of Persons Remanded to Police Custody by Court,0.0,0.0,0.0,0.0,0.0,0.0,0.0
171,Andhra Pradesh,2009,Persons Remand to Police Custody by Court,1. Deaths in Custody/Lockup of Persons Remanded to Police Custody by Court,4.0,4.0,4.0,0.0,4.0,0.0,0.0
172,Arunachal Pradesh,2009,Persons Remand to Police Custody by Court,1. Deaths in Custody/Lockup of Persons Remanded to Police Custody by Court,0.0,0.0,0.0,0.0,0.0,0.0,0.0
173,Assam,2009,Persons Remand to Police Custody by Court,1. Deaths in Custody/Lockup of Persons Remanded to Police Custody by Court,7.0,7.0,7.0,0.0,7.0,0.0,0.0
174,Bihar,2009,Persons Remand to Police Custody by Court,1. Deaths in Custody/Lockup of Persons Remanded to Police Custody by Court,0.0,0.0,0.0,0.0,0.0,0.0,0.0
175,Chandigarh,2009,Persons Remand to Police Custody by Court,1. Deaths in Custody/Lockup of Persons Remanded to Police Custody by Court,0.0,0.0,0.0,0.0,0.0,0.0,0.0
176,Chhattisgarh,2009,Persons Remand to Police Custody by Court,1. Deaths in Custody/Lockup of Persons Remanded to Police Custody by Court,1.0,1.0,1.0,1.0,0.0,0.0,0.0
177,Dadra & Nagar Haveli,2009,Persons Remand to Police Custody by Court,1. Deaths in Custody/Lockup of Persons Remanded to Police Custody by Court,1.0,1.0,,,1.0,,
178,Gujarat,2009,Persons Remand to Police Custody by Court,1. Deaths in Custody/Lockup of Persons Remanded to Police Custody by Court,2.0,2.0,1.0,1.0,0.0,0.0,0.0
179,Haryana,2009,Persons Remand to Police Custody by Court,1. Deaths in Custody/Lockup of Persons Remanded to Police Custody by Court,3.0,3.0,3.0,3.0,0.0,0.0,0.0
180,Himachal Pradesh,2009,Persons Remand to Police Custody by Court,1. Deaths in Custody/Lockup of Persons Remanded to Police Custody by Court,1.0,1.0,1.0,1.0,0.0,0.0,0.0
181,Jammu & Kashmir,2009,Persons Remand to Police Custody by Court,1. Deaths in Custody/Lockup of Persons Remanded to Police Custody by Court,0.0,0.0,0.0,0.0,0.0,0.0,0.0
182,Karnataka,2009,Persons Remand to Police Custody by Court,1. Deaths in Custody/Lockup of Persons Remanded to Police Custody by Court,0.0,0.0,0.0,0.0,0.0,0.0,0.0
183,Madhya Pradesh,2009,Persons Remand to Police Custody by Court,1. Deaths in Custody/Lockup of Persons Remanded to Police Custody by Court,1.0,1.0,0.0,1.0,1.0,0.0,0.0
184,Maharashtra,2009,Persons Remand to Police Custody by Court,1. Deaths in Custody/Lockup of Persons Remanded to Police Custody by Court,0.0,0.0,0.0,0.0,0.0,0.0,0.0
185,Manipur,2009,Persons Remand to Police Custody by Court,1. Deaths in Custody/Lockup of Persons Remanded to Police Custody by Court,0.0,0.0,0.0,0.0,0.0,0.0,0.0
186,Meghalaya,2009,Persons Remand to Police Custody by Court,1. Deaths in Custody/Lockup of Persons Remanded to Police Custody by Court,0.0,0.0,0.0,0.0,0.0,0.0,0.0
187,Nagaland,2009,Persons Remand to Police Custody by Court,1. Deaths in Custody/Lockup of Persons Remanded to Police Custody by Court,0.0,0.0,0.0,0.0,0.0,0.0,0.0
188,Odisha,2009,Persons Remand to Police Custody by Court,1. Deaths in Custody/Lockup of Persons Remanded to Police Custody by Court,0.0,0.0,0.0,0.0,0.0,0.0,0.0
189,Rajasthan,2009,Persons Remand to Police Custody by Court,1. Deaths in Custody/Lockup of Persons Remanded to Police Custody by Court,1.0,1.0,1.0,,1.0,,
190,West Bengal,2009,Persons Remand to Police Custody by Court,1. Deaths in Custody/Lockup of Persons Remanded to Police Custody by Court,4.0,4.0,4.0,0.0,4.0,0.0,0.0
191,Andhra Pradesh,2010,Persons Remand to Police Custody by Court,1. Deaths in Custody/Lockup of Persons Remanded to Police Custody by Court,5.0,4.0,5.0,1.0,4.0,1.0,0.0
192,Arunachal Pradesh,2010,Persons Remand to Police Custody by Court,1. Deaths in Custody/Lockup of Persons Remanded to Police Custody by Court,1.0,0.0,1.0,0.0,1.0,0.0,0.0
193,Assam,2010,Persons Remand to Police Custody by Court,1. Deaths in Custody/Lockup of Persons Remanded to Police Custody by Court,3.0,3.0,3.0,0.0,3.0,0.0,
194,Bihar,2010,Persons Remand to Police Custody by Court,1. Deaths in Custody/Lockup of Persons Remanded to Police Custody by Court,0.0,0.0,0.0,0.0,0.0,0.0,0.0
195,Chhattisgarh,2010,Persons Remand to Police Custody by Court,1. Deaths in Custody/Lockup of Persons Remanded to Police Custody by Court,0.0,0.0,0.0,0.0,0.0,0.0,0.0
196,Gujarat,2010,Persons Remand to Police Custody by Court,1. Deaths in Custody/Lockup of Persons Remanded to Police Custody by Court,3.0,3.0,0.0,2.0,3.0,0.0,0.0
197,Himachal Pradesh,2010,Persons Remand to Police Custody by Court,1. Deaths in Custody/Lockup of Persons Remanded to Police Custody by Court,1.0,1.0,0.0,1.0,0.0,0.0,0.0
198,Jammu & Kashmir,2010,Persons Remand to Police Custody by Court,1. Deaths in Custody/Lockup of Persons Remanded to Police Custody by Court,0.0,0.0,0.0,0.0,0.0,0.0,0.0
199,Karnataka,2010,Persons Remand to Police Custody by Court,1. Deaths in Custody/Lockup of Persons Remanded to Police Custody by Court,1.0,1.0,0.0,1.0,0.0,0.0,0.0
200,Kerala,2010,Persons Remand to Police Custody by Court,1. Deaths in Custody/Lockup of Persons Remanded to Police Custody by Court,0.0,0.0,0.0,0.0,0.0,0.0,0.0
201,Maharashtra,2010,Persons Remand to Police Custody by Court,1. Deaths in Custody/Lockup of Persons Remanded to Police Custody by Court,5.0,5.0,0.0,0.0,1.0,0.0,0.0
202,Manipur,2010,Persons Remand to Police Custody by Court,1. Deaths in Custody/Lockup of Persons Remanded to Police Custody by Court,0.0,0.0,0.0,0.0,0.0,0.0,0.0
203,Meghalaya,2010,Persons Remand to Police Custody by Court,1. Deaths in Custody/Lockup of Persons Remanded to Police Custody by Court,0.0,0.0,0.0,0.0,0.0,0.0,0.0
204,Mizoram,2010,Persons Remand to Police Custody by Court,1. Deaths in Custody/Lockup of Persons Remanded to Police Custody by Court,0.0,0.0,0.0,0.0,0.0,0.0,0.0
205,Nagaland,2010,Persons Remand to Police Custody by Court,1. Deaths in Custody/Lockup of Persons Remanded to Police Custody by Court,1.0,1.0,1.0,1.0,0.0,0.0,0.0
206,Odisha,2010,Persons Remand to Police Custody by Court,1. Deaths in Custody/Lockup of Persons Remanded to Police Custody by Court,1.0,1.0,1.0,0.0,1.0,0.0,0.0
207,Rajasthan,2010,Persons Remand to Police Custody by Court,1. Deaths in Custody/Lockup of Persons Remanded to Police Custody by Court,1.0,1.0,1.0,1.0,0.0,,
208,Tamil Nadu,2010,Persons Remand to Police Custody by Court,1. Deaths in Custody/Lockup of Persons Remanded to Police Custody by Court,1.0,1.0,1.0,,1.0,,
209,Tripura,2010,Persons Remand to Police Custody by Court,1. Deaths in Custody/Lockup of Persons Remanded to Police Custody by Court,1.0,1.0,1.0,,1.0,,
210,West Bengal,2010,Persons Remand to Police Custody by Court,1. Deaths in Custody/Lockup of Persons Remanded to Police Custody by Court,1.0,1.0,1.0,0.0,1.0,0.0,0.0
