index,Area_Name,Year,Group_Name,Sub_Group_Name,CD_Deaths_Reported,CD_No_of_Autopsy_conducted,CD_No_of_Cases_registered_in_connection_with_deaths,CD_No_of_Judicial_enquiry_orderedconducted,CD_No_of_Magisterial_enquiry_orderedconducted,CD_No_of_Policemen_Charge_sheeted,CD_No_of_Policemen_Convicted
0,Andhra Pradesh,2001,During Production/Process in Courts/Journey Connected with Investigation,3. Deaths in Custody during production/process in courts/journey connected with investigation,3,3.0,3.0,1.0,1.0,0.0,0.0
1,Arunachal Pradesh,2001,During Production/Process in Courts/Journey Connected with Investigation,3. Deaths in Custody during production/process in courts/journey connected with investigation,0,0.0,0.0,0.0,0.0,0.0,0.0
2,Assam,2001,During Production/Process in Courts/Journey Connected with Investigation,3. Deaths in Custody during production/process in courts/journey connected with investigation,0,0.0,0.0,0.0,0.0,0.0,0.0
3,Bihar,2001,During Production/Process in Courts/Journey Connected with Investigation,3. Deaths in Custody during production/process in courts/journey connected with investigation,0,0.0,0.0,0.0,0.0,0.0,0.0
4,Chandigarh,2001,During Production/Process in Courts/Journey Connected with Investigation,3. Deaths in Custody during production/process in courts/journey connected with investigation,0,0.0,0.0,0.0,0.0,0.0,0.0
5,Chhattisgarh,2001,During Production/Process in Courts/Journey Connected with Investigation,3. Deaths in Custody during production/process in courts/journey connected with investigation,0,0.0,0.0,0.0,0.0,0.0,0.0
6,Gujarat,2001,During Production/Process in Courts/Journey Connected with Investigation,3. Deaths in Custody during production/process in courts/journey connected with investigation,1,1.0,1.0,0.0,1.0,0.0,0.0
7,Haryana,2001,During Production/Process in Courts/Journey Connected with Investigation,3. Deaths in Custody during production/process in courts/journey connected with investigation,0,0.0,0.0,0.0,0.0,0.0,0.0
8,Himachal Pradesh,2001,During Production/Process in Courts/Journey Connected with Investigation,3. Deaths in Custody during production/process in courts/journey connected with investigation,0,0.0,0.0,0.0,0.0,0.0,0.0
9,Jammu & Kashmir,2001,During Production/Process in Courts/Journey Connected with Investigation,3. Deaths in Custody during production/process in courts/journey connected with investigation,0,0.0,0.0,0.0,0.0,0.0,0.0
10,Jharkhand,2001,During Production/Process in Courts/Journey Connected with Investigation,3. Deaths in Custody during production/process in courts/journey connected with investigation,0,0.0,0.0,0.0,0.0,0.0,0.0
11,Karnataka,2001,During Production/Process in Courts/Journey Connected with Investigation,3. Deaths in Custody during production/process in courts/journey connected with investigation,0,0.0,0.0,0.0,0.0,0.0,0.0
12,Madhya Pradesh,2001,During Production/Process in Courts/Journey Connected with Investigation,3. Deaths in Custody during production/process in courts/journey connected with investigation,1,1.0,,,1.0,1.0,
13,Maharashtra,2001,During Production/Process in Courts/Journey Connected with Investigation,3. Deaths in Custody during production/process in courts/journey connected with investigation,1,1.0,0.0,0.0,0.0,0.0,0.0
14,Meghalaya,2001,During Production/Process in Courts/Journey Connected with Investigation,3. Deaths in Custody during production/process in courts/journey connected with investigation,0,0.0,0.0,0.0,0.0,0.0,0.0
15,Mizoram,2001,During Production/Process in Courts/Journey Connected with Investigation,3. Deaths in Custody during production/process in courts/journey connected with investigation,0,0.0,0.0,0.0,0.0,0.0,0.0
16,Nagaland,2001,During Production/Process in Courts/Journey Connected with Investigation,3. Deaths in Custody during production/process in courts/journey connected with investigation,0,0.0,0.0,0.0,0.0,0.0,0.0
17,Odisha,2001,During Production/Process in Courts/Journey Connected with Investigation,3. Deaths in Custody during production/process in courts/journey connected with investigation,0,0.0,0.0,0.0,0.0,0.0,0.0
18,Rajasthan,2001,During Production/Process in Courts/Journey Connected with Investigation,3. Deaths in Custody during production/process in courts/journey connected with investigation,0,,,,,,
19,Tamil Nadu,2001,During Production/Process in Courts/Journey Connected with Investigation,3. Deaths in Custody during production/process in courts/journey connected with investigation,1,1.0,1.0,,1.0,,
20,Uttar Pradesh,2001,During Production/Process in Courts/Journey Connected with Investigation,3. Deaths in Custody during production/process in courts/journey connected with investigation,1,1.0,1.0,,1.0,,
21,West Bengal,2001,During Production/Process in Courts/Journey Connected with Investigation,3. Deaths in Custody during production/process in courts/journey connected with investigation,1,1.0,0.0,1.0,1.0,0.0,0.0
22,Andhra Pradesh,2002,During Production/Process in Courts/Journey Connected with Investigation,3. Deaths in Custody during production/process in courts/journey connected with investigation,0,0.0,0.0,0.0,0.0,0.0,0.0
23,Assam,2002,During Production/Process in Courts/Journey Connected with Investigation,3. Deaths in Custody during production/process in courts/journey connected with investigation,0,0.0,0.0,0.0,0.0,0.0,0.0
24,Bihar,2002,During Production/Process in Courts/Journey Connected with Investigation,3. Deaths in Custody during production/process in courts/journey connected with investigation,0,0.0,0.0,0.0,0.0,0.0,0.0
25,Chhattisgarh,2002,During Production/Process in Courts/Journey Connected with Investigation,3. Deaths in Custody during production/process in courts/journey connected with investigation,1,1.0,1.0,0.0,0.0,8.0,0.0
26,Daman & Diu,2002,During Production/Process in Courts/Journey Connected with Investigation,3. Deaths in Custody during production/process in courts/journey connected with investigation,0,0.0,0.0,0.0,0.0,0.0,0.0
27,Gujarat,2002,During Production/Process in Courts/Journey Connected with Investigation,3. Deaths in Custody during production/process in courts/journey connected with investigation,1,1.0,1.0,0.0,1.0,0.0,0.0
28,Haryana,2002,During Production/Process in Courts/Journey Connected with Investigation,3. Deaths in Custody during production/process in courts/journey connected with investigation,0,0.0,0.0,0.0,0.0,0.0,0.0
29,Himachal Pradesh,2002,During Production/Process in Courts/Journey Connected with Investigation,3. Deaths in Custody during production/process in courts/journey connected with investigation,0,0.0,0.0,0.0,0.0,0.0,0.0
30,Karnataka,2002,During Production/Process in Courts/Journey Connected with Investigation,3. Deaths in Custody during production/process in courts/journey connected with investigation,3,2.0,1.0,0.0,1.0,0.0,0.0
31,Madhya Pradesh,2002,During Production/Process in Courts/Journey Connected with Investigation,3. Deaths in Custody during production/process in courts/journey connected with investigation,0,0.0,0.0,0.0,0.0,0.0,0.0
32,Maharashtra,2002,During Production/Process in Courts/Journey Connected with Investigation,3. Deaths in Custody during production/process in courts/journey connected with investigation,2,2.0,1.0,0.0,1.0,4.0,0.0
33,Meghalaya,2002,During Production/Process in Courts/Journey Connected with Investigation,3. Deaths in Custody during production/process in courts/journey connected with investigation,0,0.0,0.0,0.0,0.0,0.0,0.0
34,Nagaland,2002,During Production/Process in Courts/Journey Connected with Investigation,3. Deaths in Custody during production/process in courts/journey connected with investigation,0,0.0,0.0,0.0,0.0,0.0,0.0
35,Odisha,2002,During Production/Process in Courts/Journey Connected with Investigation,3. Deaths in Custody during production/process in courts/journey connected with investigation,0,0.0,0.0,0.0,0.0,0.0,0.0
36,Punjab,2002,During Production/Process in Courts/Journey Connected with Investigation,3. Deaths in Custody during production/process in courts/journey connected with investigation,0,0.0,0.0,0.0,0.0,0.0,0.0
37,Rajasthan,2002,During Production/Process in Courts/Journey Connected with Investigation,3. Deaths in Custody during production/process in courts/journey connected with investigation,0,0.0,0.0,,0.0,,
38,Tamil Nadu,2002,During Production/Process in Courts/Journey Connected with Investigation,3. Deaths in Custody during production/process in courts/journey connected with investigation,6,6.0,0.0,0.0,6.0,0.0,0.0
39,Tripura,2002,During Production/Process in Courts/Journey Connected with Investigation,3. Deaths in Custody during production/process in courts/journey connected with investigation,0,,,,,,
40,Uttar Pradesh,2002,During Production/Process in Courts/Journey Connected with Investigation,3. Deaths in Custody during production/process in courts/journey connected with investigation,3,3.0,3.0,1.0,2.0,,
41,West Bengal,2002,During Production/Process in Courts/Journey Connected with Investigation,3. Deaths in Custody during production/process in courts/journey connected with investigation,0,0.0,0.0,0.0,0.0,0.0,0.0
42,Andhra Pradesh,2003,During Production/Process in Courts/Journey Connected with Investigation,3. Deaths in Custody during production/process in courts/journey connected with investigation,0,0.0,0.0,0.0,0.0,0.0,0.0
43,Arunachal Pradesh,2003,During Production/Process in Courts/Journey Connected with Investigation,3. Deaths in Custody during production/process in courts/journey connected with investigation,0,0.0,0.0,0.0,0.0,0.0,0.0
44,Assam,2003,During Production/Process in Courts/Journey Connected with Investigation,3. Deaths in Custody during production/process in courts/journey connected with investigation,0,0.0,0.0,0.0,0.0,0.0,0.0
45,Bihar,2003,During Production/Process in Courts/Journey Connected with Investigation,3. Deaths in Custody during production/process in courts/journey connected with investigation,0,0.0,0.0,0.0,0.0,0.0,0.0
46,Chandigarh,2003,During Production/Process in Courts/Journey Connected with Investigation,3. Deaths in Custody during production/process in courts/journey connected with investigation,0,0.0,0.0,0.0,0.0,0.0,0.0
47,Chhattisgarh,2003,During Production/Process in Courts/Journey Connected with Investigation,3. Deaths in Custody during production/process in courts/journey connected with investigation,0,0.0,0.0,0.0,0.0,0.0,0.0
48,Daman & Diu,2003,During Production/Process in Courts/Journey Connected with Investigation,3. Deaths in Custody during production/process in courts/journey connected with investigation,0,0.0,0.0,0.0,0.0,0.0,0.0
49,Delhi,2003,During Production/Process in Courts/Journey Connected with Investigation,3. Deaths in Custody during production/process in courts/journey connected with investigation,1,0.0,1.0,0.0,1.0,0.0,0.0
50,Gujarat,2003,During Production/Process in Courts/Journey Connected with Investigation,3. Deaths in Custody during production/process in courts/journey connected with investigation,3,1.0,2.0,1.0,1.0,0.0,0.0
51,Haryana,2003,During Production/Process in Courts/Journey Connected with Investigation,3. Deaths in Custody during production/process in courts/journey connected with investigation,1,0.0,1.0,0.0,0.0,0.0,0.0
52,Himachal Pradesh,2003,During Production/Process in Courts/Journey Connected with Investigation,3. Deaths in Custody during production/process in courts/journey connected with investigation,0,0.0,0.0,0.0,0.0,0.0,0.0
53,Jammu & Kashmir,2003,During Production/Process in Courts/Journey Connected with Investigation,3. Deaths in Custody during production/process in courts/journey connected with investigation,0,0.0,0.0,0.0,0.0,0.0,0.0
54,Karnataka,2003,During Production/Process in Courts/Journey Connected with Investigation,3. Deaths in Custody during production/process in courts/journey connected with investigation,0,0.0,0.0,0.0,0.0,0.0,0.0
55,Kerala,2003,During Production/Process in Courts/Journey Connected with Investigation,3. Deaths in Custody during production/process in courts/journey connected with investigation,1,1.0,1.0,,,,
56,Maharashtra,2003,During Production/Process in Courts/Journey Connected with Investigation,3. Deaths in Custody during production/process in courts/journey connected with investigation,5,5.0,2.0,0.0,0.0,0.0,0.0
57,Meghalaya,2003,During Production/Process in Courts/Journey Connected with Investigation,3. Deaths in Custody during production/process in courts/journey connected with investigation,0,0.0,0.0,0.0,0.0,0.0,0.0
58,Mizoram,2003,During Production/Process in Courts/Journey Connected with Investigation,3. Deaths in Custody during production/process in courts/journey connected with investigation,2,,2.0,,2.0,,
59,Nagaland,2003,During Production/Process in Courts/Journey Connected with Investigation,3. Deaths in Custody during production/process in courts/journey connected with investigation,0,0.0,0.0,0.0,0.0,0.0,0.0
60,Odisha,2003,During Production/Process in Courts/Journey Connected with Investigation,3. Deaths in Custody during production/process in courts/journey connected with investigation,0,0.0,0.0,0.0,0.0,0.0,0.0
61,Punjab,2003,During Production/Process in Courts/Journey Connected with Investigation,3. Deaths in Custody during production/process in courts/journey connected with investigation,0,0.0,0.0,0.0,0.0,0.0,0.0
62,Tamil Nadu,2003,During Production/Process in Courts/Journey Connected with Investigation,3. Deaths in Custody during production/process in courts/journey connected with investigation,4,4.0,3.0,,4.0,,
63,Uttar Pradesh,2003,During Production/Process in Courts/Journey Connected with Investigation,3. Deaths in Custody during production/process in courts/journey connected with investigation,2,2.0,2.0,,2.0,1.0,
64,West Bengal,2003,During Production/Process in Courts/Journey Connected with Investigation,3. Deaths in Custody during production/process in courts/journey connected with investigation,0,0.0,0.0,0.0,0.0,0.0,0.0
65,Andhra Pradesh,2004,During Production/Process in Courts/Journey Connected with Investigation,3. Deaths in Custody during production/process in courts/journey connected with investigation,3,2.0,2.0,0.0,2.0,0.0,0.0
66,Arunachal Pradesh,2004,During Production/Process in Courts/Journey Connected with Investigation,3. Deaths in Custody during production/process in courts/journey connected with investigation,0,0.0,0.0,0.0,0.0,0.0,0.0
67,Bihar,2004,During Production/Process in Courts/Journey Connected with Investigation,3. Deaths in Custody during production/process in courts/journey connected with investigation,0,0.0,0.0,0.0,0.0,0.0,0.0
68,Chandigarh,2004,During Production/Process in Courts/Journey Connected with Investigation,3. Deaths in Custody during production/process in courts/journey connected with investigation,1,0.0,0.0,1.0,0.0,0.0,0.0
69,Chhattisgarh,2004,During Production/Process in Courts/Journey Connected with Investigation,3. Deaths in Custody during production/process in courts/journey connected with investigation,0,0.0,0.0,0.0,0.0,0.0,0.0
70,Gujarat,2004,During Production/Process in Courts/Journey Connected with Investigation,3. Deaths in Custody during production/process in courts/journey connected with investigation,7,3.0,4.0,2.0,7.0,0.0,0.0
71,Himachal Pradesh,2004,During Production/Process in Courts/Journey Connected with Investigation,3. Deaths in Custody during production/process in courts/journey connected with investigation,0,0.0,0.0,0.0,0.0,0.0,0.0
72,Karnataka,2004,During Production/Process in Courts/Journey Connected with Investigation,3. Deaths in Custody during production/process in courts/journey connected with investigation,0,0.0,0.0,0.0,0.0,0.0,0.0
73,Madhya Pradesh,2004,During Production/Process in Courts/Journey Connected with Investigation,3. Deaths in Custody during production/process in courts/journey connected with investigation,0,0.0,0.0,0.0,0.0,0.0,0.0
74,Maharashtra,2004,During Production/Process in Courts/Journey Connected with Investigation,3. Deaths in Custody during production/process in courts/journey connected with investigation,4,4.0,1.0,0.0,0.0,0.0,0.0
75,Manipur,2004,During Production/Process in Courts/Journey Connected with Investigation,3. Deaths in Custody during production/process in courts/journey connected with investigation,0,0.0,0.0,0.0,0.0,0.0,0.0
76,Meghalaya,2004,During Production/Process in Courts/Journey Connected with Investigation,3. Deaths in Custody during production/process in courts/journey connected with investigation,0,0.0,0.0,0.0,0.0,0.0,0.0
77,Mizoram,2004,During Production/Process in Courts/Journey Connected with Investigation,3. Deaths in Custody during production/process in courts/journey connected with investigation,0,0.0,0.0,0.0,0.0,0.0,0.0
78,Nagaland,2004,During Production/Process in Courts/Journey Connected with Investigation,3. Deaths in Custody during production/process in courts/journey connected with investigation,0,0.0,0.0,0.0,0.0,0.0,0.0
79,Odisha,2004,During Production/Process in Courts/Journey Connected with Investigation,3. Deaths in Custody during production/process in courts/journey connected with investigation,0,0.0,0.0,0.0,0.0,0.0,0.0
80,Punjab,2004,During Production/Process in Courts/Journey Connected with Investigation,3. Deaths in Custody during production/process in courts/journey connected with investigation,0,0.0,0.0,0.0,0.0,0.0,0.0
81,Tamil Nadu,2004,During Production/Process in Courts/Journey Connected with Investigation,3. Deaths in Custody during production/process in courts/journey connected with investigation,0,,,,,,
82,Uttar Pradesh,2004,During Production/Process in Courts/Journey Connected with Investigation,3. Deaths in Custody during production/process in courts/journey connected with investigation,0,0.0,0.0,0.0,0.0,0.0,0.0
83,West Bengal,2004,During Production/Process in Courts/Journey Connected with Investigation,3. Deaths in Custody during production/process in courts/journey connected with investigation,0,0.0,0.0,0.0,0.0,0.0,0.0
84,Andhra Pradesh,2005,During Production/Process in Courts/Journey Connected with Investigation,3. Deaths in Custody during production/process in courts/journey connected with investigation,2,2.0,2.0,0.0,0.0,0.0,0.0
85,Arunachal Pradesh,2005,During Production/Process in Courts/Journey Connected with Investigation,3. Deaths in Custody during production/process in courts/journey connected with investigation,0,0.0,0.0,0.0,0.0,0.0,0.0
86,Assam,2005,During Production/Process in Courts/Journey Connected with Investigation,3. Deaths in Custody during production/process in courts/journey connected with investigation,0,0.0,0.0,0.0,0.0,0.0,0.0
87,Chandigarh,2005,During Production/Process in Courts/Journey Connected with Investigation,3. Deaths in Custody during production/process in courts/journey connected with investigation,0,0.0,0.0,0.0,0.0,0.0,0.0
88,Chhattisgarh,2005,During Production/Process in Courts/Journey Connected with Investigation,3. Deaths in Custody during production/process in courts/journey connected with investigation,0,0.0,0.0,0.0,0.0,0.0,0.0
89,Gujarat,2005,During Production/Process in Courts/Journey Connected with Investigation,3. Deaths in Custody during production/process in courts/journey connected with investigation,1,1.0,1.0,0.0,1.0,0.0,0.0
90,Haryana,2005,During Production/Process in Courts/Journey Connected with Investigation,3. Deaths in Custody during production/process in courts/journey connected with investigation,0,0.0,0.0,0.0,0.0,0.0,0.0
91,Himachal Pradesh,2005,During Production/Process in Courts/Journey Connected with Investigation,3. Deaths in Custody during production/process in courts/journey connected with investigation,0,0.0,0.0,0.0,0.0,0.0,0.0
92,Jammu & Kashmir,2005,During Production/Process in Courts/Journey Connected with Investigation,3. Deaths in Custody during production/process in courts/journey connected with investigation,0,0.0,0.0,0.0,0.0,0.0,0.0
93,Karnataka,2005,During Production/Process in Courts/Journey Connected with Investigation,3. Deaths in Custody during production/process in courts/journey connected with investigation,0,0.0,0.0,0.0,0.0,0.0,0.0
94,Kerala,2005,During Production/Process in Courts/Journey Connected with Investigation,3. Deaths in Custody during production/process in courts/journey connected with investigation,2,1.0,1.0,,,,
95,Madhya Pradesh,2005,During Production/Process in Courts/Journey Connected with Investigation,3. Deaths in Custody during production/process in courts/journey connected with investigation,0,0.0,0.0,0.0,0.0,0.0,0.0
96,Maharashtra,2005,During Production/Process in Courts/Journey Connected with Investigation,3. Deaths in Custody during production/process in courts/journey connected with investigation,4,4.0,0.0,0.0,0.0,0.0,0.0
97,Manipur,2005,During Production/Process in Courts/Journey Connected with Investigation,3. Deaths in Custody during production/process in courts/journey connected with investigation,0,0.0,0.0,0.0,0.0,0.0,0.0
98,Meghalaya,2005,During Production/Process in Courts/Journey Connected with Investigation,3. Deaths in Custody during production/process in courts/journey connected with investigation,0,0.0,0.0,0.0,0.0,0.0,0.0
99,Mizoram,2005,During Production/Process in Courts/Journey Connected with Investigation,3. Deaths in Custody during production/process in courts/journey connected with investigation,0,0.0,0.0,0.0,0.0,0.0,0.0
100,Nagaland,2005,During Production/Process in Courts/Journey Connected with Investigation,3. Deaths in Custody during production/process in courts/journey connected with investigation,0,0.0,0.0,0.0,0.0,0.0,0.0
101,Odisha,2005,During Production/Process in Courts/Journey Connected with Investigation,3. Deaths in Custody during production/process in courts/journey connected with investigation,0,0.0,0.0,0.0,0.0,0.0,0.0
102,Punjab,2005,During Production/Process in Courts/Journey Connected with Investigation,3. Deaths in Custody during production/process in courts/journey connected with investigation,0,0.0,0.0,0.0,0.0,0.0,0.0
103,Tamil Nadu,2005,During Production/Process in Courts/Journey Connected with Investigation,3. Deaths in Custody during production/process in courts/journey connected with investigation,0,,,,,,
104,Tripura,2005,During Production/Process in Courts/Journey Connected with Investigation,3. Deaths in Custody during production/process in courts/journey connected with investigation,0,0.0,,,,,
105,Uttar Pradesh,2005,During Production/Process in Courts/Journey Connected with Investigation,3. Deaths in Custody during production/process in courts/journey connected with investigation,6,6.0,5.0,0.0,6.0,2.0,9.0
106,West Bengal,2005,During Production/Process in Courts/Journey Connected with Investigation,3. Deaths in Custody during production/process in courts/journey connected with investigation,0,0.0,0.0,0.0,0.0,0.0,0.0
107,Andhra Pradesh,2006,During Production/Process in Courts/Journey Connected with Investigation,3. Deaths in Custody during production/process in courts/journey connected with investigation,0,0.0,0.0,0.0,0.0,0.0,0.0
108,Arunachal Pradesh,2006,During Production/Process in Courts/Journey Connected with Investigation,3. Deaths in Custody during production/process in courts/journey connected with investigation,0,0.0,0.0,0.0,0.0,0.0,0.0
109,Assam,2006,During Production/Process in Courts/Journey Connected with Investigation,3. Deaths in Custody during production/process in courts/journey connected with investigation,0,0.0,0.0,0.0,0.0,0.0,0.0
110,Chandigarh,2006,During Production/Process in Courts/Journey Connected with Investigation,3. Deaths in Custody during production/process in courts/journey connected with investigation,0,0.0,0.0,0.0,0.0,0.0,0.0
111,Chhattisgarh,2006,During Production/Process in Courts/Journey Connected with Investigation,3. Deaths in Custody during production/process in courts/journey connected with investigation,0,0.0,0.0,0.0,0.0,0.0,0.0
112,Gujarat,2006,During Production/Process in Courts/Journey Connected with Investigation,3. Deaths in Custody during production/process in courts/journey connected with investigation,3,0.0,0.0,1.0,1.0,0.0,0.0
113,Himachal Pradesh,2006,During Production/Process in Courts/Journey Connected with Investigation,3. Deaths in Custody during production/process in courts/journey connected with investigation,2,2.0,2.0,0.0,0.0,0.0,0.0
114,Jammu & Kashmir,2006,During Production/Process in Courts/Journey Connected with Investigation,3. Deaths in Custody during production/process in courts/journey connected with investigation,0,0.0,0.0,0.0,0.0,0.0,0.0
115,Karnataka,2006,During Production/Process in Courts/Journey Connected with Investigation,3. Deaths in Custody during production/process in courts/journey connected with investigation,0,0.0,0.0,0.0,0.0,0.0,0.0
116,Kerala,2006,During Production/Process in Courts/Journey Connected with Investigation,3. Deaths in Custody during production/process in courts/journey connected with investigation,1,1.0,1.0,0.0,,,0.0
117,Madhya Pradesh,2006,During Production/Process in Courts/Journey Connected with Investigation,3. Deaths in Custody during production/process in courts/journey connected with investigation,0,0.0,0.0,0.0,0.0,0.0,0.0
118,Maharashtra,2006,During Production/Process in Courts/Journey Connected with Investigation,3. Deaths in Custody during production/process in courts/journey connected with investigation,3,3.0,,,,,
119,Manipur,2006,During Production/Process in Courts/Journey Connected with Investigation,3. Deaths in Custody during production/process in courts/journey connected with investigation,0,0.0,0.0,0.0,0.0,0.0,0.0
120,Meghalaya,2006,During Production/Process in Courts/Journey Connected with Investigation,3. Deaths in Custody during production/process in courts/journey connected with investigation,0,0.0,0.0,0.0,0.0,0.0,0.0
121,Mizoram,2006,During Production/Process in Courts/Journey Connected with Investigation,3. Deaths in Custody during production/process in courts/journey connected with investigation,0,0.0,0.0,0.0,0.0,0.0,0.0
122,Nagaland,2006,During Production/Process in Courts/Journey Connected with Investigation,3. Deaths in Custody during production/process in courts/journey connected with investigation,0,0.0,0.0,0.0,0.0,0.0,0.0
123,Odisha,2006,During Production/Process in Courts/Journey Connected with Investigation,3. Deaths in Custody during production/process in courts/journey connected with investigation,0,0.0,0.0,0.0,0.0,0.0,0.0
124,Punjab,2006,During Production/Process in Courts/Journey Connected with Investigation,3. Deaths in Custody during production/process in courts/journey connected with investigation,1,,1.0,,1.0,,
125,Uttar Pradesh,2006,During Production/Process in Courts/Journey Connected with Investigation,3. Deaths in Custody during production/process in courts/journey connected with investigation,4,4.0,4.0,0.0,2.0,2.0,10.0
126,West Bengal,2006,During Production/Process in Courts/Journey Connected with Investigation,3. Deaths in Custody during production/process in courts/journey connected with investigation,0,0.0,0.0,0.0,0.0,0.0,0.0
127,Andhra Pradesh,2007,During Production/Process in Courts/Journey Connected with Investigation,3. Deaths in Custody during production/process in courts/journey connected with investigation,0,0.0,0.0,0.0,0.0,0.0,0.0
128,Arunachal Pradesh,2007,During Production/Process in Courts/Journey Connected with Investigation,3. Deaths in Custody during production/process in courts/journey connected with investigation,0,0.0,0.0,0.0,0.0,0.0,0.0
129,Assam,2007,During Production/Process in Courts/Journey Connected with Investigation,3. Deaths in Custody during production/process in courts/journey connected with investigation,0,0.0,0.0,0.0,0.0,0.0,0.0
130,Bihar,2007,During Production/Process in Courts/Journey Connected with Investigation,3. Deaths in Custody during production/process in courts/journey connected with investigation,0,0.0,0.0,0.0,0.0,0.0,0.0
131,Chandigarh,2007,During Production/Process in Courts/Journey Connected with Investigation,3. Deaths in Custody during production/process in courts/journey connected with investigation,0,0.0,0.0,0.0,0.0,0.0,0.0
132,Chhattisgarh,2007,During Production/Process in Courts/Journey Connected with Investigation,3. Deaths in Custody during production/process in courts/journey connected with investigation,0,0.0,0.0,0.0,0.0,0.0,0.0
133,Gujarat,2007,During Production/Process in Courts/Journey Connected with Investigation,3. Deaths in Custody during production/process in courts/journey connected with investigation,2,2.0,1.0,0.0,2.0,0.0,0.0
134,Haryana,2007,During Production/Process in Courts/Journey Connected with Investigation,3. Deaths in Custody during production/process in courts/journey connected with investigation,0,0.0,0.0,0.0,0.0,0.0,0.0
135,Himachal Pradesh,2007,During Production/Process in Courts/Journey Connected with Investigation,3. Deaths in Custody during production/process in courts/journey connected with investigation,0,0.0,0.0,0.0,0.0,0.0,0.0
136,Jammu & Kashmir,2007,During Production/Process in Courts/Journey Connected with Investigation,3. Deaths in Custody during production/process in courts/journey connected with investigation,0,0.0,0.0,0.0,0.0,0.0,0.0
137,Karnataka,2007,During Production/Process in Courts/Journey Connected with Investigation,3. Deaths in Custody during production/process in courts/journey connected with investigation,0,0.0,0.0,0.0,0.0,0.0,0.0
138,Kerala,2007,During Production/Process in Courts/Journey Connected with Investigation,3. Deaths in Custody during production/process in courts/journey connected with investigation,0,0.0,0.0,0.0,0.0,0.0,0.0
139,Madhya Pradesh,2007,During Production/Process in Courts/Journey Connected with Investigation,3. Deaths in Custody during production/process in courts/journey connected with investigation,11,3.0,4.0,4.0,7.0,6.0,0.0
140,Maharashtra,2007,During Production/Process in Courts/Journey Connected with Investigation,3. Deaths in Custody during production/process in courts/journey connected with investigation,5,5.0,0.0,0.0,0.0,0.0,0.0
141,Manipur,2007,During Production/Process in Courts/Journey Connected with Investigation,3. Deaths in Custody during production/process in courts/journey connected with investigation,0,0.0,0.0,0.0,0.0,0.0,0.0
142,Meghalaya,2007,During Production/Process in Courts/Journey Connected with Investigation,3. Deaths in Custody during production/process in courts/journey connected with investigation,0,0.0,0.0,0.0,0.0,0.0,0.0
143,Mizoram,2007,During Production/Process in Courts/Journey Connected with Investigation,3. Deaths in Custody during production/process in courts/journey connected with investigation,1,1.0,1.0,0.0,1.0,0.0,0.0
144,Nagaland,2007,During Production/Process in Courts/Journey Connected with Investigation,3. Deaths in Custody during production/process in courts/journey connected with investigation,0,0.0,0.0,0.0,0.0,0.0,0.0
145,Odisha,2007,During Production/Process in Courts/Journey Connected with Investigation,3. Deaths in Custody during production/process in courts/journey connected with investigation,0,0.0,0.0,0.0,0.0,0.0,0.0
146,Tripura,2007,During Production/Process in Courts/Journey Connected with Investigation,3. Deaths in Custody during production/process in courts/journey connected with investigation,0,0.0,0.0,0.0,0.0,0.0,0.0
147,Uttar Pradesh,2007,During Production/Process in Courts/Journey Connected with Investigation,3. Deaths in Custody during production/process in courts/journey connected with investigation,4,4.0,4.0,0.0,4.0,11.0,0.0
148,West Bengal,2007,During Production/Process in Courts/Journey Connected with Investigation,3. Deaths in Custody during production/process in courts/journey connected with investigation,0,0.0,0.0,0.0,0.0,0.0,0.0
149,Andhra Pradesh,2008,During Production/Process in Courts/Journey Connected with Investigation,3. Deaths in Custody during production/process in courts/journey connected with investigation,3,3.0,3.0,0.0,3.0,0.0,0.0
150,Arunachal Pradesh,2008,During Production/Process in Courts/Journey Connected with Investigation,3. Deaths in Custody during production/process in courts/journey connected with investigation,0,0.0,0.0,0.0,0.0,0.0,0.0
151,Assam,2008,During Production/Process in Courts/Journey Connected with Investigation,3. Deaths in Custody during production/process in courts/journey connected with investigation,0,0.0,0.0,0.0,0.0,0.0,0.0
152,Chandigarh,2008,During Production/Process in Courts/Journey Connected with Investigation,3. Deaths in Custody during production/process in courts/journey connected with investigation,0,0.0,0.0,0.0,0.0,0.0,0.0
153,Chhattisgarh,2008,During Production/Process in Courts/Journey Connected with Investigation,3. Deaths in Custody during production/process in courts/journey connected with investigation,0,0.0,0.0,0.0,0.0,0.0,0.0
154,Gujarat,2008,During Production/Process in Courts/Journey Connected with Investigation,3. Deaths in Custody during production/process in courts/journey connected with investigation,3,3.0,0.0,1.0,2.0,0.0,0.0
155,Haryana,2008,During Production/Process in Courts/Journey Connected with Investigation,3. Deaths in Custody during production/process in courts/journey connected with investigation,0,0.0,0.0,0.0,0.0,0.0,0.0
156,Himachal Pradesh,2008,During Production/Process in Courts/Journey Connected with Investigation,3. Deaths in Custody during production/process in courts/journey connected with investigation,0,0.0,0.0,0.0,0.0,0.0,0.0
157,Jammu & Kashmir,2008,During Production/Process in Courts/Journey Connected with Investigation,3. Deaths in Custody during production/process in courts/journey connected with investigation,0,0.0,0.0,0.0,0.0,0.0,0.0
158,Karnataka,2008,During Production/Process in Courts/Journey Connected with Investigation,3. Deaths in Custody during production/process in courts/journey connected with investigation,0,0.0,0.0,0.0,0.0,0.0,0.0
159,Madhya Pradesh,2008,During Production/Process in Courts/Journey Connected with Investigation,3. Deaths in Custody during production/process in courts/journey connected with investigation,4,1.0,0.0,1.0,2.0,0.0,0.0
160,Maharashtra,2008,During Production/Process in Courts/Journey Connected with Investigation,3. Deaths in Custody during production/process in courts/journey connected with investigation,5,5.0,1.0,0.0,1.0,0.0,0.0
161,Manipur,2008,During Production/Process in Courts/Journey Connected with Investigation,3. Deaths in Custody during production/process in courts/journey connected with investigation,0,0.0,0.0,0.0,0.0,0.0,0.0
162,Meghalaya,2008,During Production/Process in Courts/Journey Connected with Investigation,3. Deaths in Custody during production/process in courts/journey connected with investigation,0,0.0,0.0,0.0,0.0,0.0,0.0
163,Mizoram,2008,During Production/Process in Courts/Journey Connected with Investigation,3. Deaths in Custody during production/process in courts/journey connected with investigation,0,0.0,0.0,0.0,0.0,0.0,0.0
164,Nagaland,2008,During Production/Process in Courts/Journey Connected with Investigation,3. Deaths in Custody during production/process in courts/journey connected with investigation,0,0.0,0.0,0.0,0.0,0.0,0.0
165,Odisha,2008,During Production/Process in Courts/Journey Connected with Investigation,3. Deaths in Custody during production/process in courts/journey connected with investigation,0,0.0,0.0,0.0,0.0,0.0,0.0
166,Uttar Pradesh,2008,During Production/Process in Courts/Journey Connected with Investigation,3. Deaths in Custody during production/process in courts/journey connected with investigation,4,4.0,4.0,0.0,4.0,16.0,
167,West Bengal,2008,During Production/Process in Courts/Journey Connected with Investigation,3. Deaths in Custody during production/process in courts/journey connected with investigation,0,0.0,0.0,0.0,0.0,0.0,0.0
168,Andhra Pradesh,2009,During Production/Process in Courts/Journey Connected with Investigation,3. Deaths in Custody during production/process in courts/journey connected with investigation,1,1.0,1.0,1.0,1.0,0.0,0.0
169,Arunachal Pradesh,2009,During Production/Process in Courts/Journey Connected with Investigation,3. Deaths in Custody during production/process in courts/journey connected with investigation,0,0.0,0.0,0.0,0.0,0.0,0.0
170,Assam,2009,During Production/Process in Courts/Journey Connected with Investigation,3. Deaths in Custody during production/process in courts/journey connected with investigation,0,0.0,0.0,0.0,0.0,0.0,0.0
171,Bihar,2009,During Production/Process in Courts/Journey Connected with Investigation,3. Deaths in Custody during production/process in courts/journey connected with investigation,0,0.0,0.0,0.0,0.0,0.0,0.0
172,Chandigarh,2009,During Production/Process in Courts/Journey Connected with Investigation,3. Deaths in Custody during production/process in courts/journey connected with investigation,0,0.0,0.0,0.0,0.0,0.0,0.0
173,Chhattisgarh,2009,During Production/Process in Courts/Journey Connected with Investigation,3. Deaths in Custody during production/process in courts/journey connected with investigation,1,1.0,1.0,1.0,0.0,0.0,0.0
174,Gujarat,2009,During Production/Process in Courts/Journey Connected with Investigation,3. Deaths in Custody during production/process in courts/journey connected with investigation,1,1.0,1.0,1.0,0.0,1.0,0.0
175,Haryana,2009,During Production/Process in Courts/Journey Connected with Investigation,3. Deaths in Custody during production/process in courts/journey connected with investigation,0,0.0,0.0,0.0,0.0,0.0,0.0
176,Himachal Pradesh,2009,During Production/Process in Courts/Journey Connected with Investigation,3. Deaths in Custody during production/process in courts/journey connected with investigation,0,0.0,0.0,0.0,0.0,0.0,0.0
177,Jammu & Kashmir,2009,During Production/Process in Courts/Journey Connected with Investigation,3. Deaths in Custody during production/process in courts/journey connected with investigation,0,0.0,0.0,0.0,0.0,0.0,0.0
178,Karnataka,2009,During Production/Process in Courts/Journey Connected with Investigation,3. Deaths in Custody during production/process in courts/journey connected with investigation,2,1.0,1.0,2.0,0.0,0.0,0.0
179,Madhya Pradesh,2009,During Production/Process in Courts/Journey Connected with Investigation,3. Deaths in Custody during production/process in courts/journey connected with investigation,10,10.0,2.0,7.0,4.0,0.0,0.0
180,Maharashtra,2009,During Production/Process in Courts/Journey Connected with Investigation,3. Deaths in Custody during production/process in courts/journey connected with investigation,1,1.0,0.0,0.0,0.0,0.0,0.0
181,Manipur,2009,During Production/Process in Courts/Journey Connected with Investigation,3. Deaths in Custody during production/process in courts/journey connected with investigation,0,0.0,0.0,0.0,0.0,0.0,0.0
182,Meghalaya,2009,During Production/Process in Courts/Journey Connected with Investigation,3. Deaths in Custody during production/process in courts/journey connected with investigation,0,0.0,0.0,0.0,0.0,0.0,0.0
183,Nagaland,2009,During Production/Process in Courts/Journey Connected with Investigation,3. Deaths in Custody during production/process in courts/journey connected with investigation,0,0.0,0.0,0.0,0.0,0.0,0.0
184,Odisha,2009,During Production/Process in Courts/Journey Connected with Investigation,3. Deaths in Custody during production/process in courts/journey connected with investigation,0,0.0,0.0,0.0,0.0,0.0,0.0
185,Punjab,2009,During Production/Process in Courts/Journey Connected with Investigation,3. Deaths in Custody during production/process in courts/journey connected with investigation,1,1.0,,1.0,,,
186,West Bengal,2009,During Production/Process in Courts/Journey Connected with Investigation,3. Deaths in Custody during production/process in courts/journey connected with investigation,1,1.0,1.0,0.0,1.0,0.0,0.0
187,Andhra Pradesh,2010,During Production/Process in Courts/Journey Connected with Investigation,3. Deaths in Custody during production/process in courts/journey connected with investigation,6,5.0,1.0,0.0,1.0,1.0,0.0
188,Arunachal Pradesh,2010,During Production/Process in Courts/Journey Connected with Investigation,3. Deaths in Custody during production/process in courts/journey connected with investigation,0,0.0,0.0,0.0,0.0,0.0,0.0
189,Bihar,2010,During Production/Process in Courts/Journey Connected with Investigation,3. Deaths in Custody during production/process in courts/journey connected with investigation,0,0.0,0.0,0.0,0.0,0.0,0.0
190,Chhattisgarh,2010,During Production/Process in Courts/Journey Connected with Investigation,3. Deaths in Custody during production/process in courts/journey connected with investigation,0,0.0,0.0,0.0,0.0,0.0,0.0
191,Gujarat,2010,During Production/Process in Courts/Journey Connected with Investigation,3. Deaths in Custody during production/process in courts/journey connected with investigation,0,0.0,0.0,0.0,0.0,0.0,0.0
192,Himachal Pradesh,2010,During Production/Process in Courts/Journey Connected with Investigation,3. Deaths in Custody during production/process in courts/journey connected with investigation,0,0.0,0.0,0.0,0.0,0.0,0.0
193,Jammu & Kashmir,2010,During Production/Process in Courts/Journey Connected with Investigation,3. Deaths in Custody during production/process in courts/journey connected with investigation,0,0.0,0.0,0.0,0.0,0.0,0.0
194,Karnataka,2010,During Production/Process in Courts/Journey Connected with Investigation,3. Deaths in Custody during production/process in courts/journey connected with investigation,1,1.0,0.0,1.0,0.0,0.0,0.0
195,Kerala,2010,During Production/Process in Courts/Journey Connected with Investigation,3. Deaths in Custody during production/process in courts/journey connected with investigation,1,1.0,1.0,0.0,1.0,0.0,0.0
196,Madhya Pradesh,2010,During Production/Process in Courts/Journey Connected with Investigation,3. Deaths in Custody during production/process in courts/journey connected with investigation,2,2.0,1.0,2.0,,,
197,Maharashtra,2010,During Production/Process in Courts/Journey Connected with Investigation,3. Deaths in Custody during production/process in courts/journey connected with investigation,1,1.0,0.0,0.0,0.0,0.0,0.0
198,Manipur,2010,During Production/Process in Courts/Journey Connected with Investigation,3. Deaths in Custody during production/process in courts/journey connected with investigation,0,0.0,0.0,0.0,0.0,0.0,0.0
199,Meghalaya,2010,During Production/Process in Courts/Journey Connected with Investigation,3. Deaths in Custody during production/process in courts/journey connected with investigation,0,0.0,0.0,0.0,0.0,0.0,0.0
200,Mizoram,2010,During Production/Process in Courts/Journey Connected with Investigation,3. Deaths in Custody during production/process in courts/journey connected with investigation,0,0.0,0.0,0.0,0.0,0.0,0.0
201,Nagaland,2010,During Production/Process in Courts/Journey Connected with Investigation,3. Deaths in Custody during production/process in courts/journey connected with investigation,0,0.0,0.0,0.0,0.0,0.0,0.0
202,Odisha,2010,During Production/Process in Courts/Journey Connected with Investigation,3. Deaths in Custody during production/process in courts/journey connected with investigation,1,1.0,1.0,0.0,1.0,0.0,0.0
203,West Bengal,2010,During Production/Process in Courts/Journey Connected with Investigation,3. Deaths in Custody during production/process in courts/journey connected with investigation,0,0.0,0.0,0.0,0.0,0.0,0.0
