index,Area_Name,Year,Group_Name,Sub_Group_Name,CD_Deaths_Reported,CD_No_of_Autopsy_conducted,CD_No_of_Cases_registered_in_connection_with_deaths,CD_No_of_Judicial_enquiry_orderedconducted,CD_No_of_Magisterial_enquiry_orderedconducted,CD_No_of_Policemen_Charge_sheeted,CD_No_of_Policemen_Convicted
0,Andhra Pradesh,2001,Persons Not Remand to Police Custody by Court,2. Deaths in Custody/Lockup of Persons Not Remanded to Police Custody by Court,8,8.0,2.0,1.0,5.0,1.0,0.0
1,Arunachal Pradesh,2001,Persons Not Remand to Police Custody by Court,2. Deaths in Custody/Lockup of Persons Not Remanded to Police Custody by Court,0,0.0,0.0,0.0,0.0,0.0,0.0
2,Assam,2001,Persons Not Remand to Police Custody by Court,2. Deaths in Custody/Lockup of Persons Not Remanded to Police Custody by Court,2,2.0,0.0,0.0,2.0,0.0,0.0
3,Bihar,2001,Persons Not Remand to Police Custody by Court,2. Deaths in Custody/Lockup of Persons Not Remanded to Police Custody by Court,0,0.0,0.0,0.0,0.0,0.0,0.0
4,Chandigarh,2001,Persons Not Remand to Police Custody by Court,2. Deaths in Custody/Lockup of Persons Not Remanded to Police Custody by Court,0,0.0,0.0,,0.0,0.0,0.0
5,Chhattisgarh,2001,Persons Not Remand to Police Custody by Court,2. Deaths in Custody/Lockup of Persons Not Remanded to Police Custody by Court,1,1.0,0.0,0.0,1.0,0.0,0.0
6,Delhi,2001,Persons Not Remand to Police Custody by Court,2. Deaths in Custody/Lockup of Persons Not Remanded to Police Custody by Court,1,1.0,,,1.0,,
7,Goa,2001,Persons Not Remand to Police Custody by Court,2. Deaths in Custody/Lockup of Persons Not Remanded to Police Custody by Court,1,1.0,1.0,,1.0,,
8,Gujarat,2001,Persons Not Remand to Police Custody by Court,2. Deaths in Custody/Lockup of Persons Not Remanded to Police Custody by Court,3,1.0,0.0,0.0,2.0,0.0,0.0
9,Haryana,2001,Persons Not Remand to Police Custody by Court,2. Deaths in Custody/Lockup of Persons Not Remanded to Police Custody by Court,0,0.0,0.0,0.0,0.0,0.0,0.0
10,Himachal Pradesh,2001,Persons Not Remand to Police Custody by Court,2. Deaths in Custody/Lockup of Persons Not Remanded to Police Custody by Court,0,0.0,0.0,0.0,0.0,0.0,0.0
11,Jammu & Kashmir,2001,Persons Not Remand to Police Custody by Court,2. Deaths in Custody/Lockup of Persons Not Remanded to Police Custody by Court,0,0.0,0.0,0.0,0.0,0.0,0.0
12,Jharkhand,2001,Persons Not Remand to Police Custody by Court,2. Deaths in Custody/Lockup of Persons Not Remanded to Police Custody by Court,0,0.0,0.0,0.0,0.0,0.0,0.0
13,Karnataka,2001,Persons Not Remand to Police Custody by Court,2. Deaths in Custody/Lockup of Persons Not Remanded to Police Custody by Court,1,1.0,1.0,0.0,0.0,0.0,0.0
14,Madhya Pradesh,2001,Persons Not Remand to Police Custody by Court,2. Deaths in Custody/Lockup of Persons Not Remanded to Police Custody by Court,2,2.0,2.0,,2.0,1.0,
15,Maharashtra,2001,Persons Not Remand to Police Custody by Court,2. Deaths in Custody/Lockup of Persons Not Remanded to Police Custody by Court,9,9.0,1.0,0.0,2.0,0.0,0.0
16,Meghalaya,2001,Persons Not Remand to Police Custody by Court,2. Deaths in Custody/Lockup of Persons Not Remanded to Police Custody by Court,0,0.0,0.0,0.0,0.0,0.0,0.0
17,Mizoram,2001,Persons Not Remand to Police Custody by Court,2. Deaths in Custody/Lockup of Persons Not Remanded to Police Custody by Court,4,0.0,0.0,0.0,4.0,0.0,0.0
18,Nagaland,2001,Persons Not Remand to Police Custody by Court,2. Deaths in Custody/Lockup of Persons Not Remanded to Police Custody by Court,0,0.0,0.0,0.0,0.0,0.0,0.0
19,Odisha,2001,Persons Not Remand to Police Custody by Court,2. Deaths in Custody/Lockup of Persons Not Remanded to Police Custody by Court,1,1.0,1.0,0.0,1.0,0.0,0.0
20,Punjab,2001,Persons Not Remand to Police Custody by Court,2. Deaths in Custody/Lockup of Persons Not Remanded to Police Custody by Court,3,1.0,2.0,0.0,2.0,0.0,0.0
21,Rajasthan,2001,Persons Not Remand to Police Custody by Court,2. Deaths in Custody/Lockup of Persons Not Remanded to Police Custody by Court,2,,1.0,,2.0,,
22,Tamil Nadu,2001,Persons Not Remand to Police Custody by Court,2. Deaths in Custody/Lockup of Persons Not Remanded to Police Custody by Court,5,5.0,5.0,,5.0,,
23,Uttar Pradesh,2001,Persons Not Remand to Police Custody by Court,2. Deaths in Custody/Lockup of Persons Not Remanded to Police Custody by Court,1,1.0,1.0,,,,
24,West Bengal,2001,Persons Not Remand to Police Custody by Court,2. Deaths in Custody/Lockup of Persons Not Remanded to Police Custody by Court,9,4.0,0.0,1.0,4.0,0.0,0.0
25,Andhra Pradesh,2002,Persons Not Remand to Police Custody by Court,2. Deaths in Custody/Lockup of Persons Not Remanded to Police Custody by Court,6,6.0,3.0,1.0,5.0,0.0,0.0
26,Assam,2002,Persons Not Remand to Police Custody by Court,2. Deaths in Custody/Lockup of Persons Not Remanded to Police Custody by Court,0,0.0,0.0,0.0,0.0,0.0,0.0
27,Bihar,2002,Persons Not Remand to Police Custody by Court,2. Deaths in Custody/Lockup of Persons Not Remanded to Police Custody by Court,0,0.0,0.0,0.0,0.0,0.0,0.0
28,Chhattisgarh,2002,Persons Not Remand to Police Custody by Court,2. Deaths in Custody/Lockup of Persons Not Remanded to Police Custody by Court,0,0.0,0.0,0.0,0.0,0.0,0.0
29,Daman & Diu,2002,Persons Not Remand to Police Custody by Court,2. Deaths in Custody/Lockup of Persons Not Remanded to Police Custody by Court,0,0.0,0.0,0.0,0.0,0.0,0.0
30,Gujarat,2002,Persons Not Remand to Police Custody by Court,2. Deaths in Custody/Lockup of Persons Not Remanded to Police Custody by Court,2,1.0,0.0,0.0,2.0,0.0,0.0
31,Haryana,2002,Persons Not Remand to Police Custody by Court,2. Deaths in Custody/Lockup of Persons Not Remanded to Police Custody by Court,3,1.0,3.0,1.0,2.0,13.0,0.0
32,Himachal Pradesh,2002,Persons Not Remand to Police Custody by Court,2. Deaths in Custody/Lockup of Persons Not Remanded to Police Custody by Court,0,0.0,0.0,0.0,0.0,0.0,0.0
33,Karnataka,2002,Persons Not Remand to Police Custody by Court,2. Deaths in Custody/Lockup of Persons Not Remanded to Police Custody by Court,1,1.0,1.0,0.0,0.0,0.0,0.0
34,Madhya Pradesh,2002,Persons Not Remand to Police Custody by Court,2. Deaths in Custody/Lockup of Persons Not Remanded to Police Custody by Court,0,0.0,0.0,0.0,0.0,0.0,0.0
35,Maharashtra,2002,Persons Not Remand to Police Custody by Court,2. Deaths in Custody/Lockup of Persons Not Remanded to Police Custody by Court,11,11.0,2.0,0.0,6.0,4.0,0.0
36,Meghalaya,2002,Persons Not Remand to Police Custody by Court,2. Deaths in Custody/Lockup of Persons Not Remanded to Police Custody by Court,0,0.0,0.0,0.0,0.0,0.0,0.0
37,Nagaland,2002,Persons Not Remand to Police Custody by Court,2. Deaths in Custody/Lockup of Persons Not Remanded to Police Custody by Court,0,0.0,0.0,0.0,0.0,0.0,0.0
38,Odisha,2002,Persons Not Remand to Police Custody by Court,2. Deaths in Custody/Lockup of Persons Not Remanded to Police Custody by Court,0,0.0,0.0,0.0,0.0,0.0,0.0
39,Punjab,2002,Persons Not Remand to Police Custody by Court,2. Deaths in Custody/Lockup of Persons Not Remanded to Police Custody by Court,1,1.0,0.0,0.0,1.0,0.0,0.0
40,Rajasthan,2002,Persons Not Remand to Police Custody by Court,2. Deaths in Custody/Lockup of Persons Not Remanded to Police Custody by Court,4,4.0,4.0,0.0,3.0,14.0,
41,Tamil Nadu,2002,Persons Not Remand to Police Custody by Court,2. Deaths in Custody/Lockup of Persons Not Remanded to Police Custody by Court,6,6.0,0.0,0.0,6.0,0.0,0.0
42,Tripura,2002,Persons Not Remand to Police Custody by Court,2. Deaths in Custody/Lockup of Persons Not Remanded to Police Custody by Court,1,1.0,1.0,,1.0,,
43,Uttar Pradesh,2002,Persons Not Remand to Police Custody by Court,2. Deaths in Custody/Lockup of Persons Not Remanded to Police Custody by Court,3,2.0,1.0,,2.0,,
44,West Bengal,2002,Persons Not Remand to Police Custody by Court,2. Deaths in Custody/Lockup of Persons Not Remanded to Police Custody by Court,15,15.0,0.0,0.0,15.0,0.0,0.0
45,Andhra Pradesh,2003,Persons Not Remand to Police Custody by Court,2. Deaths in Custody/Lockup of Persons Not Remanded to Police Custody by Court,6,5.0,5.0,1.0,2.0,5.0,0.0
46,Arunachal Pradesh,2003,Persons Not Remand to Police Custody by Court,2. Deaths in Custody/Lockup of Persons Not Remanded to Police Custody by Court,1,0.0,1.0,0.0,1.0,0.0,0.0
47,Assam,2003,Persons Not Remand to Police Custody by Court,2. Deaths in Custody/Lockup of Persons Not Remanded to Police Custody by Court,0,0.0,0.0,0.0,0.0,0.0,0.0
48,Bihar,2003,Persons Not Remand to Police Custody by Court,2. Deaths in Custody/Lockup of Persons Not Remanded to Police Custody by Court,0,0.0,0.0,0.0,0.0,0.0,0.0
49,Chandigarh,2003,Persons Not Remand to Police Custody by Court,2. Deaths in Custody/Lockup of Persons Not Remanded to Police Custody by Court,0,0.0,0.0,0.0,0.0,0.0,0.0
50,Chhattisgarh,2003,Persons Not Remand to Police Custody by Court,2. Deaths in Custody/Lockup of Persons Not Remanded to Police Custody by Court,1,1.0,0.0,0.0,1.0,0.0,0.0
51,Daman & Diu,2003,Persons Not Remand to Police Custody by Court,2. Deaths in Custody/Lockup of Persons Not Remanded to Police Custody by Court,0,0.0,0.0,0.0,0.0,0.0,0.0
52,Gujarat,2003,Persons Not Remand to Police Custody by Court,2. Deaths in Custody/Lockup of Persons Not Remanded to Police Custody by Court,6,3.0,1.0,1.0,4.0,0.0,0.0
53,Haryana,2003,Persons Not Remand to Police Custody by Court,2. Deaths in Custody/Lockup of Persons Not Remanded to Police Custody by Court,1,1.0,1.0,1.0,1.0,0.0,0.0
54,Himachal Pradesh,2003,Persons Not Remand to Police Custody by Court,2. Deaths in Custody/Lockup of Persons Not Remanded to Police Custody by Court,0,0.0,0.0,0.0,0.0,0.0,0.0
55,Jammu & Kashmir,2003,Persons Not Remand to Police Custody by Court,2. Deaths in Custody/Lockup of Persons Not Remanded to Police Custody by Court,0,0.0,0.0,0.0,0.0,0.0,0.0
56,Karnataka,2003,Persons Not Remand to Police Custody by Court,2. Deaths in Custody/Lockup of Persons Not Remanded to Police Custody by Court,1,0.0,0.0,0.0,0.0,5.0,0.0
57,Kerala,2003,Persons Not Remand to Police Custody by Court,2. Deaths in Custody/Lockup of Persons Not Remanded to Police Custody by Court,1,1.0,1.0,,,,
58,Madhya Pradesh,2003,Persons Not Remand to Police Custody by Court,2. Deaths in Custody/Lockup of Persons Not Remanded to Police Custody by Court,1,0.0,1.0,,1.0,7.0,
59,Maharashtra,2003,Persons Not Remand to Police Custody by Court,2. Deaths in Custody/Lockup of Persons Not Remanded to Police Custody by Court,18,18.0,6.0,0.0,2.0,4.0,0.0
60,Meghalaya,2003,Persons Not Remand to Police Custody by Court,2. Deaths in Custody/Lockup of Persons Not Remanded to Police Custody by Court,0,0.0,0.0,0.0,0.0,0.0,0.0
61,Mizoram,2003,Persons Not Remand to Police Custody by Court,2. Deaths in Custody/Lockup of Persons Not Remanded to Police Custody by Court,2,,2.0,,2.0,,
62,Nagaland,2003,Persons Not Remand to Police Custody by Court,2. Deaths in Custody/Lockup of Persons Not Remanded to Police Custody by Court,0,0.0,0.0,0.0,0.0,0.0,0.0
63,Odisha,2003,Persons Not Remand to Police Custody by Court,2. Deaths in Custody/Lockup of Persons Not Remanded to Police Custody by Court,1,1.0,1.0,0.0,1.0,2.0,0.0
64,Punjab,2003,Persons Not Remand to Police Custody by Court,2. Deaths in Custody/Lockup of Persons Not Remanded to Police Custody by Court,0,0.0,0.0,0.0,0.0,0.0,0.0
65,Rajasthan,2003,Persons Not Remand to Police Custody by Court,2. Deaths in Custody/Lockup of Persons Not Remanded to Police Custody by Court,6,6.0,1.0,,6.0,,
66,Tamil Nadu,2003,Persons Not Remand to Police Custody by Court,2. Deaths in Custody/Lockup of Persons Not Remanded to Police Custody by Court,4,4.0,3.0,,4.0,,
67,Uttar Pradesh,2003,Persons Not Remand to Police Custody by Court,2. Deaths in Custody/Lockup of Persons Not Remanded to Police Custody by Court,2,2.0,2.0,1.0,1.0,,
68,West Bengal,2003,Persons Not Remand to Police Custody by Court,2. Deaths in Custody/Lockup of Persons Not Remanded to Police Custody by Court,10,10.0,0.0,0.0,10.0,0.0,0.0
69,Andhra Pradesh,2004,Persons Not Remand to Police Custody by Court,2. Deaths in Custody/Lockup of Persons Not Remanded to Police Custody by Court,3,3.0,1.0,0.0,0.0,0.0,0.0
70,Arunachal Pradesh,2004,Persons Not Remand to Police Custody by Court,2. Deaths in Custody/Lockup of Persons Not Remanded to Police Custody by Court,0,0.0,0.0,0.0,0.0,0.0,0.0
71,Bihar,2004,Persons Not Remand to Police Custody by Court,2. Deaths in Custody/Lockup of Persons Not Remanded to Police Custody by Court,1,1.0,1.0,0.0,1.0,0.0,0.0
72,Chandigarh,2004,Persons Not Remand to Police Custody by Court,2. Deaths in Custody/Lockup of Persons Not Remanded to Police Custody by Court,0,0.0,0.0,0.0,0.0,0.0,0.0
73,Chhattisgarh,2004,Persons Not Remand to Police Custody by Court,2. Deaths in Custody/Lockup of Persons Not Remanded to Police Custody by Court,1,1.0,1.0,1.0,1.0,1.0,2.0
74,Delhi,2004,Persons Not Remand to Police Custody by Court,2. Deaths in Custody/Lockup of Persons Not Remanded to Police Custody by Court,1,1.0,,,1.0,,
75,Gujarat,2004,Persons Not Remand to Police Custody by Court,2. Deaths in Custody/Lockup of Persons Not Remanded to Police Custody by Court,7,1.0,1.0,0.0,4.0,0.0,0.0
76,Himachal Pradesh,2004,Persons Not Remand to Police Custody by Court,2. Deaths in Custody/Lockup of Persons Not Remanded to Police Custody by Court,0,0.0,0.0,0.0,0.0,0.0,0.0
77,Karnataka,2004,Persons Not Remand to Police Custody by Court,2. Deaths in Custody/Lockup of Persons Not Remanded to Police Custody by Court,0,0.0,0.0,0.0,0.0,0.0,0.0
78,Kerala,2004,Persons Not Remand to Police Custody by Court,2. Deaths in Custody/Lockup of Persons Not Remanded to Police Custody by Court,2,2.0,2.0,,,,
79,Madhya Pradesh,2004,Persons Not Remand to Police Custody by Court,2. Deaths in Custody/Lockup of Persons Not Remanded to Police Custody by Court,1,1.0,1.0,0.0,1.0,0.0,0.0
80,Maharashtra,2004,Persons Not Remand to Police Custody by Court,2. Deaths in Custody/Lockup of Persons Not Remanded to Police Custody by Court,13,13.0,2.0,0.0,2.0,6.0,0.0
81,Manipur,2004,Persons Not Remand to Police Custody by Court,2. Deaths in Custody/Lockup of Persons Not Remanded to Police Custody by Court,1,1.0,1.0,0.0,0.0,0.0,0.0
82,Meghalaya,2004,Persons Not Remand to Police Custody by Court,2. Deaths in Custody/Lockup of Persons Not Remanded to Police Custody by Court,0,0.0,0.0,0.0,0.0,0.0,0.0
83,Mizoram,2004,Persons Not Remand to Police Custody by Court,2. Deaths in Custody/Lockup of Persons Not Remanded to Police Custody by Court,0,0.0,0.0,0.0,0.0,0.0,0.0
84,Nagaland,2004,Persons Not Remand to Police Custody by Court,2. Deaths in Custody/Lockup of Persons Not Remanded to Police Custody by Court,0,0.0,0.0,0.0,0.0,0.0,0.0
85,Odisha,2004,Persons Not Remand to Police Custody by Court,2. Deaths in Custody/Lockup of Persons Not Remanded to Police Custody by Court,0,0.0,0.0,0.0,0.0,0.0,0.0
86,Punjab,2004,Persons Not Remand to Police Custody by Court,2. Deaths in Custody/Lockup of Persons Not Remanded to Police Custody by Court,0,0.0,0.0,0.0,0.0,0.0,0.0
87,Tamil Nadu,2004,Persons Not Remand to Police Custody by Court,2. Deaths in Custody/Lockup of Persons Not Remanded to Police Custody by Court,7,7.0,7.0,0.0,7.0,,
88,Uttar Pradesh,2004,Persons Not Remand to Police Custody by Court,2. Deaths in Custody/Lockup of Persons Not Remanded to Police Custody by Court,4,4.0,4.0,0.0,4.0,2.0,0.0
89,West Bengal,2004,Persons Not Remand to Police Custody by Court,2. Deaths in Custody/Lockup of Persons Not Remanded to Police Custody by Court,8,8.0,0.0,0.0,8.0,0.0,0.0
90,Andhra Pradesh,2005,Persons Not Remand to Police Custody by Court,2. Deaths in Custody/Lockup of Persons Not Remanded to Police Custody by Court,11,11.0,11.0,0.0,1.0,0.0,0.0
91,Arunachal Pradesh,2005,Persons Not Remand to Police Custody by Court,2. Deaths in Custody/Lockup of Persons Not Remanded to Police Custody by Court,0,0.0,0.0,0.0,0.0,0.0,0.0
92,Assam,2005,Persons Not Remand to Police Custody by Court,2. Deaths in Custody/Lockup of Persons Not Remanded to Police Custody by Court,0,0.0,0.0,0.0,0.0,0.0,0.0
93,Chandigarh,2005,Persons Not Remand to Police Custody by Court,2. Deaths in Custody/Lockup of Persons Not Remanded to Police Custody by Court,0,0.0,0.0,0.0,0.0,0.0,0.0
94,Chhattisgarh,2005,Persons Not Remand to Police Custody by Court,2. Deaths in Custody/Lockup of Persons Not Remanded to Police Custody by Court,0,0.0,0.0,0.0,0.0,0.0,0.0
95,Gujarat,2005,Persons Not Remand to Police Custody by Court,2. Deaths in Custody/Lockup of Persons Not Remanded to Police Custody by Court,10,4.0,0.0,0.0,10.0,0.0,0.0
96,Haryana,2005,Persons Not Remand to Police Custody by Court,2. Deaths in Custody/Lockup of Persons Not Remanded to Police Custody by Court,0,0.0,0.0,0.0,0.0,0.0,0.0
97,Himachal Pradesh,2005,Persons Not Remand to Police Custody by Court,2. Deaths in Custody/Lockup of Persons Not Remanded to Police Custody by Court,0,0.0,0.0,0.0,0.0,0.0,0.0
98,Jammu & Kashmir,2005,Persons Not Remand to Police Custody by Court,2. Deaths in Custody/Lockup of Persons Not Remanded to Police Custody by Court,1,1.0,0.0,0.0,1.0,0.0,0.0
99,Karnataka,2005,Persons Not Remand to Police Custody by Court,2. Deaths in Custody/Lockup of Persons Not Remanded to Police Custody by Court,1,0.0,0.0,0.0,0.0,2.0,0.0
100,Kerala,2005,Persons Not Remand to Police Custody by Court,2. Deaths in Custody/Lockup of Persons Not Remanded to Police Custody by Court,3,3.0,3.0,1.0,2.0,,
101,Madhya Pradesh,2005,Persons Not Remand to Police Custody by Court,2. Deaths in Custody/Lockup of Persons Not Remanded to Police Custody by Court,1,1.0,1.0,1.0,1.0,0.0,0.0
102,Maharashtra,2005,Persons Not Remand to Police Custody by Court,2. Deaths in Custody/Lockup of Persons Not Remanded to Police Custody by Court,8,8.0,1.0,0.0,0.0,0.0,0.0
103,Manipur,2005,Persons Not Remand to Police Custody by Court,2. Deaths in Custody/Lockup of Persons Not Remanded to Police Custody by Court,0,0.0,0.0,0.0,0.0,0.0,0.0
104,Meghalaya,2005,Persons Not Remand to Police Custody by Court,2. Deaths in Custody/Lockup of Persons Not Remanded to Police Custody by Court,0,0.0,0.0,0.0,0.0,0.0,0.0
105,Mizoram,2005,Persons Not Remand to Police Custody by Court,2. Deaths in Custody/Lockup of Persons Not Remanded to Police Custody by Court,0,0.0,0.0,0.0,0.0,0.0,0.0
106,Nagaland,2005,Persons Not Remand to Police Custody by Court,2. Deaths in Custody/Lockup of Persons Not Remanded to Police Custody by Court,0,0.0,0.0,0.0,0.0,0.0,0.0
107,Odisha,2005,Persons Not Remand to Police Custody by Court,2. Deaths in Custody/Lockup of Persons Not Remanded to Police Custody by Court,2,2.0,2.0,2.0,2.0,0.0,0.0
108,Punjab,2005,Persons Not Remand to Police Custody by Court,2. Deaths in Custody/Lockup of Persons Not Remanded to Police Custody by Court,1,1.0,1.0,0.0,1.0,0.0,0.0
109,Rajasthan,2005,Persons Not Remand to Police Custody by Court,2. Deaths in Custody/Lockup of Persons Not Remanded to Police Custody by Court,4,4.0,1.0,0.0,4.0,1.0,
110,Tamil Nadu,2005,Persons Not Remand to Police Custody by Court,2. Deaths in Custody/Lockup of Persons Not Remanded to Police Custody by Court,3,2.0,3.0,,2.0,,
111,Tripura,2005,Persons Not Remand to Police Custody by Court,2. Deaths in Custody/Lockup of Persons Not Remanded to Police Custody by Court,2,2.0,2.0,,1.0,,
112,Uttar Pradesh,2005,Persons Not Remand to Police Custody by Court,2. Deaths in Custody/Lockup of Persons Not Remanded to Police Custody by Court,8,8.0,8.0,0.0,7.0,1.0,3.0
113,West Bengal,2005,Persons Not Remand to Police Custody by Court,2. Deaths in Custody/Lockup of Persons Not Remanded to Police Custody by Court,6,6.0,0.0,0.0,6.0,0.0,0.0
114,Andhra Pradesh,2006,Persons Not Remand to Police Custody by Court,2. Deaths in Custody/Lockup of Persons Not Remanded to Police Custody by Court,11,11.0,11.0,0.0,0.0,0.0,0.0
115,Arunachal Pradesh,2006,Persons Not Remand to Police Custody by Court,2. Deaths in Custody/Lockup of Persons Not Remanded to Police Custody by Court,0,0.0,0.0,0.0,0.0,0.0,0.0
116,Assam,2006,Persons Not Remand to Police Custody by Court,2. Deaths in Custody/Lockup of Persons Not Remanded to Police Custody by Court,0,0.0,0.0,0.0,0.0,0.0,0.0
117,Chandigarh,2006,Persons Not Remand to Police Custody by Court,2. Deaths in Custody/Lockup of Persons Not Remanded to Police Custody by Court,0,0.0,0.0,0.0,0.0,0.0,0.0
118,Chhattisgarh,2006,Persons Not Remand to Police Custody by Court,2. Deaths in Custody/Lockup of Persons Not Remanded to Police Custody by Court,1,1.0,0.0,0.0,1.0,0.0,0.0
119,Delhi,2006,Persons Not Remand to Police Custody by Court,2. Deaths in Custody/Lockup of Persons Not Remanded to Police Custody by Court,1,1.0,,,1.0,,
120,Gujarat,2006,Persons Not Remand to Police Custody by Court,2. Deaths in Custody/Lockup of Persons Not Remanded to Police Custody by Court,7,2.0,1.0,2.0,3.0,0.0,0.0
121,Haryana,2006,Persons Not Remand to Police Custody by Court,2. Deaths in Custody/Lockup of Persons Not Remanded to Police Custody by Court,1,1.0,1.0,0.0,0.0,,
122,Himachal Pradesh,2006,Persons Not Remand to Police Custody by Court,2. Deaths in Custody/Lockup of Persons Not Remanded to Police Custody by Court,0,0.0,0.0,0.0,0.0,0.0,0.0
123,Jammu & Kashmir,2006,Persons Not Remand to Police Custody by Court,2. Deaths in Custody/Lockup of Persons Not Remanded to Police Custody by Court,0,0.0,0.0,0.0,0.0,0.0,0.0
124,Karnataka,2006,Persons Not Remand to Police Custody by Court,2. Deaths in Custody/Lockup of Persons Not Remanded to Police Custody by Court,2,2.0,0.0,0.0,2.0,0.0,0.0
125,Kerala,2006,Persons Not Remand to Police Custody by Court,2. Deaths in Custody/Lockup of Persons Not Remanded to Police Custody by Court,1,1.0,1.0,,,,
126,Madhya Pradesh,2006,Persons Not Remand to Police Custody by Court,2. Deaths in Custody/Lockup of Persons Not Remanded to Police Custody by Court,1,0.0,0.0,0.0,1.0,4.0,4.0
127,Maharashtra,2006,Persons Not Remand to Police Custody by Court,2. Deaths in Custody/Lockup of Persons Not Remanded to Police Custody by Court,9,9.0,1.0,,,,
128,Manipur,2006,Persons Not Remand to Police Custody by Court,2. Deaths in Custody/Lockup of Persons Not Remanded to Police Custody by Court,0,0.0,0.0,0.0,0.0,0.0,0.0
129,Meghalaya,2006,Persons Not Remand to Police Custody by Court,2. Deaths in Custody/Lockup of Persons Not Remanded to Police Custody by Court,0,0.0,0.0,0.0,0.0,0.0,0.0
130,Mizoram,2006,Persons Not Remand to Police Custody by Court,2. Deaths in Custody/Lockup of Persons Not Remanded to Police Custody by Court,0,0.0,0.0,0.0,0.0,0.0,0.0
131,Nagaland,2006,Persons Not Remand to Police Custody by Court,2. Deaths in Custody/Lockup of Persons Not Remanded to Police Custody by Court,0,0.0,0.0,0.0,0.0,0.0,0.0
132,Odisha,2006,Persons Not Remand to Police Custody by Court,2. Deaths in Custody/Lockup of Persons Not Remanded to Police Custody by Court,0,0.0,0.0,0.0,0.0,0.0,0.0
133,Rajasthan,2006,Persons Not Remand to Police Custody by Court,2. Deaths in Custody/Lockup of Persons Not Remanded to Police Custody by Court,2,2.0,1.0,,2.0,,
134,Tamil Nadu,2006,Persons Not Remand to Police Custody by Court,2. Deaths in Custody/Lockup of Persons Not Remanded to Police Custody by Court,4,,4.0,,4.0,,
135,Tripura,2006,Persons Not Remand to Police Custody by Court,2. Deaths in Custody/Lockup of Persons Not Remanded to Police Custody by Court,1,1.0,,,,,
136,Uttar Pradesh,2006,Persons Not Remand to Police Custody by Court,2. Deaths in Custody/Lockup of Persons Not Remanded to Police Custody by Court,6,6.0,6.0,0.0,4.0,2.0,7.0
137,West Bengal,2006,Persons Not Remand to Police Custody by Court,2. Deaths in Custody/Lockup of Persons Not Remanded to Police Custody by Court,4,4.0,0.0,0.0,4.0,0.0,0.0
138,Andhra Pradesh,2007,Persons Not Remand to Police Custody by Court,2. Deaths in Custody/Lockup of Persons Not Remanded to Police Custody by Court,5,5.0,5.0,0.0,1.0,0.0,0.0
139,Arunachal Pradesh,2007,Persons Not Remand to Police Custody by Court,2. Deaths in Custody/Lockup of Persons Not Remanded to Police Custody by Court,0,0.0,0.0,0.0,0.0,0.0,0.0
140,Assam,2007,Persons Not Remand to Police Custody by Court,2. Deaths in Custody/Lockup of Persons Not Remanded to Police Custody by Court,0,0.0,0.0,0.0,0.0,0.0,0.0
141,Bihar,2007,Persons Not Remand to Police Custody by Court,2. Deaths in Custody/Lockup of Persons Not Remanded to Police Custody by Court,0,0.0,0.0,0.0,0.0,0.0,0.0
142,Chandigarh,2007,Persons Not Remand to Police Custody by Court,2. Deaths in Custody/Lockup of Persons Not Remanded to Police Custody by Court,1,1.0,1.0,0.0,1.0,1.0,0.0
143,Chhattisgarh,2007,Persons Not Remand to Police Custody by Court,2. Deaths in Custody/Lockup of Persons Not Remanded to Police Custody by Court,1,1.0,1.0,1.0,1.0,2.0,0.0
144,Dadra & Nagar Haveli,2007,Persons Not Remand to Police Custody by Court,2. Deaths in Custody/Lockup of Persons Not Remanded to Police Custody by Court,1,1.0,,,1.0,,
145,Gujarat,2007,Persons Not Remand to Police Custody by Court,2. Deaths in Custody/Lockup of Persons Not Remanded to Police Custody by Court,12,7.0,1.0,4.0,8.0,0.0,0.0
146,Haryana,2007,Persons Not Remand to Police Custody by Court,2. Deaths in Custody/Lockup of Persons Not Remanded to Police Custody by Court,0,0.0,0.0,0.0,0.0,0.0,0.0
147,Himachal Pradesh,2007,Persons Not Remand to Police Custody by Court,2. Deaths in Custody/Lockup of Persons Not Remanded to Police Custody by Court,0,0.0,0.0,0.0,0.0,0.0,0.0
148,Jammu & Kashmir,2007,Persons Not Remand to Police Custody by Court,2. Deaths in Custody/Lockup of Persons Not Remanded to Police Custody by Court,1,1.0,1.0,0.0,1.0,0.0,0.0
149,Karnataka,2007,Persons Not Remand to Police Custody by Court,2. Deaths in Custody/Lockup of Persons Not Remanded to Police Custody by Court,0,0.0,0.0,0.0,0.0,0.0,0.0
150,Kerala,2007,Persons Not Remand to Police Custody by Court,2. Deaths in Custody/Lockup of Persons Not Remanded to Police Custody by Court,0,0.0,0.0,0.0,0.0,0.0,0.0
151,Madhya Pradesh,2007,Persons Not Remand to Police Custody by Court,2. Deaths in Custody/Lockup of Persons Not Remanded to Police Custody by Court,8,3.0,4.0,4.0,4.0,6.0,0.0
152,Maharashtra,2007,Persons Not Remand to Police Custody by Court,2. Deaths in Custody/Lockup of Persons Not Remanded to Police Custody by Court,8,8.0,0.0,0.0,0.0,0.0,0.0
153,Manipur,2007,Persons Not Remand to Police Custody by Court,2. Deaths in Custody/Lockup of Persons Not Remanded to Police Custody by Court,0,0.0,0.0,0.0,0.0,0.0,0.0
154,Meghalaya,2007,Persons Not Remand to Police Custody by Court,2. Deaths in Custody/Lockup of Persons Not Remanded to Police Custody by Court,0,0.0,0.0,0.0,0.0,0.0,0.0
155,Mizoram,2007,Persons Not Remand to Police Custody by Court,2. Deaths in Custody/Lockup of Persons Not Remanded to Police Custody by Court,0,0.0,0.0,0.0,0.0,0.0,0.0
156,Nagaland,2007,Persons Not Remand to Police Custody by Court,2. Deaths in Custody/Lockup of Persons Not Remanded to Police Custody by Court,3,3.0,1.0,1.0,0.0,0.0,0.0
157,Odisha,2007,Persons Not Remand to Police Custody by Court,2. Deaths in Custody/Lockup of Persons Not Remanded to Police Custody by Court,0,0.0,0.0,0.0,0.0,0.0,0.0
158,Rajasthan,2007,Persons Not Remand to Police Custody by Court,2. Deaths in Custody/Lockup of Persons Not Remanded to Police Custody by Court,2,2.0,1.0,,2.0,,
159,Tripura,2007,Persons Not Remand to Police Custody by Court,2. Deaths in Custody/Lockup of Persons Not Remanded to Police Custody by Court,0,0.0,0.0,0.0,0.0,0.0,0.0
160,Uttar Pradesh,2007,Persons Not Remand to Police Custody by Court,2. Deaths in Custody/Lockup of Persons Not Remanded to Police Custody by Court,11,11.0,9.0,0.0,9.0,19.0,
161,West Bengal,2007,Persons Not Remand to Police Custody by Court,2. Deaths in Custody/Lockup of Persons Not Remanded to Police Custody by Court,8,8.0,0.0,0.0,8.0,0.0,0.0
162,Andhra Pradesh,2008,Persons Not Remand to Police Custody by Court,2. Deaths in Custody/Lockup of Persons Not Remanded to Police Custody by Court,7,7.0,7.0,1.0,4.0,2.0,0.0
163,Arunachal Pradesh,2008,Persons Not Remand to Police Custody by Court,2. Deaths in Custody/Lockup of Persons Not Remanded to Police Custody by Court,0,0.0,0.0,0.0,0.0,0.0,0.0
164,Assam,2008,Persons Not Remand to Police Custody by Court,2. Deaths in Custody/Lockup of Persons Not Remanded to Police Custody by Court,0,0.0,0.0,0.0,0.0,0.0,0.0
165,Chandigarh,2008,Persons Not Remand to Police Custody by Court,2. Deaths in Custody/Lockup of Persons Not Remanded to Police Custody by Court,1,1.0,0.0,0.0,0.0,0.0,0.0
166,Chhattisgarh,2008,Persons Not Remand to Police Custody by Court,2. Deaths in Custody/Lockup of Persons Not Remanded to Police Custody by Court,0,0.0,0.0,0.0,0.0,0.0,0.0
167,Gujarat,2008,Persons Not Remand to Police Custody by Court,2. Deaths in Custody/Lockup of Persons Not Remanded to Police Custody by Court,13,13.0,1.0,6.0,5.0,1.0,0.0
168,Haryana,2008,Persons Not Remand to Police Custody by Court,2. Deaths in Custody/Lockup of Persons Not Remanded to Police Custody by Court,0,0.0,0.0,0.0,0.0,0.0,0.0
169,Himachal Pradesh,2008,Persons Not Remand to Police Custody by Court,2. Deaths in Custody/Lockup of Persons Not Remanded to Police Custody by Court,0,0.0,0.0,0.0,0.0,0.0,0.0
170,Jammu & Kashmir,2008,Persons Not Remand to Police Custody by Court,2. Deaths in Custody/Lockup of Persons Not Remanded to Police Custody by Court,1,1.0,1.0,0.0,1.0,0.0,0.0
171,Karnataka,2008,Persons Not Remand to Police Custody by Court,2. Deaths in Custody/Lockup of Persons Not Remanded to Police Custody by Court,1,1.0,1.0,0.0,1.0,7.0,0.0
172,Madhya Pradesh,2008,Persons Not Remand to Police Custody by Court,2. Deaths in Custody/Lockup of Persons Not Remanded to Police Custody by Court,4,1.0,0.0,1.0,2.0,0.0,0.0
173,Maharashtra,2008,Persons Not Remand to Police Custody by Court,2. Deaths in Custody/Lockup of Persons Not Remanded to Police Custody by Court,21,21.0,4.0,0.0,4.0,0.0,0.0
174,Manipur,2008,Persons Not Remand to Police Custody by Court,2. Deaths in Custody/Lockup of Persons Not Remanded to Police Custody by Court,0,0.0,0.0,0.0,0.0,0.0,0.0
175,Meghalaya,2008,Persons Not Remand to Police Custody by Court,2. Deaths in Custody/Lockup of Persons Not Remanded to Police Custody by Court,0,0.0,0.0,0.0,0.0,0.0,0.0
176,Mizoram,2008,Persons Not Remand to Police Custody by Court,2. Deaths in Custody/Lockup of Persons Not Remanded to Police Custody by Court,1,1.0,1.0,0.0,1.0,0.0,0.0
177,Nagaland,2008,Persons Not Remand to Police Custody by Court,2. Deaths in Custody/Lockup of Persons Not Remanded to Police Custody by Court,0,0.0,0.0,0.0,0.0,0.0,0.0
178,Odisha,2008,Persons Not Remand to Police Custody by Court,2. Deaths in Custody/Lockup of Persons Not Remanded to Police Custody by Court,1,1.0,1.0,0.0,1.0,0.0,0.0
179,Punjab,2008,Persons Not Remand to Police Custody by Court,2. Deaths in Custody/Lockup of Persons Not Remanded to Police Custody by Court,2,2.0,,1.0,2.0,,
180,Rajasthan,2008,Persons Not Remand to Police Custody by Court,2. Deaths in Custody/Lockup of Persons Not Remanded to Police Custody by Court,3,3.0,,,3.0,,
181,Tamil Nadu,2008,Persons Not Remand to Police Custody by Court,2. Deaths in Custody/Lockup of Persons Not Remanded to Police Custody by Court,1,1.0,1.0,,1.0,,
182,Uttar Pradesh,2008,Persons Not Remand to Police Custody by Court,2. Deaths in Custody/Lockup of Persons Not Remanded to Police Custody by Court,5,5.0,5.0,,5.0,16.0,
183,West Bengal,2008,Persons Not Remand to Police Custody by Court,2. Deaths in Custody/Lockup of Persons Not Remanded to Police Custody by Court,0,0.0,0.0,0.0,0.0,0.0,0.0
184,Andhra Pradesh,2009,Persons Not Remand to Police Custody by Court,2. Deaths in Custody/Lockup of Persons Not Remanded to Police Custody by Court,2,2.0,2.0,0.0,2.0,0.0,0.0
185,Arunachal Pradesh,2009,Persons Not Remand to Police Custody by Court,2. Deaths in Custody/Lockup of Persons Not Remanded to Police Custody by Court,0,0.0,0.0,0.0,0.0,0.0,0.0
186,Assam,2009,Persons Not Remand to Police Custody by Court,2. Deaths in Custody/Lockup of Persons Not Remanded to Police Custody by Court,0,0.0,0.0,0.0,0.0,0.0,0.0
187,Bihar,2009,Persons Not Remand to Police Custody by Court,2. Deaths in Custody/Lockup of Persons Not Remanded to Police Custody by Court,0,0.0,0.0,0.0,0.0,0.0,0.0
188,Chandigarh,2009,Persons Not Remand to Police Custody by Court,2. Deaths in Custody/Lockup of Persons Not Remanded to Police Custody by Court,1,1.0,0.0,1.0,1.0,0.0,0.0
189,Chhattisgarh,2009,Persons Not Remand to Police Custody by Court,2. Deaths in Custody/Lockup of Persons Not Remanded to Police Custody by Court,1,1.0,1.0,1.0,0.0,0.0,0.0
190,Gujarat,2009,Persons Not Remand to Police Custody by Court,2. Deaths in Custody/Lockup of Persons Not Remanded to Police Custody by Court,4,3.0,1.0,4.0,0.0,1.0,0.0
191,Haryana,2009,Persons Not Remand to Police Custody by Court,2. Deaths in Custody/Lockup of Persons Not Remanded to Police Custody by Court,0,0.0,0.0,0.0,0.0,0.0,0.0
192,Himachal Pradesh,2009,Persons Not Remand to Police Custody by Court,2. Deaths in Custody/Lockup of Persons Not Remanded to Police Custody by Court,0,0.0,0.0,0.0,0.0,0.0,0.0
193,Jammu & Kashmir,2009,Persons Not Remand to Police Custody by Court,2. Deaths in Custody/Lockup of Persons Not Remanded to Police Custody by Court,0,0.0,0.0,0.0,0.0,0.0,0.0
194,Karnataka,2009,Persons Not Remand to Police Custody by Court,2. Deaths in Custody/Lockup of Persons Not Remanded to Police Custody by Court,1,1.0,1.0,0.0,0.0,6.0,0.0
195,Madhya Pradesh,2009,Persons Not Remand to Police Custody by Court,2. Deaths in Custody/Lockup of Persons Not Remanded to Police Custody by Court,9,9.0,2.0,6.0,3.0,0.0,0.0
196,Maharashtra,2009,Persons Not Remand to Police Custody by Court,2. Deaths in Custody/Lockup of Persons Not Remanded to Police Custody by Court,18,18.0,1.0,1.0,5.0,0.0,0.0
197,Manipur,2009,Persons Not Remand to Police Custody by Court,2. Deaths in Custody/Lockup of Persons Not Remanded to Police Custody by Court,0,0.0,0.0,0.0,0.0,0.0,0.0
198,Meghalaya,2009,Persons Not Remand to Police Custody by Court,2. Deaths in Custody/Lockup of Persons Not Remanded to Police Custody by Court,1,1.0,1.0,0.0,1.0,0.0,0.0
199,Mizoram,2009,Persons Not Remand to Police Custody by Court,2. Deaths in Custody/Lockup of Persons Not Remanded to Police Custody by Court,1,1.0,1.0,,,,
200,Nagaland,2009,Persons Not Remand to Police Custody by Court,2. Deaths in Custody/Lockup of Persons Not Remanded to Police Custody by Court,0,0.0,0.0,0.0,0.0,0.0,0.0
201,Odisha,2009,Persons Not Remand to Police Custody by Court,2. Deaths in Custody/Lockup of Persons Not Remanded to Police Custody by Court,2,2.0,2.0,0.0,2.0,1.0,0.0
202,Punjab,2009,Persons Not Remand to Police Custody by Court,2. Deaths in Custody/Lockup of Persons Not Remanded to Police Custody by Court,4,4.0,1.0,2.0,2.0,,
203,Rajasthan,2009,Persons Not Remand to Police Custody by Court,2. Deaths in Custody/Lockup of Persons Not Remanded to Police Custody by Court,2,2.0,1.0,0.0,2.0,,
204,Tamil Nadu,2009,Persons Not Remand to Police Custody by Court,2. Deaths in Custody/Lockup of Persons Not Remanded to Police Custody by Court,5,5.0,1.0,3.0,5.0,,
205,Uttar Pradesh,2009,Persons Not Remand to Police Custody by Court,2. Deaths in Custody/Lockup of Persons Not Remanded to Police Custody by Court,6,6.0,6.0,0.0,6.0,4.0,4.0
206,West Bengal,2009,Persons Not Remand to Police Custody by Court,2. Deaths in Custody/Lockup of Persons Not Remanded to Police Custody by Court,2,2.0,2.0,0.0,2.0,0.0,0.0
207,Andhra Pradesh,2010,Persons Not Remand to Police Custody by Court,2. Deaths in Custody/Lockup of Persons Not Remanded to Police Custody by Court,4,3.0,4.0,2.0,4.0,1.0,0.0
208,Arunachal Pradesh,2010,Persons Not Remand to Police Custody by Court,2. Deaths in Custody/Lockup of Persons Not Remanded to Police Custody by Court,0,0.0,0.0,0.0,0.0,0.0,0.0
209,Assam,2010,Persons Not Remand to Police Custody by Court,2. Deaths in Custody/Lockup of Persons Not Remanded to Police Custody by Court,0,0.0,0.0,0.0,0.0,0.0,
210,Bihar,2010,Persons Not Remand to Police Custody by Court,2. Deaths in Custody/Lockup of Persons Not Remanded to Police Custody by Court,0,0.0,0.0,0.0,0.0,0.0,0.0
211,Chhattisgarh,2010,Persons Not Remand to Police Custody by Court,2. Deaths in Custody/Lockup of Persons Not Remanded to Police Custody by Court,0,0.0,0.0,0.0,0.0,0.0,0.0
212,Gujarat,2010,Persons Not Remand to Police Custody by Court,2. Deaths in Custody/Lockup of Persons Not Remanded to Police Custody by Court,3,3.0,1.0,2.0,1.0,4.0,0.0
213,Himachal Pradesh,2010,Persons Not Remand to Police Custody by Court,2. Deaths in Custody/Lockup of Persons Not Remanded to Police Custody by Court,0,0.0,0.0,0.0,0.0,0.0,0.0
214,Jammu & Kashmir,2010,Persons Not Remand to Police Custody by Court,2. Deaths in Custody/Lockup of Persons Not Remanded to Police Custody by Court,2,2.0,1.0,1.0,1.0,0.0,0.0
215,Karnataka,2010,Persons Not Remand to Police Custody by Court,2. Deaths in Custody/Lockup of Persons Not Remanded to Police Custody by Court,0,0.0,0.0,0.0,0.0,0.0,0.0
216,Kerala,2010,Persons Not Remand to Police Custody by Court,2. Deaths in Custody/Lockup of Persons Not Remanded to Police Custody by Court,1,1.0,1.0,0.0,1.0,0.0,0.0
217,Madhya Pradesh,2010,Persons Not Remand to Police Custody by Court,2. Deaths in Custody/Lockup of Persons Not Remanded to Police Custody by Court,2,2.0,1.0,2.0,,,
218,Maharashtra,2010,Persons Not Remand to Police Custody by Court,2. Deaths in Custody/Lockup of Persons Not Remanded to Police Custody by Court,18,18.0,3.0,0.0,0.0,0.0,0.0
219,Manipur,2010,Persons Not Remand to Police Custody by Court,2. Deaths in Custody/Lockup of Persons Not Remanded to Police Custody by Court,0,0.0,0.0,0.0,0.0,0.0,0.0
220,Meghalaya,2010,Persons Not Remand to Police Custody by Court,2. Deaths in Custody/Lockup of Persons Not Remanded to Police Custody by Court,0,0.0,0.0,0.0,0.0,0.0,0.0
221,Mizoram,2010,Persons Not Remand to Police Custody by Court,2. Deaths in Custody/Lockup of Persons Not Remanded to Police Custody by Court,0,0.0,0.0,0.0,0.0,0.0,0.0
222,Nagaland,2010,Persons Not Remand to Police Custody by Court,2. Deaths in Custody/Lockup of Persons Not Remanded to Police Custody by Court,1,1.0,1.0,1.0,0.0,0.0,0.0
223,Odisha,2010,Persons Not Remand to Police Custody by Court,2. Deaths in Custody/Lockup of Persons Not Remanded to Police Custody by Court,0,0.0,0.0,0.0,0.0,0.0,0.0
224,Punjab,2010,Persons Not Remand to Police Custody by Court,2. Deaths in Custody/Lockup of Persons Not Remanded to Police Custody by Court,2,2.0,,,2.0,,
225,Tamil Nadu,2010,Persons Not Remand to Police Custody by Court,2. Deaths in Custody/Lockup of Persons Not Remanded to Police Custody by Court,1,1.0,1.0,,1.0,,
226,Uttar Pradesh,2010,Persons Not Remand to Police Custody by Court,2. Deaths in Custody/Lockup of Persons Not Remanded to Police Custody by Court,9,9.0,8.0,1.0,8.0,19.0,3.0
227,West Bengal,2010,Persons Not Remand to Police Custody by Court,2. Deaths in Custody/Lockup of Persons Not Remanded to Police Custody by Court,2,2.0,2.0,0.0,2.0,0.0,0.0
